[0.073s] DEBUG:colcon:Command line arguments: ['/usr/bin/colcon', 'build']
[0.073s] DEBUG:colcon:Parsed command line arguments: Namespace(log_base=None, log_level=None, verb_name='build', build_base='build', install_base='install', merge_install=False, symlink_install=False, test_result_base=None, continue_on_error=False, executor='parallel', parallel_workers=20, event_handlers=None, ignore_user_meta=False, metas=['./colcon.meta'], base_paths=['.'], packages_ignore=None, packages_ignore_regex=None, paths=None, packages_up_to=None, packages_up_to_regex=None, packages_above=None, packages_above_and_dependencies=None, packages_above_depth=None, packages_select_by_dep=None, packages_skip_by_dep=None, packages_skip_up_to=None, packages_select_build_failed=False, packages_skip_build_finished=False, packages_select_test_failures=False, packages_skip_test_passed=False, packages_select=None, packages_skip=None, packages_select_regex=None, packages_skip_regex=None, packages_start=None, packages_end=None, allow_overriding=[], cmake_args=None, cmake_target=None, cmake_target_skip_unavailable=False, cmake_clean_cache=False, cmake_clean_first=False, cmake_force_configure=False, ament_cmake_args=None, catkin_cmake_args=None, catkin_skip_building_tests=False, mixin_files=None, mixin=None, verb_parser=<colcon_mixin.mixin.mixin_argument.MixinArgumentDecorator object at 0x7a6383f9c7d0>, verb_extension=<colcon_core.verb.build.BuildVerb object at 0x7a6383f9c530>, main=<bound method BuildVerb.main of <colcon_core.verb.build.BuildVerb object at 0x7a6383f9c530>>, mixin_verb=('build',))
[0.098s] Level 1:colcon.colcon_core.package_discovery:discover_packages(colcon_meta) check parameters
[0.098s] Level 1:colcon.colcon_core.package_discovery:discover_packages(recursive) check parameters
[0.098s] Level 1:colcon.colcon_core.package_discovery:discover_packages(ignore) check parameters
[0.098s] Level 1:colcon.colcon_core.package_discovery:discover_packages(path) check parameters
[0.098s] Level 1:colcon.colcon_core.package_discovery:discover_packages(colcon_meta) discover
[0.098s] Level 1:colcon.colcon_core.package_discovery:discover_packages(recursive) discover
[0.098s] INFO:colcon.colcon_core.package_discovery:Crawling recursively for packages in '/home/arnavb/erc_ws/src'
[0.098s] Level 1:colcon.colcon_core.package_identification:_identify(.) by extensions ['ignore', 'ignore_ament_install']
[0.098s] Level 1:colcon.colcon_core.package_identification:_identify(.) by extension 'ignore'
[0.098s] Level 1:colcon.colcon_core.package_identification:_identify(.) by extension 'ignore_ament_install'
[0.098s] Level 1:colcon.colcon_core.package_identification:_identify(.) by extensions ['colcon_pkg']
[0.098s] Level 1:colcon.colcon_core.package_identification:_identify(.) by extension 'colcon_pkg'
[0.098s] Level 1:colcon.colcon_core.package_identification:_identify(.) by extensions ['colcon_meta']
[0.098s] Level 1:colcon.colcon_core.package_identification:_identify(.) by extension 'colcon_meta'
[0.098s] Level 1:colcon.colcon_core.package_identification:_identify(.) by extensions ['ros']
[0.098s] Level 1:colcon.colcon_core.package_identification:_identify(.) by extension 'ros'
[0.116s] Level 1:colcon.colcon_core.package_identification:_identify(.) by extensions ['cmake', 'python']
[0.116s] Level 1:colcon.colcon_core.package_identification:_identify(.) by extension 'cmake'
[0.116s] Level 1:colcon.colcon_core.package_identification:_identify(.) by extension 'python'
[0.116s] Level 1:colcon.colcon_core.package_identification:_identify(.) by extensions ['python_setup_py']
[0.116s] Level 1:colcon.colcon_core.package_identification:_identify(.) by extension 'python_setup_py'
[0.116s] Level 1:colcon.colcon_core.package_identification:_identify(assgn) by extensions ['ignore', 'ignore_ament_install']
[0.116s] Level 1:colcon.colcon_core.package_identification:_identify(assgn) by extension 'ignore'
[0.116s] Level 1:colcon.colcon_core.package_identification:_identify(assgn) by extension 'ignore_ament_install'
[0.116s] Level 1:colcon.colcon_core.package_identification:_identify(assgn) by extensions ['colcon_pkg']
[0.116s] Level 1:colcon.colcon_core.package_identification:_identify(assgn) by extension 'colcon_pkg'
[0.116s] Level 1:colcon.colcon_core.package_identification:_identify(assgn) by extensions ['colcon_meta']
[0.116s] Level 1:colcon.colcon_core.package_identification:_identify(assgn) by extension 'colcon_meta'
[0.116s] Level 1:colcon.colcon_core.package_identification:_identify(assgn) by extensions ['ros']
[0.116s] Level 1:colcon.colcon_core.package_identification:_identify(assgn) by extension 'ros'
[0.118s] DEBUG:colcon.colcon_core.package_identification:Package 'assgn' with type 'ros.ament_python' and name 'assgn'
[0.118s] Level 1:colcon.colcon_core.package_identification:_identify(build) by extensions ['ignore', 'ignore_ament_install']
[0.118s] Level 1:colcon.colcon_core.package_identification:_identify(build) by extension 'ignore'
[0.118s] Level 1:colcon.colcon_core.package_identification:_identify(build) ignored
[0.118s] Level 1:colcon.colcon_core.package_identification:_identify(erc_gazebo_basics) by extensions ['ignore', 'ignore_ament_install']
[0.118s] Level 1:colcon.colcon_core.package_identification:_identify(erc_gazebo_basics) by extension 'ignore'
[0.118s] Level 1:colcon.colcon_core.package_identification:_identify(erc_gazebo_basics) by extension 'ignore_ament_install'
[0.118s] Level 1:colcon.colcon_core.package_identification:_identify(erc_gazebo_basics) by extensions ['colcon_pkg']
[0.118s] Level 1:colcon.colcon_core.package_identification:_identify(erc_gazebo_basics) by extension 'colcon_pkg'
[0.118s] Level 1:colcon.colcon_core.package_identification:_identify(erc_gazebo_basics) by extensions ['colcon_meta']
[0.118s] Level 1:colcon.colcon_core.package_identification:_identify(erc_gazebo_basics) by extension 'colcon_meta'
[0.118s] Level 1:colcon.colcon_core.package_identification:_identify(erc_gazebo_basics) by extensions ['ros']
[0.118s] Level 1:colcon.colcon_core.package_identification:_identify(erc_gazebo_basics) by extension 'ros'
[0.118s] DEBUG:colcon.colcon_core.package_identification:Package 'erc_gazebo_basics' with type 'ros.ament_cmake' and name 'erc_gazebo_basics'
[0.119s] Level 1:colcon.colcon_core.package_identification:_identify(erc_gazebo_sensors) by extensions ['ignore', 'ignore_ament_install']
[0.119s] Level 1:colcon.colcon_core.package_identification:_identify(erc_gazebo_sensors) by extension 'ignore'
[0.119s] Level 1:colcon.colcon_core.package_identification:_identify(erc_gazebo_sensors) by extension 'ignore_ament_install'
[0.119s] Level 1:colcon.colcon_core.package_identification:_identify(erc_gazebo_sensors) by extensions ['colcon_pkg']
[0.119s] Level 1:colcon.colcon_core.package_identification:_identify(erc_gazebo_sensors) by extension 'colcon_pkg'
[0.119s] Level 1:colcon.colcon_core.package_identification:_identify(erc_gazebo_sensors) by extensions ['colcon_meta']
[0.119s] Level 1:colcon.colcon_core.package_identification:_identify(erc_gazebo_sensors) by extension 'colcon_meta'
[0.119s] Level 1:colcon.colcon_core.package_identification:_identify(erc_gazebo_sensors) by extensions ['ros']
[0.119s] Level 1:colcon.colcon_core.package_identification:_identify(erc_gazebo_sensors) by extension 'ros'
[0.119s] DEBUG:colcon.colcon_core.package_identification:Package 'erc_gazebo_sensors' with type 'ros.ament_cmake' and name 'erc_gazebo_sensors'
[0.119s] Level 1:colcon.colcon_core.package_identification:_identify(erc_gazebo_sensors_py) by extensions ['ignore', 'ignore_ament_install']
[0.119s] Level 1:colcon.colcon_core.package_identification:_identify(erc_gazebo_sensors_py) by extension 'ignore'
[0.119s] Level 1:colcon.colcon_core.package_identification:_identify(erc_gazebo_sensors_py) by extension 'ignore_ament_install'
[0.119s] Level 1:colcon.colcon_core.package_identification:_identify(erc_gazebo_sensors_py) by extensions ['colcon_pkg']
[0.119s] Level 1:colcon.colcon_core.package_identification:_identify(erc_gazebo_sensors_py) by extension 'colcon_pkg'
[0.119s] Level 1:colcon.colcon_core.package_identification:_identify(erc_gazebo_sensors_py) by extensions ['colcon_meta']
[0.119s] Level 1:colcon.colcon_core.package_identification:_identify(erc_gazebo_sensors_py) by extension 'colcon_meta'
[0.119s] Level 1:colcon.colcon_core.package_identification:_identify(erc_gazebo_sensors_py) by extensions ['ros']
[0.119s] Level 1:colcon.colcon_core.package_identification:_identify(erc_gazebo_sensors_py) by extension 'ros'
[0.120s] DEBUG:colcon.colcon_core.package_identification:Package 'erc_gazebo_sensors_py' with type 'ros.ament_python' and name 'erc_gazebo_sensors_py'
[0.120s] Level 1:colcon.colcon_core.package_identification:_identify(erc_ros2_navigation) by extensions ['ignore', 'ignore_ament_install']
[0.120s] Level 1:colcon.colcon_core.package_identification:_identify(erc_ros2_navigation) by extension 'ignore'
[0.120s] Level 1:colcon.colcon_core.package_identification:_identify(erc_ros2_navigation) by extension 'ignore_ament_install'
[0.120s] Level 1:colcon.colcon_core.package_identification:_identify(erc_ros2_navigation) by extensions ['colcon_pkg']
[0.120s] Level 1:colcon.colcon_core.package_identification:_identify(erc_ros2_navigation) by extension 'colcon_pkg'
[0.120s] Level 1:colcon.colcon_core.package_identification:_identify(erc_ros2_navigation) by extensions ['colcon_meta']
[0.120s] Level 1:colcon.colcon_core.package_identification:_identify(erc_ros2_navigation) by extension 'colcon_meta'
[0.120s] Level 1:colcon.colcon_core.package_identification:_identify(erc_ros2_navigation) by extensions ['ros']
[0.120s] Level 1:colcon.colcon_core.package_identification:_identify(erc_ros2_navigation) by extension 'ros'
[0.120s] DEBUG:colcon.colcon_core.package_identification:Package 'erc_ros2_navigation' with type 'ros.ament_cmake' and name 'erc_ros2_navigation'
[0.120s] Level 1:colcon.colcon_core.package_identification:_identify(erc_ros2_navigation_py) by extensions ['ignore', 'ignore_ament_install']
[0.120s] Level 1:colcon.colcon_core.package_identification:_identify(erc_ros2_navigation_py) by extension 'ignore'
[0.120s] Level 1:colcon.colcon_core.package_identification:_identify(erc_ros2_navigation_py) by extension 'ignore_ament_install'
[0.120s] Level 1:colcon.colcon_core.package_identification:_identify(erc_ros2_navigation_py) by extensions ['colcon_pkg']
[0.120s] Level 1:colcon.colcon_core.package_identification:_identify(erc_ros2_navigation_py) by extension 'colcon_pkg'
[0.120s] Level 1:colcon.colcon_core.package_identification:_identify(erc_ros2_navigation_py) by extensions ['colcon_meta']
[0.120s] Level 1:colcon.colcon_core.package_identification:_identify(erc_ros2_navigation_py) by extension 'colcon_meta'
[0.120s] Level 1:colcon.colcon_core.package_identification:_identify(erc_ros2_navigation_py) by extensions ['ros']
[0.120s] Level 1:colcon.colcon_core.package_identification:_identify(erc_ros2_navigation_py) by extension 'ros'
[0.121s] DEBUG:colcon.colcon_core.package_identification:Package 'erc_ros2_navigation_py' with type 'ros.ament_python' and name 'erc_ros2_navigation_py'
[0.121s] Level 1:colcon.colcon_core.package_identification:_identify(erc_ros2_simple_arm) by extensions ['ignore', 'ignore_ament_install']
[0.121s] Level 1:colcon.colcon_core.package_identification:_identify(erc_ros2_simple_arm) by extension 'ignore'
[0.121s] Level 1:colcon.colcon_core.package_identification:_identify(erc_ros2_simple_arm) by extension 'ignore_ament_install'
[0.121s] Level 1:colcon.colcon_core.package_identification:_identify(erc_ros2_simple_arm) by extensions ['colcon_pkg']
[0.121s] Level 1:colcon.colcon_core.package_identification:_identify(erc_ros2_simple_arm) by extension 'colcon_pkg'
[0.121s] Level 1:colcon.colcon_core.package_identification:_identify(erc_ros2_simple_arm) by extensions ['colcon_meta']
[0.121s] Level 1:colcon.colcon_core.package_identification:_identify(erc_ros2_simple_arm) by extension 'colcon_meta'
[0.121s] Level 1:colcon.colcon_core.package_identification:_identify(erc_ros2_simple_arm) by extensions ['ros']
[0.121s] Level 1:colcon.colcon_core.package_identification:_identify(erc_ros2_simple_arm) by extension 'ros'
[0.121s] DEBUG:colcon.colcon_core.package_identification:Package 'erc_ros2_simple_arm' with type 'ros.ament_cmake' and name 'erc_ros2_simple_arm'
[0.121s] Level 1:colcon.colcon_core.package_identification:_identify(erc_ros2_simple_arm_py) by extensions ['ignore', 'ignore_ament_install']
[0.121s] Level 1:colcon.colcon_core.package_identification:_identify(erc_ros2_simple_arm_py) by extension 'ignore'
[0.121s] Level 1:colcon.colcon_core.package_identification:_identify(erc_ros2_simple_arm_py) by extension 'ignore_ament_install'
[0.121s] Level 1:colcon.colcon_core.package_identification:_identify(erc_ros2_simple_arm_py) by extensions ['colcon_pkg']
[0.121s] Level 1:colcon.colcon_core.package_identification:_identify(erc_ros2_simple_arm_py) by extension 'colcon_pkg'
[0.121s] Level 1:colcon.colcon_core.package_identification:_identify(erc_ros2_simple_arm_py) by extensions ['colcon_meta']
[0.121s] Level 1:colcon.colcon_core.package_identification:_identify(erc_ros2_simple_arm_py) by extension 'colcon_meta'
[0.121s] Level 1:colcon.colcon_core.package_identification:_identify(erc_ros2_simple_arm_py) by extensions ['ros']
[0.121s] Level 1:colcon.colcon_core.package_identification:_identify(erc_ros2_simple_arm_py) by extension 'ros'
[0.122s] DEBUG:colcon.colcon_core.package_identification:Package 'erc_ros2_simple_arm_py' with type 'ros.ament_python' and name 'erc_ros2_simple_arm_py'
[0.122s] Level 1:colcon.colcon_core.package_identification:_identify(erc_trajectory_server) by extensions ['ignore', 'ignore_ament_install']
[0.122s] Level 1:colcon.colcon_core.package_identification:_identify(erc_trajectory_server) by extension 'ignore'
[0.122s] Level 1:colcon.colcon_core.package_identification:_identify(erc_trajectory_server) by extension 'ignore_ament_install'
[0.122s] Level 1:colcon.colcon_core.package_identification:_identify(erc_trajectory_server) by extensions ['colcon_pkg']
[0.122s] Level 1:colcon.colcon_core.package_identification:_identify(erc_trajectory_server) by extension 'colcon_pkg'
[0.122s] Level 1:colcon.colcon_core.package_identification:_identify(erc_trajectory_server) by extensions ['colcon_meta']
[0.122s] Level 1:colcon.colcon_core.package_identification:_identify(erc_trajectory_server) by extension 'colcon_meta'
[0.122s] Level 1:colcon.colcon_core.package_identification:_identify(erc_trajectory_server) by extensions ['ros']
[0.122s] Level 1:colcon.colcon_core.package_identification:_identify(erc_trajectory_server) by extension 'ros'
[0.122s] DEBUG:colcon.colcon_core.package_identification:Package 'erc_trajectory_server' with type 'ros.ament_python' and name 'erc_trajectory_server'
[0.122s] Level 1:colcon.colcon_core.package_identification:_identify(explore) by extensions ['ignore', 'ignore_ament_install']
[0.122s] Level 1:colcon.colcon_core.package_identification:_identify(explore) by extension 'ignore'
[0.122s] Level 1:colcon.colcon_core.package_identification:_identify(explore) by extension 'ignore_ament_install'
[0.122s] Level 1:colcon.colcon_core.package_identification:_identify(explore) by extensions ['colcon_pkg']
[0.122s] Level 1:colcon.colcon_core.package_identification:_identify(explore) by extension 'colcon_pkg'
[0.122s] Level 1:colcon.colcon_core.package_identification:_identify(explore) by extensions ['colcon_meta']
[0.122s] Level 1:colcon.colcon_core.package_identification:_identify(explore) by extension 'colcon_meta'
[0.122s] Level 1:colcon.colcon_core.package_identification:_identify(explore) by extensions ['ros']
[0.122s] Level 1:colcon.colcon_core.package_identification:_identify(explore) by extension 'ros'
[0.123s] DEBUG:colcon.colcon_core.package_identification:Package 'explore' with type 'ros.ament_cmake' and name 'explore_lite'
[0.123s] Level 1:colcon.colcon_core.package_identification:_identify(install) by extensions ['ignore', 'ignore_ament_install']
[0.123s] Level 1:colcon.colcon_core.package_identification:_identify(install) by extension 'ignore'
[0.123s] Level 1:colcon.colcon_core.package_identification:_identify(install) ignored
[0.123s] Level 1:colcon.colcon_core.package_identification:_identify(log) by extensions ['ignore', 'ignore_ament_install']
[0.123s] Level 1:colcon.colcon_core.package_identification:_identify(log) by extension 'ignore'
[0.123s] Level 1:colcon.colcon_core.package_identification:_identify(log) ignored
[0.123s] Level 1:colcon.colcon_core.package_identification:_identify(mogi_trajectory_server) by extensions ['ignore', 'ignore_ament_install']
[0.123s] Level 1:colcon.colcon_core.package_identification:_identify(mogi_trajectory_server) by extension 'ignore'
[0.123s] Level 1:colcon.colcon_core.package_identification:_identify(mogi_trajectory_server) by extension 'ignore_ament_install'
[0.123s] Level 1:colcon.colcon_core.package_identification:_identify(mogi_trajectory_server) by extensions ['colcon_pkg']
[0.123s] Level 1:colcon.colcon_core.package_identification:_identify(mogi_trajectory_server) by extension 'colcon_pkg'
[0.123s] Level 1:colcon.colcon_core.package_identification:_identify(mogi_trajectory_server) by extensions ['colcon_meta']
[0.124s] Level 1:colcon.colcon_core.package_identification:_identify(mogi_trajectory_server) by extension 'colcon_meta'
[0.124s] Level 1:colcon.colcon_core.package_identification:_identify(mogi_trajectory_server) by extensions ['ros']
[0.124s] Level 1:colcon.colcon_core.package_identification:_identify(mogi_trajectory_server) by extension 'ros'
[0.124s] DEBUG:colcon.colcon_core.package_identification:Package 'mogi_trajectory_server' with type 'ros.ament_python' and name 'mogi_trajectory_server'
[0.124s] Level 1:colcon.colcon_core.package_discovery:discover_packages(recursive) using defaults
[0.124s] Level 1:colcon.colcon_core.package_discovery:discover_packages(ignore) discover
[0.124s] Level 1:colcon.colcon_core.package_discovery:discover_packages(ignore) using defaults
[0.124s] Level 1:colcon.colcon_core.package_discovery:discover_packages(path) discover
[0.124s] Level 1:colcon.colcon_core.package_discovery:discover_packages(path) using defaults
[0.137s] Level 1:colcon.colcon_core.package_discovery:discover_packages(prefix_path) check parameters
[0.137s] Level 1:colcon.colcon_core.package_discovery:discover_packages(prefix_path) discover
[0.139s] DEBUG:colcon.colcon_installed_package_information.package_discovery:Found 13 installed packages in /home/arnavb/erc_ws/src/install
[0.139s] DEBUG:colcon.colcon_installed_package_information.package_discovery:Found 4 installed packages in /home/arnavb/erc_ws/install
[0.139s] DEBUG:colcon.colcon_installed_package_information.package_discovery:Found 1 installed packages in /home/arnavb/erc_ws/src/erc_gazebo_basics/install
[0.141s] DEBUG:colcon.colcon_installed_package_information.package_discovery:Found 434 installed packages in /opt/ros/jazzy
[0.141s] Level 1:colcon.colcon_core.package_discovery:discover_packages(prefix_path) using defaults
[0.175s] Level 5:colcon.colcon_core.verb:set package 'assgn' build argument 'cmake_args' from command line to 'None'
[0.175s] Level 5:colcon.colcon_core.verb:set package 'assgn' build argument 'cmake_target' from command line to 'None'
[0.175s] Level 5:colcon.colcon_core.verb:set package 'assgn' build argument 'cmake_target_skip_unavailable' from command line to 'False'
[0.175s] Level 5:colcon.colcon_core.verb:set package 'assgn' build argument 'cmake_clean_cache' from command line to 'False'
[0.175s] Level 5:colcon.colcon_core.verb:set package 'assgn' build argument 'cmake_clean_first' from command line to 'False'
[0.175s] Level 5:colcon.colcon_core.verb:set package 'assgn' build argument 'cmake_force_configure' from command line to 'False'
[0.175s] Level 5:colcon.colcon_core.verb:set package 'assgn' build argument 'ament_cmake_args' from command line to 'None'
[0.175s] Level 5:colcon.colcon_core.verb:set package 'assgn' build argument 'catkin_cmake_args' from command line to 'None'
[0.175s] Level 5:colcon.colcon_core.verb:set package 'assgn' build argument 'catkin_skip_building_tests' from command line to 'False'
[0.175s] DEBUG:colcon.colcon_core.verb:Building package 'assgn' with the following arguments: {'ament_cmake_args': None, 'build_base': '/home/arnavb/erc_ws/src/build/assgn', 'catkin_cmake_args': None, 'catkin_skip_building_tests': False, 'cmake_args': None, 'cmake_clean_cache': False, 'cmake_clean_first': False, 'cmake_force_configure': False, 'cmake_target': None, 'cmake_target_skip_unavailable': False, 'install_base': '/home/arnavb/erc_ws/src/install/assgn', 'merge_install': False, 'path': '/home/arnavb/erc_ws/src/assgn', 'symlink_install': False, 'test_result_base': None}
[0.175s] Level 5:colcon.colcon_core.verb:set package 'erc_gazebo_basics' build argument 'cmake_args' from command line to 'None'
[0.175s] Level 5:colcon.colcon_core.verb:set package 'erc_gazebo_basics' build argument 'cmake_target' from command line to 'None'
[0.175s] Level 5:colcon.colcon_core.verb:set package 'erc_gazebo_basics' build argument 'cmake_target_skip_unavailable' from command line to 'False'
[0.175s] Level 5:colcon.colcon_core.verb:set package 'erc_gazebo_basics' build argument 'cmake_clean_cache' from command line to 'False'
[0.175s] Level 5:colcon.colcon_core.verb:set package 'erc_gazebo_basics' build argument 'cmake_clean_first' from command line to 'False'
[0.175s] Level 5:colcon.colcon_core.verb:set package 'erc_gazebo_basics' build argument 'cmake_force_configure' from command line to 'False'
[0.175s] Level 5:colcon.colcon_core.verb:set package 'erc_gazebo_basics' build argument 'ament_cmake_args' from command line to 'None'
[0.175s] Level 5:colcon.colcon_core.verb:set package 'erc_gazebo_basics' build argument 'catkin_cmake_args' from command line to 'None'
[0.175s] Level 5:colcon.colcon_core.verb:set package 'erc_gazebo_basics' build argument 'catkin_skip_building_tests' from command line to 'False'
[0.175s] DEBUG:colcon.colcon_core.verb:Building package 'erc_gazebo_basics' with the following arguments: {'ament_cmake_args': None, 'build_base': '/home/arnavb/erc_ws/src/build/erc_gazebo_basics', 'catkin_cmake_args': None, 'catkin_skip_building_tests': False, 'cmake_args': None, 'cmake_clean_cache': False, 'cmake_clean_first': False, 'cmake_force_configure': False, 'cmake_target': None, 'cmake_target_skip_unavailable': False, 'install_base': '/home/arnavb/erc_ws/src/install/erc_gazebo_basics', 'merge_install': False, 'path': '/home/arnavb/erc_ws/src/erc_gazebo_basics', 'symlink_install': False, 'test_result_base': None}
[0.176s] Level 5:colcon.colcon_core.verb:set package 'erc_gazebo_sensors' build argument 'cmake_args' from command line to 'None'
[0.176s] Level 5:colcon.colcon_core.verb:set package 'erc_gazebo_sensors' build argument 'cmake_target' from command line to 'None'
[0.176s] Level 5:colcon.colcon_core.verb:set package 'erc_gazebo_sensors' build argument 'cmake_target_skip_unavailable' from command line to 'False'
[0.176s] Level 5:colcon.colcon_core.verb:set package 'erc_gazebo_sensors' build argument 'cmake_clean_cache' from command line to 'False'
[0.176s] Level 5:colcon.colcon_core.verb:set package 'erc_gazebo_sensors' build argument 'cmake_clean_first' from command line to 'False'
[0.176s] Level 5:colcon.colcon_core.verb:set package 'erc_gazebo_sensors' build argument 'cmake_force_configure' from command line to 'False'
[0.176s] Level 5:colcon.colcon_core.verb:set package 'erc_gazebo_sensors' build argument 'ament_cmake_args' from command line to 'None'
[0.176s] Level 5:colcon.colcon_core.verb:set package 'erc_gazebo_sensors' build argument 'catkin_cmake_args' from command line to 'None'
[0.176s] Level 5:colcon.colcon_core.verb:set package 'erc_gazebo_sensors' build argument 'catkin_skip_building_tests' from command line to 'False'
[0.176s] DEBUG:colcon.colcon_core.verb:Building package 'erc_gazebo_sensors' with the following arguments: {'ament_cmake_args': None, 'build_base': '/home/arnavb/erc_ws/src/build/erc_gazebo_sensors', 'catkin_cmake_args': None, 'catkin_skip_building_tests': False, 'cmake_args': None, 'cmake_clean_cache': False, 'cmake_clean_first': False, 'cmake_force_configure': False, 'cmake_target': None, 'cmake_target_skip_unavailable': False, 'install_base': '/home/arnavb/erc_ws/src/install/erc_gazebo_sensors', 'merge_install': False, 'path': '/home/arnavb/erc_ws/src/erc_gazebo_sensors', 'symlink_install': False, 'test_result_base': None}
[0.176s] Level 5:colcon.colcon_core.verb:set package 'erc_gazebo_sensors_py' build argument 'cmake_args' from command line to 'None'
[0.176s] Level 5:colcon.colcon_core.verb:set package 'erc_gazebo_sensors_py' build argument 'cmake_target' from command line to 'None'
[0.176s] Level 5:colcon.colcon_core.verb:set package 'erc_gazebo_sensors_py' build argument 'cmake_target_skip_unavailable' from command line to 'False'
[0.176s] Level 5:colcon.colcon_core.verb:set package 'erc_gazebo_sensors_py' build argument 'cmake_clean_cache' from command line to 'False'
[0.176s] Level 5:colcon.colcon_core.verb:set package 'erc_gazebo_sensors_py' build argument 'cmake_clean_first' from command line to 'False'
[0.176s] Level 5:colcon.colcon_core.verb:set package 'erc_gazebo_sensors_py' build argument 'cmake_force_configure' from command line to 'False'
[0.176s] Level 5:colcon.colcon_core.verb:set package 'erc_gazebo_sensors_py' build argument 'ament_cmake_args' from command line to 'None'
[0.176s] Level 5:colcon.colcon_core.verb:set package 'erc_gazebo_sensors_py' build argument 'catkin_cmake_args' from command line to 'None'
[0.176s] Level 5:colcon.colcon_core.verb:set package 'erc_gazebo_sensors_py' build argument 'catkin_skip_building_tests' from command line to 'False'
[0.176s] DEBUG:colcon.colcon_core.verb:Building package 'erc_gazebo_sensors_py' with the following arguments: {'ament_cmake_args': None, 'build_base': '/home/arnavb/erc_ws/src/build/erc_gazebo_sensors_py', 'catkin_cmake_args': None, 'catkin_skip_building_tests': False, 'cmake_args': None, 'cmake_clean_cache': False, 'cmake_clean_first': False, 'cmake_force_configure': False, 'cmake_target': None, 'cmake_target_skip_unavailable': False, 'install_base': '/home/arnavb/erc_ws/src/install/erc_gazebo_sensors_py', 'merge_install': False, 'path': '/home/arnavb/erc_ws/src/erc_gazebo_sensors_py', 'symlink_install': False, 'test_result_base': None}
[0.176s] Level 5:colcon.colcon_core.verb:set package 'erc_ros2_navigation' build argument 'cmake_args' from command line to 'None'
[0.176s] Level 5:colcon.colcon_core.verb:set package 'erc_ros2_navigation' build argument 'cmake_target' from command line to 'None'
[0.176s] Level 5:colcon.colcon_core.verb:set package 'erc_ros2_navigation' build argument 'cmake_target_skip_unavailable' from command line to 'False'
[0.176s] Level 5:colcon.colcon_core.verb:set package 'erc_ros2_navigation' build argument 'cmake_clean_cache' from command line to 'False'
[0.176s] Level 5:colcon.colcon_core.verb:set package 'erc_ros2_navigation' build argument 'cmake_clean_first' from command line to 'False'
[0.176s] Level 5:colcon.colcon_core.verb:set package 'erc_ros2_navigation' build argument 'cmake_force_configure' from command line to 'False'
[0.176s] Level 5:colcon.colcon_core.verb:set package 'erc_ros2_navigation' build argument 'ament_cmake_args' from command line to 'None'
[0.176s] Level 5:colcon.colcon_core.verb:set package 'erc_ros2_navigation' build argument 'catkin_cmake_args' from command line to 'None'
[0.176s] Level 5:colcon.colcon_core.verb:set package 'erc_ros2_navigation' build argument 'catkin_skip_building_tests' from command line to 'False'
[0.176s] DEBUG:colcon.colcon_core.verb:Building package 'erc_ros2_navigation' with the following arguments: {'ament_cmake_args': None, 'build_base': '/home/arnavb/erc_ws/src/build/erc_ros2_navigation', 'catkin_cmake_args': None, 'catkin_skip_building_tests': False, 'cmake_args': None, 'cmake_clean_cache': False, 'cmake_clean_first': False, 'cmake_force_configure': False, 'cmake_target': None, 'cmake_target_skip_unavailable': False, 'install_base': '/home/arnavb/erc_ws/src/install/erc_ros2_navigation', 'merge_install': False, 'path': '/home/arnavb/erc_ws/src/erc_ros2_navigation', 'symlink_install': False, 'test_result_base': None}
[0.176s] Level 5:colcon.colcon_core.verb:set package 'erc_ros2_navigation_py' build argument 'cmake_args' from command line to 'None'
[0.176s] Level 5:colcon.colcon_core.verb:set package 'erc_ros2_navigation_py' build argument 'cmake_target' from command line to 'None'
[0.176s] Level 5:colcon.colcon_core.verb:set package 'erc_ros2_navigation_py' build argument 'cmake_target_skip_unavailable' from command line to 'False'
[0.176s] Level 5:colcon.colcon_core.verb:set package 'erc_ros2_navigation_py' build argument 'cmake_clean_cache' from command line to 'False'
[0.176s] Level 5:colcon.colcon_core.verb:set package 'erc_ros2_navigation_py' build argument 'cmake_clean_first' from command line to 'False'
[0.176s] Level 5:colcon.colcon_core.verb:set package 'erc_ros2_navigation_py' build argument 'cmake_force_configure' from command line to 'False'
[0.176s] Level 5:colcon.colcon_core.verb:set package 'erc_ros2_navigation_py' build argument 'ament_cmake_args' from command line to 'None'
[0.176s] Level 5:colcon.colcon_core.verb:set package 'erc_ros2_navigation_py' build argument 'catkin_cmake_args' from command line to 'None'
[0.176s] Level 5:colcon.colcon_core.verb:set package 'erc_ros2_navigation_py' build argument 'catkin_skip_building_tests' from command line to 'False'
[0.176s] DEBUG:colcon.colcon_core.verb:Building package 'erc_ros2_navigation_py' with the following arguments: {'ament_cmake_args': None, 'build_base': '/home/arnavb/erc_ws/src/build/erc_ros2_navigation_py', 'catkin_cmake_args': None, 'catkin_skip_building_tests': False, 'cmake_args': None, 'cmake_clean_cache': False, 'cmake_clean_first': False, 'cmake_force_configure': False, 'cmake_target': None, 'cmake_target_skip_unavailable': False, 'install_base': '/home/arnavb/erc_ws/src/install/erc_ros2_navigation_py', 'merge_install': False, 'path': '/home/arnavb/erc_ws/src/erc_ros2_navigation_py', 'symlink_install': False, 'test_result_base': None}
[0.176s] Level 5:colcon.colcon_core.verb:set package 'erc_ros2_simple_arm' build argument 'cmake_args' from command line to 'None'
[0.176s] Level 5:colcon.colcon_core.verb:set package 'erc_ros2_simple_arm' build argument 'cmake_target' from command line to 'None'
[0.177s] Level 5:colcon.colcon_core.verb:set package 'erc_ros2_simple_arm' build argument 'cmake_target_skip_unavailable' from command line to 'False'
[0.177s] Level 5:colcon.colcon_core.verb:set package 'erc_ros2_simple_arm' build argument 'cmake_clean_cache' from command line to 'False'
[0.177s] Level 5:colcon.colcon_core.verb:set package 'erc_ros2_simple_arm' build argument 'cmake_clean_first' from command line to 'False'
[0.177s] Level 5:colcon.colcon_core.verb:set package 'erc_ros2_simple_arm' build argument 'cmake_force_configure' from command line to 'False'
[0.177s] Level 5:colcon.colcon_core.verb:set package 'erc_ros2_simple_arm' build argument 'ament_cmake_args' from command line to 'None'
[0.177s] Level 5:colcon.colcon_core.verb:set package 'erc_ros2_simple_arm' build argument 'catkin_cmake_args' from command line to 'None'
[0.177s] Level 5:colcon.colcon_core.verb:set package 'erc_ros2_simple_arm' build argument 'catkin_skip_building_tests' from command line to 'False'
[0.177s] DEBUG:colcon.colcon_core.verb:Building package 'erc_ros2_simple_arm' with the following arguments: {'ament_cmake_args': None, 'build_base': '/home/arnavb/erc_ws/src/build/erc_ros2_simple_arm', 'catkin_cmake_args': None, 'catkin_skip_building_tests': False, 'cmake_args': None, 'cmake_clean_cache': False, 'cmake_clean_first': False, 'cmake_force_configure': False, 'cmake_target': None, 'cmake_target_skip_unavailable': False, 'install_base': '/home/arnavb/erc_ws/src/install/erc_ros2_simple_arm', 'merge_install': False, 'path': '/home/arnavb/erc_ws/src/erc_ros2_simple_arm', 'symlink_install': False, 'test_result_base': None}
[0.177s] Level 5:colcon.colcon_core.verb:set package 'erc_ros2_simple_arm_py' build argument 'cmake_args' from command line to 'None'
[0.177s] Level 5:colcon.colcon_core.verb:set package 'erc_ros2_simple_arm_py' build argument 'cmake_target' from command line to 'None'
[0.177s] Level 5:colcon.colcon_core.verb:set package 'erc_ros2_simple_arm_py' build argument 'cmake_target_skip_unavailable' from command line to 'False'
[0.177s] Level 5:colcon.colcon_core.verb:set package 'erc_ros2_simple_arm_py' build argument 'cmake_clean_cache' from command line to 'False'
[0.177s] Level 5:colcon.colcon_core.verb:set package 'erc_ros2_simple_arm_py' build argument 'cmake_clean_first' from command line to 'False'
[0.177s] Level 5:colcon.colcon_core.verb:set package 'erc_ros2_simple_arm_py' build argument 'cmake_force_configure' from command line to 'False'
[0.177s] Level 5:colcon.colcon_core.verb:set package 'erc_ros2_simple_arm_py' build argument 'ament_cmake_args' from command line to 'None'
[0.177s] Level 5:colcon.colcon_core.verb:set package 'erc_ros2_simple_arm_py' build argument 'catkin_cmake_args' from command line to 'None'
[0.177s] Level 5:colcon.colcon_core.verb:set package 'erc_ros2_simple_arm_py' build argument 'catkin_skip_building_tests' from command line to 'False'
[0.177s] DEBUG:colcon.colcon_core.verb:Building package 'erc_ros2_simple_arm_py' with the following arguments: {'ament_cmake_args': None, 'build_base': '/home/arnavb/erc_ws/src/build/erc_ros2_simple_arm_py', 'catkin_cmake_args': None, 'catkin_skip_building_tests': False, 'cmake_args': None, 'cmake_clean_cache': False, 'cmake_clean_first': False, 'cmake_force_configure': False, 'cmake_target': None, 'cmake_target_skip_unavailable': False, 'install_base': '/home/arnavb/erc_ws/src/install/erc_ros2_simple_arm_py', 'merge_install': False, 'path': '/home/arnavb/erc_ws/src/erc_ros2_simple_arm_py', 'symlink_install': False, 'test_result_base': None}
[0.177s] Level 5:colcon.colcon_core.verb:set package 'erc_trajectory_server' build argument 'cmake_args' from command line to 'None'
[0.177s] Level 5:colcon.colcon_core.verb:set package 'erc_trajectory_server' build argument 'cmake_target' from command line to 'None'
[0.177s] Level 5:colcon.colcon_core.verb:set package 'erc_trajectory_server' build argument 'cmake_target_skip_unavailable' from command line to 'False'
[0.177s] Level 5:colcon.colcon_core.verb:set package 'erc_trajectory_server' build argument 'cmake_clean_cache' from command line to 'False'
[0.177s] Level 5:colcon.colcon_core.verb:set package 'erc_trajectory_server' build argument 'cmake_clean_first' from command line to 'False'
[0.177s] Level 5:colcon.colcon_core.verb:set package 'erc_trajectory_server' build argument 'cmake_force_configure' from command line to 'False'
[0.177s] Level 5:colcon.colcon_core.verb:set package 'erc_trajectory_server' build argument 'ament_cmake_args' from command line to 'None'
[0.177s] Level 5:colcon.colcon_core.verb:set package 'erc_trajectory_server' build argument 'catkin_cmake_args' from command line to 'None'
[0.177s] Level 5:colcon.colcon_core.verb:set package 'erc_trajectory_server' build argument 'catkin_skip_building_tests' from command line to 'False'
[0.177s] DEBUG:colcon.colcon_core.verb:Building package 'erc_trajectory_server' with the following arguments: {'ament_cmake_args': None, 'build_base': '/home/arnavb/erc_ws/src/build/erc_trajectory_server', 'catkin_cmake_args': None, 'catkin_skip_building_tests': False, 'cmake_args': None, 'cmake_clean_cache': False, 'cmake_clean_first': False, 'cmake_force_configure': False, 'cmake_target': None, 'cmake_target_skip_unavailable': False, 'install_base': '/home/arnavb/erc_ws/src/install/erc_trajectory_server', 'merge_install': False, 'path': '/home/arnavb/erc_ws/src/erc_trajectory_server', 'symlink_install': False, 'test_result_base': None}
[0.177s] Level 5:colcon.colcon_core.verb:set package 'explore_lite' build argument 'cmake_args' from command line to 'None'
[0.177s] Level 5:colcon.colcon_core.verb:set package 'explore_lite' build argument 'cmake_target' from command line to 'None'
[0.177s] Level 5:colcon.colcon_core.verb:set package 'explore_lite' build argument 'cmake_target_skip_unavailable' from command line to 'False'
[0.177s] Level 5:colcon.colcon_core.verb:set package 'explore_lite' build argument 'cmake_clean_cache' from command line to 'False'
[0.177s] Level 5:colcon.colcon_core.verb:set package 'explore_lite' build argument 'cmake_clean_first' from command line to 'False'
[0.177s] Level 5:colcon.colcon_core.verb:set package 'explore_lite' build argument 'cmake_force_configure' from command line to 'False'
[0.177s] Level 5:colcon.colcon_core.verb:set package 'explore_lite' build argument 'ament_cmake_args' from command line to 'None'
[0.177s] Level 5:colcon.colcon_core.verb:set package 'explore_lite' build argument 'catkin_cmake_args' from command line to 'None'
[0.177s] Level 5:colcon.colcon_core.verb:set package 'explore_lite' build argument 'catkin_skip_building_tests' from command line to 'False'
[0.177s] DEBUG:colcon.colcon_core.verb:Building package 'explore_lite' with the following arguments: {'ament_cmake_args': None, 'build_base': '/home/arnavb/erc_ws/src/build/explore_lite', 'catkin_cmake_args': None, 'catkin_skip_building_tests': False, 'cmake_args': None, 'cmake_clean_cache': False, 'cmake_clean_first': False, 'cmake_force_configure': False, 'cmake_target': None, 'cmake_target_skip_unavailable': False, 'install_base': '/home/arnavb/erc_ws/src/install/explore_lite', 'merge_install': False, 'path': '/home/arnavb/erc_ws/src/explore', 'symlink_install': False, 'test_result_base': None}
[0.177s] Level 5:colcon.colcon_core.verb:set package 'mogi_trajectory_server' build argument 'cmake_args' from command line to 'None'
[0.177s] Level 5:colcon.colcon_core.verb:set package 'mogi_trajectory_server' build argument 'cmake_target' from command line to 'None'
[0.177s] Level 5:colcon.colcon_core.verb:set package 'mogi_trajectory_server' build argument 'cmake_target_skip_unavailable' from command line to 'False'
[0.177s] Level 5:colcon.colcon_core.verb:set package 'mogi_trajectory_server' build argument 'cmake_clean_cache' from command line to 'False'
[0.177s] Level 5:colcon.colcon_core.verb:set package 'mogi_trajectory_server' build argument 'cmake_clean_first' from command line to 'False'
[0.177s] Level 5:colcon.colcon_core.verb:set package 'mogi_trajectory_server' build argument 'cmake_force_configure' from command line to 'False'
[0.177s] Level 5:colcon.colcon_core.verb:set package 'mogi_trajectory_server' build argument 'ament_cmake_args' from command line to 'None'
[0.177s] Level 5:colcon.colcon_core.verb:set package 'mogi_trajectory_server' build argument 'catkin_cmake_args' from command line to 'None'
[0.177s] Level 5:colcon.colcon_core.verb:set package 'mogi_trajectory_server' build argument 'catkin_skip_building_tests' from command line to 'False'
[0.177s] DEBUG:colcon.colcon_core.verb:Building package 'mogi_trajectory_server' with the following arguments: {'ament_cmake_args': None, 'build_base': '/home/arnavb/erc_ws/src/build/mogi_trajectory_server', 'catkin_cmake_args': None, 'catkin_skip_building_tests': False, 'cmake_args': None, 'cmake_clean_cache': False, 'cmake_clean_first': False, 'cmake_force_configure': False, 'cmake_target': None, 'cmake_target_skip_unavailable': False, 'install_base': '/home/arnavb/erc_ws/src/install/mogi_trajectory_server', 'merge_install': False, 'path': '/home/arnavb/erc_ws/src/mogi_trajectory_server', 'symlink_install': False, 'test_result_base': None}
[0.178s] INFO:colcon.colcon_core.executor:Executing jobs using 'parallel' executor
[0.178s] DEBUG:colcon.colcon_parallel_executor.executor.parallel:run_until_complete
[0.178s] INFO:colcon.colcon_ros.task.ament_python.build:Building ROS package in '/home/arnavb/erc_ws/src/assgn' with build type 'ament_python'
[0.178s] Level 1:colcon.colcon_core.shell:create_environment_hook('assgn', 'ament_prefix_path')
[0.180s] INFO:colcon.colcon_core.plugin_system:Skipping extension 'colcon_core.shell.bat': Not used on non-Windows systems
[0.180s] INFO:colcon.colcon_core.shell:Creating environment hook '/home/arnavb/erc_ws/src/install/assgn/share/assgn/hook/ament_prefix_path.ps1'
[0.181s] INFO:colcon.colcon_core.shell:Creating environment descriptor '/home/arnavb/erc_ws/src/install/assgn/share/assgn/hook/ament_prefix_path.dsv'
[0.181s] INFO:colcon.colcon_core.shell:Creating environment hook '/home/arnavb/erc_ws/src/install/assgn/share/assgn/hook/ament_prefix_path.sh'
[0.181s] INFO:colcon.colcon_core.shell:Skip shell extension 'powershell' for command environment: Not usable outside of PowerShell
[0.181s] DEBUG:colcon.colcon_core.shell:Skip shell extension 'dsv' for command environment
[0.185s] INFO:colcon.colcon_ros.task.ament_cmake.build:Building ROS package in '/home/arnavb/erc_ws/src/erc_gazebo_basics' with build type 'ament_cmake'
[0.185s] INFO:colcon.colcon_cmake.task.cmake.build:Building CMake package in '/home/arnavb/erc_ws/src/erc_gazebo_basics'
[0.185s] INFO:colcon.colcon_core.shell:Skip shell extension 'powershell' for command environment: Not usable outside of PowerShell
[0.185s] DEBUG:colcon.colcon_core.shell:Skip shell extension 'dsv' for command environment
[0.188s] INFO:colcon.colcon_ros.task.ament_cmake.build:Building ROS package in '/home/arnavb/erc_ws/src/erc_gazebo_sensors' with build type 'ament_cmake'
[0.188s] INFO:colcon.colcon_cmake.task.cmake.build:Building CMake package in '/home/arnavb/erc_ws/src/erc_gazebo_sensors'
[0.188s] INFO:colcon.colcon_core.shell:Skip shell extension 'powershell' for command environment: Not usable outside of PowerShell
[0.188s] DEBUG:colcon.colcon_core.shell:Skip shell extension 'dsv' for command environment
[0.191s] INFO:colcon.colcon_ros.task.ament_python.build:Building ROS package in '/home/arnavb/erc_ws/src/erc_gazebo_sensors_py' with build type 'ament_python'
[0.191s] Level 1:colcon.colcon_core.shell:create_environment_hook('erc_gazebo_sensors_py', 'ament_prefix_path')
[0.191s] INFO:colcon.colcon_core.shell:Creating environment hook '/home/arnavb/erc_ws/src/install/erc_gazebo_sensors_py/share/erc_gazebo_sensors_py/hook/ament_prefix_path.ps1'
[0.192s] INFO:colcon.colcon_core.shell:Creating environment descriptor '/home/arnavb/erc_ws/src/install/erc_gazebo_sensors_py/share/erc_gazebo_sensors_py/hook/ament_prefix_path.dsv'
[0.192s] INFO:colcon.colcon_core.shell:Creating environment hook '/home/arnavb/erc_ws/src/install/erc_gazebo_sensors_py/share/erc_gazebo_sensors_py/hook/ament_prefix_path.sh'
[0.192s] INFO:colcon.colcon_core.shell:Skip shell extension 'powershell' for command environment: Not usable outside of PowerShell
[0.192s] DEBUG:colcon.colcon_core.shell:Skip shell extension 'dsv' for command environment
[0.195s] INFO:colcon.colcon_ros.task.ament_cmake.build:Building ROS package in '/home/arnavb/erc_ws/src/erc_ros2_navigation' with build type 'ament_cmake'
[0.195s] INFO:colcon.colcon_cmake.task.cmake.build:Building CMake package in '/home/arnavb/erc_ws/src/erc_ros2_navigation'
[0.195s] INFO:colcon.colcon_core.shell:Skip shell extension 'powershell' for command environment: Not usable outside of PowerShell
[0.195s] DEBUG:colcon.colcon_core.shell:Skip shell extension 'dsv' for command environment
[0.198s] INFO:colcon.colcon_ros.task.ament_python.build:Building ROS package in '/home/arnavb/erc_ws/src/erc_ros2_navigation_py' with build type 'ament_python'
[0.198s] Level 1:colcon.colcon_core.shell:create_environment_hook('erc_ros2_navigation_py', 'ament_prefix_path')
[0.199s] INFO:colcon.colcon_core.shell:Creating environment hook '/home/arnavb/erc_ws/src/install/erc_ros2_navigation_py/share/erc_ros2_navigation_py/hook/ament_prefix_path.ps1'
[0.199s] INFO:colcon.colcon_core.shell:Creating environment descriptor '/home/arnavb/erc_ws/src/install/erc_ros2_navigation_py/share/erc_ros2_navigation_py/hook/ament_prefix_path.dsv'
[0.199s] INFO:colcon.colcon_core.shell:Creating environment hook '/home/arnavb/erc_ws/src/install/erc_ros2_navigation_py/share/erc_ros2_navigation_py/hook/ament_prefix_path.sh'
[0.199s] INFO:colcon.colcon_core.shell:Skip shell extension 'powershell' for command environment: Not usable outside of PowerShell
[0.199s] DEBUG:colcon.colcon_core.shell:Skip shell extension 'dsv' for command environment
[0.202s] INFO:colcon.colcon_ros.task.ament_cmake.build:Building ROS package in '/home/arnavb/erc_ws/src/erc_ros2_simple_arm' with build type 'ament_cmake'
[0.202s] INFO:colcon.colcon_cmake.task.cmake.build:Building CMake package in '/home/arnavb/erc_ws/src/erc_ros2_simple_arm'
[0.202s] INFO:colcon.colcon_core.shell:Skip shell extension 'powershell' for command environment: Not usable outside of PowerShell
[0.202s] DEBUG:colcon.colcon_core.shell:Skip shell extension 'dsv' for command environment
[0.205s] INFO:colcon.colcon_ros.task.ament_python.build:Building ROS package in '/home/arnavb/erc_ws/src/erc_ros2_simple_arm_py' with build type 'ament_python'
[0.205s] Level 1:colcon.colcon_core.shell:create_environment_hook('erc_ros2_simple_arm_py', 'ament_prefix_path')
[0.206s] INFO:colcon.colcon_core.shell:Creating environment hook '/home/arnavb/erc_ws/src/install/erc_ros2_simple_arm_py/share/erc_ros2_simple_arm_py/hook/ament_prefix_path.ps1'
[0.206s] INFO:colcon.colcon_core.shell:Creating environment descriptor '/home/arnavb/erc_ws/src/install/erc_ros2_simple_arm_py/share/erc_ros2_simple_arm_py/hook/ament_prefix_path.dsv'
[0.206s] INFO:colcon.colcon_core.shell:Creating environment hook '/home/arnavb/erc_ws/src/install/erc_ros2_simple_arm_py/share/erc_ros2_simple_arm_py/hook/ament_prefix_path.sh'
[0.206s] INFO:colcon.colcon_core.shell:Skip shell extension 'powershell' for command environment: Not usable outside of PowerShell
[0.206s] DEBUG:colcon.colcon_core.shell:Skip shell extension 'dsv' for command environment
[0.217s] INFO:colcon.colcon_ros.task.ament_python.build:Building ROS package in '/home/arnavb/erc_ws/src/erc_trajectory_server' with build type 'ament_python'
[0.217s] Level 1:colcon.colcon_core.shell:create_environment_hook('erc_trajectory_server', 'ament_prefix_path')
[0.217s] INFO:colcon.colcon_core.shell:Creating environment hook '/home/arnavb/erc_ws/src/install/erc_trajectory_server/share/erc_trajectory_server/hook/ament_prefix_path.ps1'
[0.217s] INFO:colcon.colcon_core.shell:Creating environment descriptor '/home/arnavb/erc_ws/src/install/erc_trajectory_server/share/erc_trajectory_server/hook/ament_prefix_path.dsv'
[0.217s] INFO:colcon.colcon_core.shell:Creating environment hook '/home/arnavb/erc_ws/src/install/erc_trajectory_server/share/erc_trajectory_server/hook/ament_prefix_path.sh'
[0.218s] INFO:colcon.colcon_core.shell:Skip shell extension 'powershell' for command environment: Not usable outside of PowerShell
[0.218s] DEBUG:colcon.colcon_core.shell:Skip shell extension 'dsv' for command environment
[0.221s] INFO:colcon.colcon_ros.task.ament_cmake.build:Building ROS package in '/home/arnavb/erc_ws/src/explore' with build type 'ament_cmake'
[0.221s] INFO:colcon.colcon_cmake.task.cmake.build:Building CMake package in '/home/arnavb/erc_ws/src/explore'
[0.221s] INFO:colcon.colcon_core.shell:Skip shell extension 'powershell' for command environment: Not usable outside of PowerShell
[0.221s] DEBUG:colcon.colcon_core.shell:Skip shell extension 'dsv' for command environment
[0.224s] INFO:colcon.colcon_ros.task.ament_python.build:Building ROS package in '/home/arnavb/erc_ws/src/mogi_trajectory_server' with build type 'ament_python'
[0.224s] Level 1:colcon.colcon_core.shell:create_environment_hook('mogi_trajectory_server', 'ament_prefix_path')
[0.224s] INFO:colcon.colcon_core.shell:Creating environment hook '/home/arnavb/erc_ws/src/install/mogi_trajectory_server/share/mogi_trajectory_server/hook/ament_prefix_path.ps1'
[0.224s] INFO:colcon.colcon_core.shell:Creating environment descriptor '/home/arnavb/erc_ws/src/install/mogi_trajectory_server/share/mogi_trajectory_server/hook/ament_prefix_path.dsv'
[0.224s] INFO:colcon.colcon_core.shell:Creating environment hook '/home/arnavb/erc_ws/src/install/mogi_trajectory_server/share/mogi_trajectory_server/hook/ament_prefix_path.sh'
[0.225s] INFO:colcon.colcon_core.shell:Skip shell extension 'powershell' for command environment: Not usable outside of PowerShell
[0.225s] DEBUG:colcon.colcon_core.shell:Skip shell extension 'dsv' for command environment
[0.378s] INFO:colcon.colcon_core.task.python.build:Building Python package in '/home/arnavb/erc_ws/src/assgn'
[0.379s] INFO:colcon.colcon_core.shell:Skip shell extension 'powershell' for command environment: Not usable outside of PowerShell
[0.379s] DEBUG:colcon.colcon_core.shell:Skip shell extension 'dsv' for command environment
[0.386s] DEBUG:colcon.colcon_core.event_handler.log_command:Invoking command in '/home/arnavb/erc_ws/src/build/erc_gazebo_basics': CMAKE_PREFIX_PATH=${CMAKE_PREFIX_PATH}:/home/arnavb/erc_ws/src/install/week1_tutorials:/home/arnavb/erc_ws/src/install/stark_os:/home/arnavb/erc_ws/src/install/mogi_trajectory_server:/home/arnavb/erc_ws/src/install/erc_trajectory_server:/home/arnavb/erc_ws/src/install/erc_ros2_simple_arm_py:/home/arnavb/erc_ws/src/install/erc_ros2_navigation_py:/home/arnavb/erc_ws/src/install/erc_gazebo_sensors_py:/home/arnavb/erc_ws/src/install/assgn:/home/arnavb/erc_ws/install/week1_tutorials:/home/arnavb/erc_ws/install/stark_os:/home/arnavb/erc_ws/install/mogi_trajectory_server:/opt/ros/jazzy DEBUGINFOD_URLS=https://debuginfod.ubuntu.com /usr/bin/cmake --build /home/arnavb/erc_ws/src/build/erc_gazebo_basics -- -j20 -l20
[0.388s] DEBUG:colcon.colcon_core.event_handler.log_command:Invoking command in '/home/arnavb/erc_ws/src/build/erc_gazebo_sensors': CMAKE_PREFIX_PATH=${CMAKE_PREFIX_PATH}:/home/arnavb/erc_ws/src/install/week1_tutorials:/home/arnavb/erc_ws/src/install/stark_os:/home/arnavb/erc_ws/src/install/mogi_trajectory_server:/home/arnavb/erc_ws/src/install/erc_trajectory_server:/home/arnavb/erc_ws/src/install/erc_ros2_simple_arm_py:/home/arnavb/erc_ws/src/install/erc_ros2_navigation_py:/home/arnavb/erc_ws/src/install/erc_gazebo_sensors_py:/home/arnavb/erc_ws/src/install/assgn:/home/arnavb/erc_ws/install/week1_tutorials:/home/arnavb/erc_ws/install/stark_os:/home/arnavb/erc_ws/install/mogi_trajectory_server:/opt/ros/jazzy DEBUGINFOD_URLS=https://debuginfod.ubuntu.com /usr/bin/cmake --build /home/arnavb/erc_ws/src/build/erc_gazebo_sensors -- -j20 -l20
[0.541s] INFO:colcon.colcon_core.task.python.build:Building Python package in '/home/arnavb/erc_ws/src/erc_gazebo_sensors_py'
[0.541s] INFO:colcon.colcon_core.shell:Skip shell extension 'powershell' for command environment: Not usable outside of PowerShell
[0.541s] DEBUG:colcon.colcon_core.shell:Skip shell extension 'dsv' for command environment
[0.546s] DEBUG:colcon.colcon_core.event_handler.log_command:Invoking command in '/home/arnavb/erc_ws/src/build/erc_ros2_navigation': CMAKE_PREFIX_PATH=${CMAKE_PREFIX_PATH}:/home/arnavb/erc_ws/src/install/week1_tutorials:/home/arnavb/erc_ws/src/install/stark_os:/home/arnavb/erc_ws/src/install/mogi_trajectory_server:/home/arnavb/erc_ws/src/install/erc_trajectory_server:/home/arnavb/erc_ws/src/install/erc_ros2_simple_arm_py:/home/arnavb/erc_ws/src/install/erc_ros2_navigation_py:/home/arnavb/erc_ws/src/install/erc_gazebo_sensors_py:/home/arnavb/erc_ws/src/install/assgn:/home/arnavb/erc_ws/install/week1_tutorials:/home/arnavb/erc_ws/install/stark_os:/home/arnavb/erc_ws/install/mogi_trajectory_server:/opt/ros/jazzy DEBUGINFOD_URLS=https://debuginfod.ubuntu.com /usr/bin/cmake --build /home/arnavb/erc_ws/src/build/erc_ros2_navigation -- -j20 -l20
[0.692s] INFO:colcon.colcon_core.task.python.build:Building Python package in '/home/arnavb/erc_ws/src/erc_ros2_navigation_py'
[0.693s] INFO:colcon.colcon_core.shell:Skip shell extension 'powershell' for command environment: Not usable outside of PowerShell
[0.693s] DEBUG:colcon.colcon_core.shell:Skip shell extension 'dsv' for command environment
[0.698s] DEBUG:colcon.colcon_core.event_handler.log_command:Invoking command in '/home/arnavb/erc_ws/src/build/erc_ros2_simple_arm': CMAKE_PREFIX_PATH=${CMAKE_PREFIX_PATH}:/home/arnavb/erc_ws/src/install/week1_tutorials:/home/arnavb/erc_ws/src/install/stark_os:/home/arnavb/erc_ws/src/install/mogi_trajectory_server:/home/arnavb/erc_ws/src/install/erc_trajectory_server:/home/arnavb/erc_ws/src/install/erc_ros2_simple_arm_py:/home/arnavb/erc_ws/src/install/erc_ros2_navigation_py:/home/arnavb/erc_ws/src/install/erc_gazebo_sensors_py:/home/arnavb/erc_ws/src/install/assgn:/home/arnavb/erc_ws/install/week1_tutorials:/home/arnavb/erc_ws/install/stark_os:/home/arnavb/erc_ws/install/mogi_trajectory_server:/opt/ros/jazzy DEBUGINFOD_URLS=https://debuginfod.ubuntu.com /usr/bin/cmake --build /home/arnavb/erc_ws/src/build/erc_ros2_simple_arm -- -j20 -l20
[0.847s] INFO:colcon.colcon_core.task.python.build:Building Python package in '/home/arnavb/erc_ws/src/erc_ros2_simple_arm_py'
[0.847s] INFO:colcon.colcon_core.shell:Skip shell extension 'powershell' for command environment: Not usable outside of PowerShell
[0.847s] DEBUG:colcon.colcon_core.shell:Skip shell extension 'dsv' for command environment
[0.997s] INFO:colcon.colcon_core.task.python.build:Building Python package in '/home/arnavb/erc_ws/src/erc_trajectory_server'
[0.997s] INFO:colcon.colcon_core.shell:Skip shell extension 'powershell' for command environment: Not usable outside of PowerShell
[0.997s] DEBUG:colcon.colcon_core.shell:Skip shell extension 'dsv' for command environment
[1.003s] DEBUG:colcon.colcon_core.event_handler.log_command:Invoking command in '/home/arnavb/erc_ws/src/build/explore_lite': CMAKE_PREFIX_PATH=${CMAKE_PREFIX_PATH}:/home/arnavb/erc_ws/src/install/week1_tutorials:/home/arnavb/erc_ws/src/install/stark_os:/home/arnavb/erc_ws/src/install/mogi_trajectory_server:/home/arnavb/erc_ws/src/install/erc_trajectory_server:/home/arnavb/erc_ws/src/install/erc_ros2_simple_arm_py:/home/arnavb/erc_ws/src/install/erc_ros2_navigation_py:/home/arnavb/erc_ws/src/install/erc_gazebo_sensors_py:/home/arnavb/erc_ws/src/install/assgn:/home/arnavb/erc_ws/install/week1_tutorials:/home/arnavb/erc_ws/install/stark_os:/home/arnavb/erc_ws/install/mogi_trajectory_server:/opt/ros/jazzy DEBUGINFOD_URLS=https://debuginfod.ubuntu.com /usr/bin/cmake --build /home/arnavb/erc_ws/src/build/explore_lite -- -j20 -l20
[1.008s] DEBUG:colcon.colcon_core.event_handler.log_command:Invoked command in '/home/arnavb/erc_ws/src/build/erc_gazebo_sensors' returned '0': CMAKE_PREFIX_PATH=${CMAKE_PREFIX_PATH}:/home/arnavb/erc_ws/src/install/week1_tutorials:/home/arnavb/erc_ws/src/install/stark_os:/home/arnavb/erc_ws/src/install/mogi_trajectory_server:/home/arnavb/erc_ws/src/install/erc_trajectory_server:/home/arnavb/erc_ws/src/install/erc_ros2_simple_arm_py:/home/arnavb/erc_ws/src/install/erc_ros2_navigation_py:/home/arnavb/erc_ws/src/install/erc_gazebo_sensors_py:/home/arnavb/erc_ws/src/install/assgn:/home/arnavb/erc_ws/install/week1_tutorials:/home/arnavb/erc_ws/install/stark_os:/home/arnavb/erc_ws/install/mogi_trajectory_server:/opt/ros/jazzy DEBUGINFOD_URLS=https://debuginfod.ubuntu.com /usr/bin/cmake --build /home/arnavb/erc_ws/src/build/erc_gazebo_sensors -- -j20 -l20
[1.015s] DEBUG:colcon.colcon_core.event_handler.log_command:Invoking command in '/home/arnavb/erc_ws/src/build/erc_gazebo_sensors': CMAKE_PREFIX_PATH=${CMAKE_PREFIX_PATH}:/home/arnavb/erc_ws/src/install/week1_tutorials:/home/arnavb/erc_ws/src/install/stark_os:/home/arnavb/erc_ws/src/install/mogi_trajectory_server:/home/arnavb/erc_ws/src/install/erc_trajectory_server:/home/arnavb/erc_ws/src/install/erc_ros2_simple_arm_py:/home/arnavb/erc_ws/src/install/erc_ros2_navigation_py:/home/arnavb/erc_ws/src/install/erc_gazebo_sensors_py:/home/arnavb/erc_ws/src/install/assgn:/home/arnavb/erc_ws/install/week1_tutorials:/home/arnavb/erc_ws/install/stark_os:/home/arnavb/erc_ws/install/mogi_trajectory_server:/opt/ros/jazzy DEBUGINFOD_URLS=https://debuginfod.ubuntu.com /usr/bin/cmake --install /home/arnavb/erc_ws/src/build/erc_gazebo_sensors
[1.015s] DEBUG:colcon.colcon_core.event_handler.log_command:Invoked command in '/home/arnavb/erc_ws/src/build/erc_gazebo_basics' returned '0': CMAKE_PREFIX_PATH=${CMAKE_PREFIX_PATH}:/home/arnavb/erc_ws/src/install/week1_tutorials:/home/arnavb/erc_ws/src/install/stark_os:/home/arnavb/erc_ws/src/install/mogi_trajectory_server:/home/arnavb/erc_ws/src/install/erc_trajectory_server:/home/arnavb/erc_ws/src/install/erc_ros2_simple_arm_py:/home/arnavb/erc_ws/src/install/erc_ros2_navigation_py:/home/arnavb/erc_ws/src/install/erc_gazebo_sensors_py:/home/arnavb/erc_ws/src/install/assgn:/home/arnavb/erc_ws/install/week1_tutorials:/home/arnavb/erc_ws/install/stark_os:/home/arnavb/erc_ws/install/mogi_trajectory_server:/opt/ros/jazzy DEBUGINFOD_URLS=https://debuginfod.ubuntu.com /usr/bin/cmake --build /home/arnavb/erc_ws/src/build/erc_gazebo_basics -- -j20 -l20
[1.016s] DEBUG:colcon.colcon_core.event_handler.log_command:Invoking command in '/home/arnavb/erc_ws/src/build/erc_gazebo_basics': CMAKE_PREFIX_PATH=${CMAKE_PREFIX_PATH}:/home/arnavb/erc_ws/src/install/week1_tutorials:/home/arnavb/erc_ws/src/install/stark_os:/home/arnavb/erc_ws/src/install/mogi_trajectory_server:/home/arnavb/erc_ws/src/install/erc_trajectory_server:/home/arnavb/erc_ws/src/install/erc_ros2_simple_arm_py:/home/arnavb/erc_ws/src/install/erc_ros2_navigation_py:/home/arnavb/erc_ws/src/install/erc_gazebo_sensors_py:/home/arnavb/erc_ws/src/install/assgn:/home/arnavb/erc_ws/install/week1_tutorials:/home/arnavb/erc_ws/install/stark_os:/home/arnavb/erc_ws/install/mogi_trajectory_server:/opt/ros/jazzy DEBUGINFOD_URLS=https://debuginfod.ubuntu.com /usr/bin/cmake --install /home/arnavb/erc_ws/src/build/erc_gazebo_basics
[1.016s] DEBUG:colcon.colcon_core.event_handler.log_command:Invoked command in '/home/arnavb/erc_ws/src/build/erc_ros2_navigation' returned '0': CMAKE_PREFIX_PATH=${CMAKE_PREFIX_PATH}:/home/arnavb/erc_ws/src/install/week1_tutorials:/home/arnavb/erc_ws/src/install/stark_os:/home/arnavb/erc_ws/src/install/mogi_trajectory_server:/home/arnavb/erc_ws/src/install/erc_trajectory_server:/home/arnavb/erc_ws/src/install/erc_ros2_simple_arm_py:/home/arnavb/erc_ws/src/install/erc_ros2_navigation_py:/home/arnavb/erc_ws/src/install/erc_gazebo_sensors_py:/home/arnavb/erc_ws/src/install/assgn:/home/arnavb/erc_ws/install/week1_tutorials:/home/arnavb/erc_ws/install/stark_os:/home/arnavb/erc_ws/install/mogi_trajectory_server:/opt/ros/jazzy DEBUGINFOD_URLS=https://debuginfod.ubuntu.com /usr/bin/cmake --build /home/arnavb/erc_ws/src/build/erc_ros2_navigation -- -j20 -l20
[1.017s] DEBUG:colcon.colcon_core.event_handler.log_command:Invoking command in '/home/arnavb/erc_ws/src/build/erc_ros2_navigation': CMAKE_PREFIX_PATH=${CMAKE_PREFIX_PATH}:/home/arnavb/erc_ws/src/install/week1_tutorials:/home/arnavb/erc_ws/src/install/stark_os:/home/arnavb/erc_ws/src/install/mogi_trajectory_server:/home/arnavb/erc_ws/src/install/erc_trajectory_server:/home/arnavb/erc_ws/src/install/erc_ros2_simple_arm_py:/home/arnavb/erc_ws/src/install/erc_ros2_navigation_py:/home/arnavb/erc_ws/src/install/erc_gazebo_sensors_py:/home/arnavb/erc_ws/src/install/assgn:/home/arnavb/erc_ws/install/week1_tutorials:/home/arnavb/erc_ws/install/stark_os:/home/arnavb/erc_ws/install/mogi_trajectory_server:/opt/ros/jazzy DEBUGINFOD_URLS=https://debuginfod.ubuntu.com /usr/bin/cmake --install /home/arnavb/erc_ws/src/build/erc_ros2_navigation
[1.017s] DEBUG:colcon.colcon_core.event_handler.log_command:Invoked command in '/home/arnavb/erc_ws/src/build/erc_ros2_simple_arm' returned '0': CMAKE_PREFIX_PATH=${CMAKE_PREFIX_PATH}:/home/arnavb/erc_ws/src/install/week1_tutorials:/home/arnavb/erc_ws/src/install/stark_os:/home/arnavb/erc_ws/src/install/mogi_trajectory_server:/home/arnavb/erc_ws/src/install/erc_trajectory_server:/home/arnavb/erc_ws/src/install/erc_ros2_simple_arm_py:/home/arnavb/erc_ws/src/install/erc_ros2_navigation_py:/home/arnavb/erc_ws/src/install/erc_gazebo_sensors_py:/home/arnavb/erc_ws/src/install/assgn:/home/arnavb/erc_ws/install/week1_tutorials:/home/arnavb/erc_ws/install/stark_os:/home/arnavb/erc_ws/install/mogi_trajectory_server:/opt/ros/jazzy DEBUGINFOD_URLS=https://debuginfod.ubuntu.com /usr/bin/cmake --build /home/arnavb/erc_ws/src/build/erc_ros2_simple_arm -- -j20 -l20
[1.018s] DEBUG:colcon.colcon_core.event_handler.log_command:Invoking command in '/home/arnavb/erc_ws/src/build/erc_ros2_simple_arm': CMAKE_PREFIX_PATH=${CMAKE_PREFIX_PATH}:/home/arnavb/erc_ws/src/install/week1_tutorials:/home/arnavb/erc_ws/src/install/stark_os:/home/arnavb/erc_ws/src/install/mogi_trajectory_server:/home/arnavb/erc_ws/src/install/erc_trajectory_server:/home/arnavb/erc_ws/src/install/erc_ros2_simple_arm_py:/home/arnavb/erc_ws/src/install/erc_ros2_navigation_py:/home/arnavb/erc_ws/src/install/erc_gazebo_sensors_py:/home/arnavb/erc_ws/src/install/assgn:/home/arnavb/erc_ws/install/week1_tutorials:/home/arnavb/erc_ws/install/stark_os:/home/arnavb/erc_ws/install/mogi_trajectory_server:/opt/ros/jazzy DEBUGINFOD_URLS=https://debuginfod.ubuntu.com /usr/bin/cmake --install /home/arnavb/erc_ws/src/build/erc_ros2_simple_arm
[1.166s] INFO:colcon.colcon_core.task.python.build:Building Python package in '/home/arnavb/erc_ws/src/mogi_trajectory_server'
[1.166s] INFO:colcon.colcon_core.shell:Skip shell extension 'powershell' for command environment: Not usable outside of PowerShell
[1.166s] DEBUG:colcon.colcon_core.shell:Skip shell extension 'dsv' for command environment
[1.180s] Level 1:colcon.colcon_core.environment:create_environment_scripts_only(erc_gazebo_sensors)
[1.188s] DEBUG:colcon.colcon_core.event_handler.log_command:Invoked command in '/home/arnavb/erc_ws/src/build/erc_gazebo_sensors' returned '0': CMAKE_PREFIX_PATH=${CMAKE_PREFIX_PATH}:/home/arnavb/erc_ws/src/install/week1_tutorials:/home/arnavb/erc_ws/src/install/stark_os:/home/arnavb/erc_ws/src/install/mogi_trajectory_server:/home/arnavb/erc_ws/src/install/erc_trajectory_server:/home/arnavb/erc_ws/src/install/erc_ros2_simple_arm_py:/home/arnavb/erc_ws/src/install/erc_ros2_navigation_py:/home/arnavb/erc_ws/src/install/erc_gazebo_sensors_py:/home/arnavb/erc_ws/src/install/assgn:/home/arnavb/erc_ws/install/week1_tutorials:/home/arnavb/erc_ws/install/stark_os:/home/arnavb/erc_ws/install/mogi_trajectory_server:/opt/ros/jazzy DEBUGINFOD_URLS=https://debuginfod.ubuntu.com /usr/bin/cmake --install /home/arnavb/erc_ws/src/build/erc_gazebo_sensors
[1.189s] Level 1:colcon.colcon_core.environment:checking '/home/arnavb/erc_ws/src/install/erc_gazebo_sensors' for CMake module files
[1.190s] Level 1:colcon.colcon_core.environment:checking '/home/arnavb/erc_ws/src/install/erc_gazebo_sensors' for CMake config files
[1.190s] Level 1:colcon.colcon_core.shell:create_environment_hook('erc_gazebo_sensors', 'cmake_prefix_path')
[1.190s] INFO:colcon.colcon_core.shell:Creating environment hook '/home/arnavb/erc_ws/src/install/erc_gazebo_sensors/share/erc_gazebo_sensors/hook/cmake_prefix_path.ps1'
[1.190s] INFO:colcon.colcon_core.shell:Creating environment descriptor '/home/arnavb/erc_ws/src/install/erc_gazebo_sensors/share/erc_gazebo_sensors/hook/cmake_prefix_path.dsv'
[1.191s] INFO:colcon.colcon_core.shell:Creating environment hook '/home/arnavb/erc_ws/src/install/erc_gazebo_sensors/share/erc_gazebo_sensors/hook/cmake_prefix_path.sh'
[1.191s] Level 1:colcon.colcon_core.environment:checking '/home/arnavb/erc_ws/src/install/erc_gazebo_sensors/bin'
[1.191s] Level 1:colcon.colcon_core.environment:checking '/home/arnavb/erc_ws/src/install/erc_gazebo_sensors/lib/pkgconfig/erc_gazebo_sensors.pc'
[1.191s] Level 1:colcon.colcon_core.environment:checking '/home/arnavb/erc_ws/src/install/erc_gazebo_sensors/lib/python3.12/site-packages'
[1.191s] Level 1:colcon.colcon_core.environment:checking '/home/arnavb/erc_ws/src/install/erc_gazebo_sensors/bin'
[1.192s] INFO:colcon.colcon_core.shell:Creating package script '/home/arnavb/erc_ws/src/install/erc_gazebo_sensors/share/erc_gazebo_sensors/package.ps1'
[1.192s] INFO:colcon.colcon_core.shell:Creating package descriptor '/home/arnavb/erc_ws/src/install/erc_gazebo_sensors/share/erc_gazebo_sensors/package.dsv'
[1.192s] INFO:colcon.colcon_core.shell:Creating package script '/home/arnavb/erc_ws/src/install/erc_gazebo_sensors/share/erc_gazebo_sensors/package.sh'
[1.193s] INFO:colcon.colcon_core.shell:Creating package script '/home/arnavb/erc_ws/src/install/erc_gazebo_sensors/share/erc_gazebo_sensors/package.bash'
[1.193s] INFO:colcon.colcon_core.shell:Creating package script '/home/arnavb/erc_ws/src/install/erc_gazebo_sensors/share/erc_gazebo_sensors/package.zsh'
[1.193s] Level 1:colcon.colcon_core.environment:create_file_with_runtime_dependencies(/home/arnavb/erc_ws/src/install/erc_gazebo_sensors/share/colcon-core/packages/erc_gazebo_sensors)
[1.194s] Level 1:colcon.colcon_core.environment:create_environment_scripts_only(erc_gazebo_sensors)
[1.194s] Level 1:colcon.colcon_core.environment:checking '/home/arnavb/erc_ws/src/install/erc_gazebo_sensors' for CMake module files
[1.194s] Level 1:colcon.colcon_core.environment:checking '/home/arnavb/erc_ws/src/install/erc_gazebo_sensors' for CMake config files
[1.194s] Level 1:colcon.colcon_core.shell:create_environment_hook('erc_gazebo_sensors', 'cmake_prefix_path')
[1.194s] INFO:colcon.colcon_core.shell:Creating environment hook '/home/arnavb/erc_ws/src/install/erc_gazebo_sensors/share/erc_gazebo_sensors/hook/cmake_prefix_path.ps1'
[1.194s] INFO:colcon.colcon_core.shell:Creating environment descriptor '/home/arnavb/erc_ws/src/install/erc_gazebo_sensors/share/erc_gazebo_sensors/hook/cmake_prefix_path.dsv'
[1.195s] INFO:colcon.colcon_core.shell:Creating environment hook '/home/arnavb/erc_ws/src/install/erc_gazebo_sensors/share/erc_gazebo_sensors/hook/cmake_prefix_path.sh'
[1.195s] Level 1:colcon.colcon_core.environment:checking '/home/arnavb/erc_ws/src/install/erc_gazebo_sensors/bin'
[1.195s] Level 1:colcon.colcon_core.environment:checking '/home/arnavb/erc_ws/src/install/erc_gazebo_sensors/lib/pkgconfig/erc_gazebo_sensors.pc'
[1.195s] Level 1:colcon.colcon_core.environment:checking '/home/arnavb/erc_ws/src/install/erc_gazebo_sensors/lib/python3.12/site-packages'
[1.195s] Level 1:colcon.colcon_core.environment:checking '/home/arnavb/erc_ws/src/install/erc_gazebo_sensors/bin'
[1.196s] INFO:colcon.colcon_core.shell:Creating package script '/home/arnavb/erc_ws/src/install/erc_gazebo_sensors/share/erc_gazebo_sensors/package.ps1'
[1.196s] INFO:colcon.colcon_core.shell:Creating package descriptor '/home/arnavb/erc_ws/src/install/erc_gazebo_sensors/share/erc_gazebo_sensors/package.dsv'
[1.196s] INFO:colcon.colcon_core.shell:Creating package script '/home/arnavb/erc_ws/src/install/erc_gazebo_sensors/share/erc_gazebo_sensors/package.sh'
[1.196s] INFO:colcon.colcon_core.shell:Creating package script '/home/arnavb/erc_ws/src/install/erc_gazebo_sensors/share/erc_gazebo_sensors/package.bash'
[1.197s] INFO:colcon.colcon_core.shell:Creating package script '/home/arnavb/erc_ws/src/install/erc_gazebo_sensors/share/erc_gazebo_sensors/package.zsh'
[1.197s] Level 1:colcon.colcon_core.environment:create_file_with_runtime_dependencies(/home/arnavb/erc_ws/src/install/erc_gazebo_sensors/share/colcon-core/packages/erc_gazebo_sensors)
[1.199s] Level 1:colcon.colcon_core.environment:create_environment_scripts_only(erc_ros2_navigation)
[1.199s] Level 1:colcon.colcon_core.environment:checking '/home/arnavb/erc_ws/src/install/erc_ros2_navigation' for CMake module files
[1.199s] DEBUG:colcon.colcon_core.event_handler.log_command:Invoked command in '/home/arnavb/erc_ws/src/build/erc_ros2_navigation' returned '0': CMAKE_PREFIX_PATH=${CMAKE_PREFIX_PATH}:/home/arnavb/erc_ws/src/install/week1_tutorials:/home/arnavb/erc_ws/src/install/stark_os:/home/arnavb/erc_ws/src/install/mogi_trajectory_server:/home/arnavb/erc_ws/src/install/erc_trajectory_server:/home/arnavb/erc_ws/src/install/erc_ros2_simple_arm_py:/home/arnavb/erc_ws/src/install/erc_ros2_navigation_py:/home/arnavb/erc_ws/src/install/erc_gazebo_sensors_py:/home/arnavb/erc_ws/src/install/assgn:/home/arnavb/erc_ws/install/week1_tutorials:/home/arnavb/erc_ws/install/stark_os:/home/arnavb/erc_ws/install/mogi_trajectory_server:/opt/ros/jazzy DEBUGINFOD_URLS=https://debuginfod.ubuntu.com /usr/bin/cmake --install /home/arnavb/erc_ws/src/build/erc_ros2_navigation
[1.200s] Level 1:colcon.colcon_core.environment:checking '/home/arnavb/erc_ws/src/install/erc_ros2_navigation' for CMake config files
[1.200s] Level 1:colcon.colcon_core.shell:create_environment_hook('erc_ros2_navigation', 'cmake_prefix_path')
[1.200s] INFO:colcon.colcon_core.shell:Creating environment hook '/home/arnavb/erc_ws/src/install/erc_ros2_navigation/share/erc_ros2_navigation/hook/cmake_prefix_path.ps1'
[1.200s] INFO:colcon.colcon_core.shell:Creating environment descriptor '/home/arnavb/erc_ws/src/install/erc_ros2_navigation/share/erc_ros2_navigation/hook/cmake_prefix_path.dsv'
[1.200s] INFO:colcon.colcon_core.shell:Creating environment hook '/home/arnavb/erc_ws/src/install/erc_ros2_navigation/share/erc_ros2_navigation/hook/cmake_prefix_path.sh'
[1.201s] Level 1:colcon.colcon_core.environment:checking '/home/arnavb/erc_ws/src/install/erc_ros2_navigation/bin'
[1.201s] Level 1:colcon.colcon_core.environment:checking '/home/arnavb/erc_ws/src/install/erc_ros2_navigation/lib/pkgconfig/erc_ros2_navigation.pc'
[1.201s] Level 1:colcon.colcon_core.environment:checking '/home/arnavb/erc_ws/src/install/erc_ros2_navigation/lib/python3.12/site-packages'
[1.201s] Level 1:colcon.colcon_core.environment:checking '/home/arnavb/erc_ws/src/install/erc_ros2_navigation/bin'
[1.201s] INFO:colcon.colcon_core.shell:Creating package script '/home/arnavb/erc_ws/src/install/erc_ros2_navigation/share/erc_ros2_navigation/package.ps1'
[1.202s] INFO:colcon.colcon_core.shell:Creating package descriptor '/home/arnavb/erc_ws/src/install/erc_ros2_navigation/share/erc_ros2_navigation/package.dsv'
[1.202s] INFO:colcon.colcon_core.shell:Creating package script '/home/arnavb/erc_ws/src/install/erc_ros2_navigation/share/erc_ros2_navigation/package.sh'
[1.202s] INFO:colcon.colcon_core.shell:Creating package script '/home/arnavb/erc_ws/src/install/erc_ros2_navigation/share/erc_ros2_navigation/package.bash'
[1.202s] INFO:colcon.colcon_core.shell:Creating package script '/home/arnavb/erc_ws/src/install/erc_ros2_navigation/share/erc_ros2_navigation/package.zsh'
[1.202s] Level 1:colcon.colcon_core.environment:create_file_with_runtime_dependencies(/home/arnavb/erc_ws/src/install/erc_ros2_navigation/share/colcon-core/packages/erc_ros2_navigation)
[1.203s] Level 1:colcon.colcon_core.environment:create_environment_scripts_only(erc_ros2_navigation)
[1.203s] Level 1:colcon.colcon_core.environment:checking '/home/arnavb/erc_ws/src/install/erc_ros2_navigation' for CMake module files
[1.203s] Level 1:colcon.colcon_core.environment:checking '/home/arnavb/erc_ws/src/install/erc_ros2_navigation' for CMake config files
[1.203s] Level 1:colcon.colcon_core.shell:create_environment_hook('erc_ros2_navigation', 'cmake_prefix_path')
[1.203s] INFO:colcon.colcon_core.shell:Creating environment hook '/home/arnavb/erc_ws/src/install/erc_ros2_navigation/share/erc_ros2_navigation/hook/cmake_prefix_path.ps1'
[1.203s] INFO:colcon.colcon_core.shell:Creating environment descriptor '/home/arnavb/erc_ws/src/install/erc_ros2_navigation/share/erc_ros2_navigation/hook/cmake_prefix_path.dsv'
[1.204s] INFO:colcon.colcon_core.shell:Creating environment hook '/home/arnavb/erc_ws/src/install/erc_ros2_navigation/share/erc_ros2_navigation/hook/cmake_prefix_path.sh'
[1.204s] Level 1:colcon.colcon_core.environment:checking '/home/arnavb/erc_ws/src/install/erc_ros2_navigation/bin'
[1.204s] Level 1:colcon.colcon_core.environment:checking '/home/arnavb/erc_ws/src/install/erc_ros2_navigation/lib/pkgconfig/erc_ros2_navigation.pc'
[1.204s] Level 1:colcon.colcon_core.environment:checking '/home/arnavb/erc_ws/src/install/erc_ros2_navigation/lib/python3.12/site-packages'
[1.204s] Level 1:colcon.colcon_core.environment:checking '/home/arnavb/erc_ws/src/install/erc_ros2_navigation/bin'
[1.204s] INFO:colcon.colcon_core.shell:Creating package script '/home/arnavb/erc_ws/src/install/erc_ros2_navigation/share/erc_ros2_navigation/package.ps1'
[1.205s] INFO:colcon.colcon_core.shell:Creating package descriptor '/home/arnavb/erc_ws/src/install/erc_ros2_navigation/share/erc_ros2_navigation/package.dsv'
[1.205s] INFO:colcon.colcon_core.shell:Creating package script '/home/arnavb/erc_ws/src/install/erc_ros2_navigation/share/erc_ros2_navigation/package.sh'
[1.205s] INFO:colcon.colcon_core.shell:Creating package script '/home/arnavb/erc_ws/src/install/erc_ros2_navigation/share/erc_ros2_navigation/package.bash'
[1.206s] INFO:colcon.colcon_core.shell:Creating package script '/home/arnavb/erc_ws/src/install/erc_ros2_navigation/share/erc_ros2_navigation/package.zsh'
[1.206s] Level 1:colcon.colcon_core.environment:create_file_with_runtime_dependencies(/home/arnavb/erc_ws/src/install/erc_ros2_navigation/share/colcon-core/packages/erc_ros2_navigation)
[1.206s] Level 1:colcon.colcon_core.environment:create_environment_scripts_only(erc_ros2_simple_arm)
[1.206s] Level 1:colcon.colcon_core.environment:checking '/home/arnavb/erc_ws/src/install/erc_ros2_simple_arm' for CMake module files
[1.207s] Level 1:colcon.colcon_core.environment:checking '/home/arnavb/erc_ws/src/install/erc_ros2_simple_arm' for CMake config files
[1.207s] DEBUG:colcon.colcon_core.event_handler.log_command:Invoked command in '/home/arnavb/erc_ws/src/build/erc_ros2_simple_arm' returned '0': CMAKE_PREFIX_PATH=${CMAKE_PREFIX_PATH}:/home/arnavb/erc_ws/src/install/week1_tutorials:/home/arnavb/erc_ws/src/install/stark_os:/home/arnavb/erc_ws/src/install/mogi_trajectory_server:/home/arnavb/erc_ws/src/install/erc_trajectory_server:/home/arnavb/erc_ws/src/install/erc_ros2_simple_arm_py:/home/arnavb/erc_ws/src/install/erc_ros2_navigation_py:/home/arnavb/erc_ws/src/install/erc_gazebo_sensors_py:/home/arnavb/erc_ws/src/install/assgn:/home/arnavb/erc_ws/install/week1_tutorials:/home/arnavb/erc_ws/install/stark_os:/home/arnavb/erc_ws/install/mogi_trajectory_server:/opt/ros/jazzy DEBUGINFOD_URLS=https://debuginfod.ubuntu.com /usr/bin/cmake --install /home/arnavb/erc_ws/src/build/erc_ros2_simple_arm
[1.207s] Level 1:colcon.colcon_core.shell:create_environment_hook('erc_ros2_simple_arm', 'cmake_prefix_path')
[1.207s] INFO:colcon.colcon_core.shell:Creating environment hook '/home/arnavb/erc_ws/src/install/erc_ros2_simple_arm/share/erc_ros2_simple_arm/hook/cmake_prefix_path.ps1'
[1.208s] INFO:colcon.colcon_core.shell:Creating environment descriptor '/home/arnavb/erc_ws/src/install/erc_ros2_simple_arm/share/erc_ros2_simple_arm/hook/cmake_prefix_path.dsv'
[1.208s] INFO:colcon.colcon_core.shell:Creating environment hook '/home/arnavb/erc_ws/src/install/erc_ros2_simple_arm/share/erc_ros2_simple_arm/hook/cmake_prefix_path.sh'
[1.208s] Level 1:colcon.colcon_core.environment:checking '/home/arnavb/erc_ws/src/install/erc_ros2_simple_arm/bin'
[1.208s] Level 1:colcon.colcon_core.environment:checking '/home/arnavb/erc_ws/src/install/erc_ros2_simple_arm/lib/pkgconfig/erc_ros2_simple_arm.pc'
[1.208s] Level 1:colcon.colcon_core.environment:checking '/home/arnavb/erc_ws/src/install/erc_ros2_simple_arm/lib/python3.12/site-packages'
[1.208s] Level 1:colcon.colcon_core.environment:checking '/home/arnavb/erc_ws/src/install/erc_ros2_simple_arm/bin'
[1.209s] INFO:colcon.colcon_core.shell:Creating package script '/home/arnavb/erc_ws/src/install/erc_ros2_simple_arm/share/erc_ros2_simple_arm/package.ps1'
[1.209s] INFO:colcon.colcon_core.shell:Creating package descriptor '/home/arnavb/erc_ws/src/install/erc_ros2_simple_arm/share/erc_ros2_simple_arm/package.dsv'
[1.209s] INFO:colcon.colcon_core.shell:Creating package script '/home/arnavb/erc_ws/src/install/erc_ros2_simple_arm/share/erc_ros2_simple_arm/package.sh'
[1.209s] INFO:colcon.colcon_core.shell:Creating package script '/home/arnavb/erc_ws/src/install/erc_ros2_simple_arm/share/erc_ros2_simple_arm/package.bash'
[1.209s] INFO:colcon.colcon_core.shell:Creating package script '/home/arnavb/erc_ws/src/install/erc_ros2_simple_arm/share/erc_ros2_simple_arm/package.zsh'
[1.210s] Level 1:colcon.colcon_core.environment:create_file_with_runtime_dependencies(/home/arnavb/erc_ws/src/install/erc_ros2_simple_arm/share/colcon-core/packages/erc_ros2_simple_arm)
[1.210s] Level 1:colcon.colcon_core.environment:create_environment_scripts_only(erc_ros2_simple_arm)
[1.210s] Level 1:colcon.colcon_core.environment:checking '/home/arnavb/erc_ws/src/install/erc_ros2_simple_arm' for CMake module files
[1.210s] Level 1:colcon.colcon_core.environment:checking '/home/arnavb/erc_ws/src/install/erc_ros2_simple_arm' for CMake config files
[1.210s] Level 1:colcon.colcon_core.shell:create_environment_hook('erc_ros2_simple_arm', 'cmake_prefix_path')
[1.210s] INFO:colcon.colcon_core.shell:Creating environment hook '/home/arnavb/erc_ws/src/install/erc_ros2_simple_arm/share/erc_ros2_simple_arm/hook/cmake_prefix_path.ps1'
[1.211s] INFO:colcon.colcon_core.shell:Creating environment descriptor '/home/arnavb/erc_ws/src/install/erc_ros2_simple_arm/share/erc_ros2_simple_arm/hook/cmake_prefix_path.dsv'
[1.211s] INFO:colcon.colcon_core.shell:Creating environment hook '/home/arnavb/erc_ws/src/install/erc_ros2_simple_arm/share/erc_ros2_simple_arm/hook/cmake_prefix_path.sh'
[1.211s] Level 1:colcon.colcon_core.environment:checking '/home/arnavb/erc_ws/src/install/erc_ros2_simple_arm/bin'
[1.211s] Level 1:colcon.colcon_core.environment:checking '/home/arnavb/erc_ws/src/install/erc_ros2_simple_arm/lib/pkgconfig/erc_ros2_simple_arm.pc'
[1.211s] Level 1:colcon.colcon_core.environment:checking '/home/arnavb/erc_ws/src/install/erc_ros2_simple_arm/lib/python3.12/site-packages'
[1.211s] Level 1:colcon.colcon_core.environment:checking '/home/arnavb/erc_ws/src/install/erc_ros2_simple_arm/bin'
[1.212s] INFO:colcon.colcon_core.shell:Creating package script '/home/arnavb/erc_ws/src/install/erc_ros2_simple_arm/share/erc_ros2_simple_arm/package.ps1'
[1.212s] INFO:colcon.colcon_core.shell:Creating package descriptor '/home/arnavb/erc_ws/src/install/erc_ros2_simple_arm/share/erc_ros2_simple_arm/package.dsv'
[1.212s] INFO:colcon.colcon_core.shell:Creating package script '/home/arnavb/erc_ws/src/install/erc_ros2_simple_arm/share/erc_ros2_simple_arm/package.sh'
[1.212s] INFO:colcon.colcon_core.shell:Creating package script '/home/arnavb/erc_ws/src/install/erc_ros2_simple_arm/share/erc_ros2_simple_arm/package.bash'
[1.213s] INFO:colcon.colcon_core.shell:Creating package script '/home/arnavb/erc_ws/src/install/erc_ros2_simple_arm/share/erc_ros2_simple_arm/package.zsh'
[1.213s] Level 1:colcon.colcon_core.environment:create_file_with_runtime_dependencies(/home/arnavb/erc_ws/src/install/erc_ros2_simple_arm/share/colcon-core/packages/erc_ros2_simple_arm)
[1.213s] Level 1:colcon.colcon_core.environment:create_environment_scripts_only(erc_gazebo_basics)
[1.213s] Level 1:colcon.colcon_core.environment:checking '/home/arnavb/erc_ws/src/install/erc_gazebo_basics' for CMake module files
[1.214s] Level 1:colcon.colcon_core.environment:checking '/home/arnavb/erc_ws/src/install/erc_gazebo_basics' for CMake config files
[1.214s] DEBUG:colcon.colcon_core.event_handler.log_command:Invoked command in '/home/arnavb/erc_ws/src/build/erc_gazebo_basics' returned '0': CMAKE_PREFIX_PATH=${CMAKE_PREFIX_PATH}:/home/arnavb/erc_ws/src/install/week1_tutorials:/home/arnavb/erc_ws/src/install/stark_os:/home/arnavb/erc_ws/src/install/mogi_trajectory_server:/home/arnavb/erc_ws/src/install/erc_trajectory_server:/home/arnavb/erc_ws/src/install/erc_ros2_simple_arm_py:/home/arnavb/erc_ws/src/install/erc_ros2_navigation_py:/home/arnavb/erc_ws/src/install/erc_gazebo_sensors_py:/home/arnavb/erc_ws/src/install/assgn:/home/arnavb/erc_ws/install/week1_tutorials:/home/arnavb/erc_ws/install/stark_os:/home/arnavb/erc_ws/install/mogi_trajectory_server:/opt/ros/jazzy DEBUGINFOD_URLS=https://debuginfod.ubuntu.com /usr/bin/cmake --install /home/arnavb/erc_ws/src/build/erc_gazebo_basics
[1.214s] Level 1:colcon.colcon_core.shell:create_environment_hook('erc_gazebo_basics', 'cmake_prefix_path')
[1.214s] INFO:colcon.colcon_core.shell:Creating environment hook '/home/arnavb/erc_ws/src/install/erc_gazebo_basics/share/erc_gazebo_basics/hook/cmake_prefix_path.ps1'
[1.215s] INFO:colcon.colcon_core.shell:Creating environment descriptor '/home/arnavb/erc_ws/src/install/erc_gazebo_basics/share/erc_gazebo_basics/hook/cmake_prefix_path.dsv'
[1.215s] INFO:colcon.colcon_core.shell:Creating environment hook '/home/arnavb/erc_ws/src/install/erc_gazebo_basics/share/erc_gazebo_basics/hook/cmake_prefix_path.sh'
[1.215s] Level 1:colcon.colcon_core.environment:checking '/home/arnavb/erc_ws/src/install/erc_gazebo_basics/bin'
[1.215s] Level 1:colcon.colcon_core.environment:checking '/home/arnavb/erc_ws/src/install/erc_gazebo_basics/lib/pkgconfig/erc_gazebo_basics.pc'
[1.215s] Level 1:colcon.colcon_core.environment:checking '/home/arnavb/erc_ws/src/install/erc_gazebo_basics/lib/python3.12/site-packages'
[1.216s] Level 1:colcon.colcon_core.environment:checking '/home/arnavb/erc_ws/src/install/erc_gazebo_basics/bin'
[1.216s] INFO:colcon.colcon_core.shell:Creating package script '/home/arnavb/erc_ws/src/install/erc_gazebo_basics/share/erc_gazebo_basics/package.ps1'
[1.216s] INFO:colcon.colcon_core.shell:Creating package descriptor '/home/arnavb/erc_ws/src/install/erc_gazebo_basics/share/erc_gazebo_basics/package.dsv'
[1.216s] INFO:colcon.colcon_core.shell:Creating package script '/home/arnavb/erc_ws/src/install/erc_gazebo_basics/share/erc_gazebo_basics/package.sh'
[1.217s] INFO:colcon.colcon_core.shell:Creating package script '/home/arnavb/erc_ws/src/install/erc_gazebo_basics/share/erc_gazebo_basics/package.bash'
[1.217s] INFO:colcon.colcon_core.shell:Creating package script '/home/arnavb/erc_ws/src/install/erc_gazebo_basics/share/erc_gazebo_basics/package.zsh'
[1.217s] Level 1:colcon.colcon_core.environment:create_file_with_runtime_dependencies(/home/arnavb/erc_ws/src/install/erc_gazebo_basics/share/colcon-core/packages/erc_gazebo_basics)
[1.217s] Level 1:colcon.colcon_core.environment:create_environment_scripts_only(erc_gazebo_basics)
[1.217s] Level 1:colcon.colcon_core.environment:checking '/home/arnavb/erc_ws/src/install/erc_gazebo_basics' for CMake module files
[1.218s] Level 1:colcon.colcon_core.environment:checking '/home/arnavb/erc_ws/src/install/erc_gazebo_basics' for CMake config files
[1.218s] Level 1:colcon.colcon_core.shell:create_environment_hook('erc_gazebo_basics', 'cmake_prefix_path')
[1.218s] INFO:colcon.colcon_core.shell:Creating environment hook '/home/arnavb/erc_ws/src/install/erc_gazebo_basics/share/erc_gazebo_basics/hook/cmake_prefix_path.ps1'
[1.218s] INFO:colcon.colcon_core.shell:Creating environment descriptor '/home/arnavb/erc_ws/src/install/erc_gazebo_basics/share/erc_gazebo_basics/hook/cmake_prefix_path.dsv'
[1.218s] INFO:colcon.colcon_core.shell:Creating environment hook '/home/arnavb/erc_ws/src/install/erc_gazebo_basics/share/erc_gazebo_basics/hook/cmake_prefix_path.sh'
[1.218s] Level 1:colcon.colcon_core.environment:checking '/home/arnavb/erc_ws/src/install/erc_gazebo_basics/bin'
[1.218s] Level 1:colcon.colcon_core.environment:checking '/home/arnavb/erc_ws/src/install/erc_gazebo_basics/lib/pkgconfig/erc_gazebo_basics.pc'
[1.219s] Level 1:colcon.colcon_core.environment:checking '/home/arnavb/erc_ws/src/install/erc_gazebo_basics/lib/python3.12/site-packages'
[1.219s] Level 1:colcon.colcon_core.environment:checking '/home/arnavb/erc_ws/src/install/erc_gazebo_basics/bin'
[1.219s] INFO:colcon.colcon_core.shell:Creating package script '/home/arnavb/erc_ws/src/install/erc_gazebo_basics/share/erc_gazebo_basics/package.ps1'
[1.219s] INFO:colcon.colcon_core.shell:Creating package descriptor '/home/arnavb/erc_ws/src/install/erc_gazebo_basics/share/erc_gazebo_basics/package.dsv'
[1.220s] INFO:colcon.colcon_core.shell:Creating package script '/home/arnavb/erc_ws/src/install/erc_gazebo_basics/share/erc_gazebo_basics/package.sh'
[1.220s] INFO:colcon.colcon_core.shell:Creating package script '/home/arnavb/erc_ws/src/install/erc_gazebo_basics/share/erc_gazebo_basics/package.bash'
[1.220s] INFO:colcon.colcon_core.shell:Creating package script '/home/arnavb/erc_ws/src/install/erc_gazebo_basics/share/erc_gazebo_basics/package.zsh'
[1.220s] Level 1:colcon.colcon_core.environment:create_file_with_runtime_dependencies(/home/arnavb/erc_ws/src/install/erc_gazebo_basics/share/colcon-core/packages/erc_gazebo_basics)
[1.221s] DEBUG:colcon.colcon_core.event_handler.log_command:Invoked command in '/home/arnavb/erc_ws/src/build/explore_lite' returned '0': CMAKE_PREFIX_PATH=${CMAKE_PREFIX_PATH}:/home/arnavb/erc_ws/src/install/week1_tutorials:/home/arnavb/erc_ws/src/install/stark_os:/home/arnavb/erc_ws/src/install/mogi_trajectory_server:/home/arnavb/erc_ws/src/install/erc_trajectory_server:/home/arnavb/erc_ws/src/install/erc_ros2_simple_arm_py:/home/arnavb/erc_ws/src/install/erc_ros2_navigation_py:/home/arnavb/erc_ws/src/install/erc_gazebo_sensors_py:/home/arnavb/erc_ws/src/install/assgn:/home/arnavb/erc_ws/install/week1_tutorials:/home/arnavb/erc_ws/install/stark_os:/home/arnavb/erc_ws/install/mogi_trajectory_server:/opt/ros/jazzy DEBUGINFOD_URLS=https://debuginfod.ubuntu.com /usr/bin/cmake --build /home/arnavb/erc_ws/src/build/explore_lite -- -j20 -l20
[1.222s] DEBUG:colcon.colcon_core.event_handler.log_command:Invoking command in '/home/arnavb/erc_ws/src/build/explore_lite': CMAKE_PREFIX_PATH=${CMAKE_PREFIX_PATH}:/home/arnavb/erc_ws/src/install/week1_tutorials:/home/arnavb/erc_ws/src/install/stark_os:/home/arnavb/erc_ws/src/install/mogi_trajectory_server:/home/arnavb/erc_ws/src/install/erc_trajectory_server:/home/arnavb/erc_ws/src/install/erc_ros2_simple_arm_py:/home/arnavb/erc_ws/src/install/erc_ros2_navigation_py:/home/arnavb/erc_ws/src/install/erc_gazebo_sensors_py:/home/arnavb/erc_ws/src/install/assgn:/home/arnavb/erc_ws/install/week1_tutorials:/home/arnavb/erc_ws/install/stark_os:/home/arnavb/erc_ws/install/mogi_trajectory_server:/opt/ros/jazzy DEBUGINFOD_URLS=https://debuginfod.ubuntu.com /usr/bin/cmake --install /home/arnavb/erc_ws/src/build/explore_lite
[1.236s] Level 1:colcon.colcon_core.environment:create_environment_scripts_only(explore_lite)
[1.237s] Level 1:colcon.colcon_core.environment:checking '/home/arnavb/erc_ws/src/install/explore_lite' for CMake module files
[1.237s] DEBUG:colcon.colcon_core.event_handler.log_command:Invoked command in '/home/arnavb/erc_ws/src/build/explore_lite' returned '0': CMAKE_PREFIX_PATH=${CMAKE_PREFIX_PATH}:/home/arnavb/erc_ws/src/install/week1_tutorials:/home/arnavb/erc_ws/src/install/stark_os:/home/arnavb/erc_ws/src/install/mogi_trajectory_server:/home/arnavb/erc_ws/src/install/erc_trajectory_server:/home/arnavb/erc_ws/src/install/erc_ros2_simple_arm_py:/home/arnavb/erc_ws/src/install/erc_ros2_navigation_py:/home/arnavb/erc_ws/src/install/erc_gazebo_sensors_py:/home/arnavb/erc_ws/src/install/assgn:/home/arnavb/erc_ws/install/week1_tutorials:/home/arnavb/erc_ws/install/stark_os:/home/arnavb/erc_ws/install/mogi_trajectory_server:/opt/ros/jazzy DEBUGINFOD_URLS=https://debuginfod.ubuntu.com /usr/bin/cmake --install /home/arnavb/erc_ws/src/build/explore_lite
[1.238s] Level 1:colcon.colcon_core.environment:checking '/home/arnavb/erc_ws/src/install/explore_lite' for CMake config files
[1.238s] Level 1:colcon.colcon_core.shell:create_environment_hook('explore_lite', 'cmake_prefix_path')
[1.238s] INFO:colcon.colcon_core.shell:Creating environment hook '/home/arnavb/erc_ws/src/install/explore_lite/share/explore_lite/hook/cmake_prefix_path.ps1'
[1.239s] INFO:colcon.colcon_core.shell:Creating environment descriptor '/home/arnavb/erc_ws/src/install/explore_lite/share/explore_lite/hook/cmake_prefix_path.dsv'
[1.239s] INFO:colcon.colcon_core.shell:Creating environment hook '/home/arnavb/erc_ws/src/install/explore_lite/share/explore_lite/hook/cmake_prefix_path.sh'
[1.240s] Level 1:colcon.colcon_core.environment:checking '/home/arnavb/erc_ws/src/install/explore_lite/lib'
[1.240s] Level 1:colcon.colcon_core.environment:checking '/home/arnavb/erc_ws/src/install/explore_lite/bin'
[1.240s] Level 1:colcon.colcon_core.environment:checking '/home/arnavb/erc_ws/src/install/explore_lite/lib/pkgconfig/explore_lite.pc'
[1.240s] Level 1:colcon.colcon_core.environment:checking '/home/arnavb/erc_ws/src/install/explore_lite/lib/python3.12/site-packages'
[1.241s] Level 1:colcon.colcon_core.environment:checking '/home/arnavb/erc_ws/src/install/explore_lite/bin'
[1.241s] INFO:colcon.colcon_core.shell:Creating package script '/home/arnavb/erc_ws/src/install/explore_lite/share/explore_lite/package.ps1'
[1.241s] INFO:colcon.colcon_core.shell:Creating package descriptor '/home/arnavb/erc_ws/src/install/explore_lite/share/explore_lite/package.dsv'
[1.241s] INFO:colcon.colcon_core.shell:Creating package script '/home/arnavb/erc_ws/src/install/explore_lite/share/explore_lite/package.sh'
[1.242s] INFO:colcon.colcon_core.shell:Creating package script '/home/arnavb/erc_ws/src/install/explore_lite/share/explore_lite/package.bash'
[1.242s] INFO:colcon.colcon_core.shell:Creating package script '/home/arnavb/erc_ws/src/install/explore_lite/share/explore_lite/package.zsh'
[1.242s] Level 1:colcon.colcon_core.environment:create_file_with_runtime_dependencies(/home/arnavb/erc_ws/src/install/explore_lite/share/colcon-core/packages/explore_lite)
[1.242s] Level 1:colcon.colcon_core.environment:create_environment_scripts_only(explore_lite)
[1.242s] Level 1:colcon.colcon_core.environment:checking '/home/arnavb/erc_ws/src/install/explore_lite' for CMake module files
[1.243s] Level 1:colcon.colcon_core.environment:checking '/home/arnavb/erc_ws/src/install/explore_lite' for CMake config files
[1.243s] Level 1:colcon.colcon_core.shell:create_environment_hook('explore_lite', 'cmake_prefix_path')
[1.243s] INFO:colcon.colcon_core.shell:Creating environment hook '/home/arnavb/erc_ws/src/install/explore_lite/share/explore_lite/hook/cmake_prefix_path.ps1'
[1.243s] INFO:colcon.colcon_core.shell:Creating environment descriptor '/home/arnavb/erc_ws/src/install/explore_lite/share/explore_lite/hook/cmake_prefix_path.dsv'
[1.243s] INFO:colcon.colcon_core.shell:Creating environment hook '/home/arnavb/erc_ws/src/install/explore_lite/share/explore_lite/hook/cmake_prefix_path.sh'
[1.244s] Level 1:colcon.colcon_core.environment:checking '/home/arnavb/erc_ws/src/install/explore_lite/lib'
[1.244s] Level 1:colcon.colcon_core.environment:checking '/home/arnavb/erc_ws/src/install/explore_lite/bin'
[1.244s] Level 1:colcon.colcon_core.environment:checking '/home/arnavb/erc_ws/src/install/explore_lite/lib/pkgconfig/explore_lite.pc'
[1.244s] Level 1:colcon.colcon_core.environment:checking '/home/arnavb/erc_ws/src/install/explore_lite/lib/python3.12/site-packages'
[1.244s] Level 1:colcon.colcon_core.environment:checking '/home/arnavb/erc_ws/src/install/explore_lite/bin'
[1.244s] INFO:colcon.colcon_core.shell:Creating package script '/home/arnavb/erc_ws/src/install/explore_lite/share/explore_lite/package.ps1'
[1.245s] INFO:colcon.colcon_core.shell:Creating package descriptor '/home/arnavb/erc_ws/src/install/explore_lite/share/explore_lite/package.dsv'
[1.245s] INFO:colcon.colcon_core.shell:Creating package script '/home/arnavb/erc_ws/src/install/explore_lite/share/explore_lite/package.sh'
[1.245s] INFO:colcon.colcon_core.shell:Creating package script '/home/arnavb/erc_ws/src/install/explore_lite/share/explore_lite/package.bash'
[1.245s] INFO:colcon.colcon_core.shell:Creating package script '/home/arnavb/erc_ws/src/install/explore_lite/share/explore_lite/package.zsh'
[1.245s] Level 1:colcon.colcon_core.environment:create_file_with_runtime_dependencies(/home/arnavb/erc_ws/src/install/explore_lite/share/colcon-core/packages/explore_lite)
[1.609s] DEBUG:colcon.colcon_core.event_handler.log_command:Invoking command in '/home/arnavb/erc_ws/src/erc_trajectory_server': DEBUGINFOD_URLS=https://debuginfod.ubuntu.com PYTHONPATH=/home/arnavb/erc_ws/src/build/erc_trajectory_server/prefix_override:/usr/lib/python3/dist-packages/colcon_core/task/python/colcon_distutils_commands:/home/arnavb/erc_ws/src/install/erc_trajectory_server/lib/python3.12/site-packages:${PYTHONPATH} /usr/bin/python3 -W ignore:setup.py install is deprecated -W ignore:easy_install command is deprecated setup.py egg_info --egg-base ../build/erc_trajectory_server build --build-base /home/arnavb/erc_ws/src/build/erc_trajectory_server/build install --record /home/arnavb/erc_ws/src/build/erc_trajectory_server/install.log --single-version-externally-managed install_data
[1.612s] DEBUG:colcon.colcon_core.event_handler.log_command:Invoking command in '/home/arnavb/erc_ws/src/erc_ros2_navigation_py': DEBUGINFOD_URLS=https://debuginfod.ubuntu.com PYTHONPATH=/home/arnavb/erc_ws/src/build/erc_ros2_navigation_py/prefix_override:/usr/lib/python3/dist-packages/colcon_core/task/python/colcon_distutils_commands:/home/arnavb/erc_ws/src/install/erc_ros2_navigation_py/lib/python3.12/site-packages:${PYTHONPATH} /usr/bin/python3 -W ignore:setup.py install is deprecated -W ignore:easy_install command is deprecated setup.py egg_info --egg-base ../build/erc_ros2_navigation_py build --build-base /home/arnavb/erc_ws/src/build/erc_ros2_navigation_py/build install --record /home/arnavb/erc_ws/src/build/erc_ros2_navigation_py/install.log --single-version-externally-managed install_data
[1.614s] DEBUG:colcon.colcon_core.event_handler.log_command:Invoking command in '/home/arnavb/erc_ws/src/erc_ros2_simple_arm_py': DEBUGINFOD_URLS=https://debuginfod.ubuntu.com PYTHONPATH=/home/arnavb/erc_ws/src/build/erc_ros2_simple_arm_py/prefix_override:/usr/lib/python3/dist-packages/colcon_core/task/python/colcon_distutils_commands:/home/arnavb/erc_ws/src/install/erc_ros2_simple_arm_py/lib/python3.12/site-packages:${PYTHONPATH} /usr/bin/python3 -W ignore:setup.py install is deprecated -W ignore:easy_install command is deprecated setup.py egg_info --egg-base ../build/erc_ros2_simple_arm_py build --build-base /home/arnavb/erc_ws/src/build/erc_ros2_simple_arm_py/build install --record /home/arnavb/erc_ws/src/build/erc_ros2_simple_arm_py/install.log --single-version-externally-managed install_data
[1.615s] DEBUG:colcon.colcon_core.event_handler.log_command:Invoking command in '/home/arnavb/erc_ws/src/erc_gazebo_sensors_py': DEBUGINFOD_URLS=https://debuginfod.ubuntu.com PYTHONPATH=/home/arnavb/erc_ws/src/build/erc_gazebo_sensors_py/prefix_override:/usr/lib/python3/dist-packages/colcon_core/task/python/colcon_distutils_commands:/home/arnavb/erc_ws/src/install/erc_gazebo_sensors_py/lib/python3.12/site-packages:${PYTHONPATH} /usr/bin/python3 -W ignore:setup.py install is deprecated -W ignore:easy_install command is deprecated setup.py egg_info --egg-base ../build/erc_gazebo_sensors_py build --build-base /home/arnavb/erc_ws/src/build/erc_gazebo_sensors_py/build install --record /home/arnavb/erc_ws/src/build/erc_gazebo_sensors_py/install.log --single-version-externally-managed install_data
[1.620s] DEBUG:colcon.colcon_core.event_handler.log_command:Invoking command in '/home/arnavb/erc_ws/src/assgn': DEBUGINFOD_URLS=https://debuginfod.ubuntu.com PYTHONPATH=/home/arnavb/erc_ws/src/build/assgn/prefix_override:/usr/lib/python3/dist-packages/colcon_core/task/python/colcon_distutils_commands:/home/arnavb/erc_ws/src/install/assgn/lib/python3.12/site-packages:${PYTHONPATH} /usr/bin/python3 -W ignore:setup.py install is deprecated -W ignore:easy_install command is deprecated setup.py egg_info --egg-base ../build/assgn build --build-base /home/arnavb/erc_ws/src/build/assgn/build install --record /home/arnavb/erc_ws/src/build/assgn/install.log --single-version-externally-managed install_data
[1.642s] DEBUG:colcon.colcon_core.event_handler.log_command:Invoking command in '/home/arnavb/erc_ws/src/mogi_trajectory_server': DEBUGINFOD_URLS=https://debuginfod.ubuntu.com PYTHONPATH=/home/arnavb/erc_ws/src/build/mogi_trajectory_server/prefix_override:/usr/lib/python3/dist-packages/colcon_core/task/python/colcon_distutils_commands:/home/arnavb/erc_ws/src/install/mogi_trajectory_server/lib/python3.12/site-packages:${PYTHONPATH} /usr/bin/python3 -W ignore:setup.py install is deprecated -W ignore:easy_install command is deprecated setup.py egg_info --egg-base ../build/mogi_trajectory_server build --build-base /home/arnavb/erc_ws/src/build/mogi_trajectory_server/build install --record /home/arnavb/erc_ws/src/build/mogi_trajectory_server/install.log --single-version-externally-managed install_data
[1.990s] Level 1:colcon.colcon_core.environment:checking '/home/arnavb/erc_ws/src/install/erc_trajectory_server' for CMake module files
[1.991s] DEBUG:colcon.colcon_core.event_handler.log_command:Invoked command in '/home/arnavb/erc_ws/src/erc_trajectory_server' returned '0': DEBUGINFOD_URLS=https://debuginfod.ubuntu.com PYTHONPATH=/home/arnavb/erc_ws/src/build/erc_trajectory_server/prefix_override:/usr/lib/python3/dist-packages/colcon_core/task/python/colcon_distutils_commands:/home/arnavb/erc_ws/src/install/erc_trajectory_server/lib/python3.12/site-packages:${PYTHONPATH} /usr/bin/python3 -W ignore:setup.py install is deprecated -W ignore:easy_install command is deprecated setup.py egg_info --egg-base ../build/erc_trajectory_server build --build-base /home/arnavb/erc_ws/src/build/erc_trajectory_server/build install --record /home/arnavb/erc_ws/src/build/erc_trajectory_server/install.log --single-version-externally-managed install_data
[1.991s] Level 1:colcon.colcon_core.environment:checking '/home/arnavb/erc_ws/src/install/erc_trajectory_server' for CMake config files
[1.992s] Level 1:colcon.colcon_core.environment:checking '/home/arnavb/erc_ws/src/install/erc_trajectory_server/lib'
[1.992s] Level 1:colcon.colcon_core.environment:checking '/home/arnavb/erc_ws/src/install/erc_trajectory_server/bin'
[1.992s] Level 1:colcon.colcon_core.environment:checking '/home/arnavb/erc_ws/src/install/erc_trajectory_server/lib/pkgconfig/erc_trajectory_server.pc'
[1.993s] Level 1:colcon.colcon_core.environment:checking '/home/arnavb/erc_ws/src/install/erc_trajectory_server/lib/python3.12/site-packages'
[1.993s] Level 1:colcon.colcon_core.shell:create_environment_hook('erc_trajectory_server', 'pythonpath')
[1.993s] INFO:colcon.colcon_core.shell:Creating environment hook '/home/arnavb/erc_ws/src/install/erc_trajectory_server/share/erc_trajectory_server/hook/pythonpath.ps1'
[1.994s] INFO:colcon.colcon_core.shell:Creating environment descriptor '/home/arnavb/erc_ws/src/install/erc_trajectory_server/share/erc_trajectory_server/hook/pythonpath.dsv'
[1.994s] INFO:colcon.colcon_core.shell:Creating environment hook '/home/arnavb/erc_ws/src/install/erc_trajectory_server/share/erc_trajectory_server/hook/pythonpath.sh'
[1.995s] Level 1:colcon.colcon_core.environment:checking '/home/arnavb/erc_ws/src/install/erc_trajectory_server/bin'
[1.995s] Level 1:colcon.colcon_core.environment:create_environment_scripts_only(erc_trajectory_server)
[1.996s] INFO:colcon.colcon_core.shell:Creating package script '/home/arnavb/erc_ws/src/install/erc_trajectory_server/share/erc_trajectory_server/package.ps1'
[1.997s] INFO:colcon.colcon_core.shell:Creating package descriptor '/home/arnavb/erc_ws/src/install/erc_trajectory_server/share/erc_trajectory_server/package.dsv'
[1.997s] INFO:colcon.colcon_core.shell:Creating package script '/home/arnavb/erc_ws/src/install/erc_trajectory_server/share/erc_trajectory_server/package.sh'
[1.998s] INFO:colcon.colcon_core.shell:Creating package script '/home/arnavb/erc_ws/src/install/erc_trajectory_server/share/erc_trajectory_server/package.bash'
[1.998s] INFO:colcon.colcon_core.shell:Creating package script '/home/arnavb/erc_ws/src/install/erc_trajectory_server/share/erc_trajectory_server/package.zsh'
[1.998s] Level 1:colcon.colcon_core.environment:create_file_with_runtime_dependencies(/home/arnavb/erc_ws/src/install/erc_trajectory_server/share/colcon-core/packages/erc_trajectory_server)
[2.000s] Level 1:colcon.colcon_core.environment:checking '/home/arnavb/erc_ws/src/install/erc_ros2_simple_arm_py' for CMake module files
[2.001s] DEBUG:colcon.colcon_core.event_handler.log_command:Invoked command in '/home/arnavb/erc_ws/src/erc_ros2_simple_arm_py' returned '0': DEBUGINFOD_URLS=https://debuginfod.ubuntu.com PYTHONPATH=/home/arnavb/erc_ws/src/build/erc_ros2_simple_arm_py/prefix_override:/usr/lib/python3/dist-packages/colcon_core/task/python/colcon_distutils_commands:/home/arnavb/erc_ws/src/install/erc_ros2_simple_arm_py/lib/python3.12/site-packages:${PYTHONPATH} /usr/bin/python3 -W ignore:setup.py install is deprecated -W ignore:easy_install command is deprecated setup.py egg_info --egg-base ../build/erc_ros2_simple_arm_py build --build-base /home/arnavb/erc_ws/src/build/erc_ros2_simple_arm_py/build install --record /home/arnavb/erc_ws/src/build/erc_ros2_simple_arm_py/install.log --single-version-externally-managed install_data
[2.001s] Level 1:colcon.colcon_core.environment:checking '/home/arnavb/erc_ws/src/install/erc_ros2_simple_arm_py' for CMake config files
[2.002s] Level 1:colcon.colcon_core.environment:checking '/home/arnavb/erc_ws/src/install/erc_ros2_simple_arm_py/lib'
[2.002s] Level 1:colcon.colcon_core.environment:checking '/home/arnavb/erc_ws/src/install/erc_ros2_simple_arm_py/bin'
[2.002s] Level 1:colcon.colcon_core.environment:checking '/home/arnavb/erc_ws/src/install/erc_ros2_simple_arm_py/lib/pkgconfig/erc_ros2_simple_arm_py.pc'
[2.002s] Level 1:colcon.colcon_core.environment:checking '/home/arnavb/erc_ws/src/install/erc_ros2_simple_arm_py/lib/python3.12/site-packages'
[2.002s] Level 1:colcon.colcon_core.shell:create_environment_hook('erc_ros2_simple_arm_py', 'pythonpath')
[2.002s] INFO:colcon.colcon_core.shell:Creating environment hook '/home/arnavb/erc_ws/src/install/erc_ros2_simple_arm_py/share/erc_ros2_simple_arm_py/hook/pythonpath.ps1'
[2.003s] INFO:colcon.colcon_core.shell:Creating environment descriptor '/home/arnavb/erc_ws/src/install/erc_ros2_simple_arm_py/share/erc_ros2_simple_arm_py/hook/pythonpath.dsv'
[2.003s] INFO:colcon.colcon_core.shell:Creating environment hook '/home/arnavb/erc_ws/src/install/erc_ros2_simple_arm_py/share/erc_ros2_simple_arm_py/hook/pythonpath.sh'
[2.003s] Level 1:colcon.colcon_core.environment:checking '/home/arnavb/erc_ws/src/install/erc_ros2_simple_arm_py/bin'
[2.004s] Level 1:colcon.colcon_core.environment:create_environment_scripts_only(erc_ros2_simple_arm_py)
[2.004s] INFO:colcon.colcon_core.shell:Creating package script '/home/arnavb/erc_ws/src/install/erc_ros2_simple_arm_py/share/erc_ros2_simple_arm_py/package.ps1'
[2.004s] INFO:colcon.colcon_core.shell:Creating package descriptor '/home/arnavb/erc_ws/src/install/erc_ros2_simple_arm_py/share/erc_ros2_simple_arm_py/package.dsv'
[2.004s] INFO:colcon.colcon_core.shell:Creating package script '/home/arnavb/erc_ws/src/install/erc_ros2_simple_arm_py/share/erc_ros2_simple_arm_py/package.sh'
[2.005s] INFO:colcon.colcon_core.shell:Creating package script '/home/arnavb/erc_ws/src/install/erc_ros2_simple_arm_py/share/erc_ros2_simple_arm_py/package.bash'
[2.005s] INFO:colcon.colcon_core.shell:Creating package script '/home/arnavb/erc_ws/src/install/erc_ros2_simple_arm_py/share/erc_ros2_simple_arm_py/package.zsh'
[2.005s] Level 1:colcon.colcon_core.environment:create_file_with_runtime_dependencies(/home/arnavb/erc_ws/src/install/erc_ros2_simple_arm_py/share/colcon-core/packages/erc_ros2_simple_arm_py)
[2.006s] Level 1:colcon.colcon_core.environment:checking '/home/arnavb/erc_ws/src/install/erc_ros2_navigation_py' for CMake module files
[2.007s] DEBUG:colcon.colcon_core.event_handler.log_command:Invoked command in '/home/arnavb/erc_ws/src/erc_ros2_navigation_py' returned '0': DEBUGINFOD_URLS=https://debuginfod.ubuntu.com PYTHONPATH=/home/arnavb/erc_ws/src/build/erc_ros2_navigation_py/prefix_override:/usr/lib/python3/dist-packages/colcon_core/task/python/colcon_distutils_commands:/home/arnavb/erc_ws/src/install/erc_ros2_navigation_py/lib/python3.12/site-packages:${PYTHONPATH} /usr/bin/python3 -W ignore:setup.py install is deprecated -W ignore:easy_install command is deprecated setup.py egg_info --egg-base ../build/erc_ros2_navigation_py build --build-base /home/arnavb/erc_ws/src/build/erc_ros2_navigation_py/build install --record /home/arnavb/erc_ws/src/build/erc_ros2_navigation_py/install.log --single-version-externally-managed install_data
[2.007s] Level 1:colcon.colcon_core.environment:checking '/home/arnavb/erc_ws/src/install/erc_ros2_navigation_py' for CMake config files
[2.008s] Level 1:colcon.colcon_core.environment:checking '/home/arnavb/erc_ws/src/install/erc_ros2_navigation_py/lib'
[2.008s] Level 1:colcon.colcon_core.environment:checking '/home/arnavb/erc_ws/src/install/erc_ros2_navigation_py/bin'
[2.008s] Level 1:colcon.colcon_core.environment:checking '/home/arnavb/erc_ws/src/install/erc_ros2_navigation_py/lib/pkgconfig/erc_ros2_navigation_py.pc'
[2.009s] Level 1:colcon.colcon_core.environment:checking '/home/arnavb/erc_ws/src/install/erc_ros2_navigation_py/lib/python3.12/site-packages'
[2.009s] Level 1:colcon.colcon_core.shell:create_environment_hook('erc_ros2_navigation_py', 'pythonpath')
[2.009s] INFO:colcon.colcon_core.shell:Creating environment hook '/home/arnavb/erc_ws/src/install/erc_ros2_navigation_py/share/erc_ros2_navigation_py/hook/pythonpath.ps1'
[2.009s] INFO:colcon.colcon_core.shell:Creating environment descriptor '/home/arnavb/erc_ws/src/install/erc_ros2_navigation_py/share/erc_ros2_navigation_py/hook/pythonpath.dsv'
[2.010s] INFO:colcon.colcon_core.shell:Creating environment hook '/home/arnavb/erc_ws/src/install/erc_ros2_navigation_py/share/erc_ros2_navigation_py/hook/pythonpath.sh'
[2.011s] Level 1:colcon.colcon_core.environment:checking '/home/arnavb/erc_ws/src/install/erc_ros2_navigation_py/bin'
[2.011s] Level 1:colcon.colcon_core.environment:create_environment_scripts_only(erc_ros2_navigation_py)
[2.011s] INFO:colcon.colcon_core.shell:Creating package script '/home/arnavb/erc_ws/src/install/erc_ros2_navigation_py/share/erc_ros2_navigation_py/package.ps1'
[2.012s] INFO:colcon.colcon_core.shell:Creating package descriptor '/home/arnavb/erc_ws/src/install/erc_ros2_navigation_py/share/erc_ros2_navigation_py/package.dsv'
[2.013s] INFO:colcon.colcon_core.shell:Creating package script '/home/arnavb/erc_ws/src/install/erc_ros2_navigation_py/share/erc_ros2_navigation_py/package.sh'
[2.013s] INFO:colcon.colcon_core.shell:Creating package script '/home/arnavb/erc_ws/src/install/erc_ros2_navigation_py/share/erc_ros2_navigation_py/package.bash'
[2.013s] INFO:colcon.colcon_core.shell:Creating package script '/home/arnavb/erc_ws/src/install/erc_ros2_navigation_py/share/erc_ros2_navigation_py/package.zsh'
[2.014s] Level 1:colcon.colcon_core.environment:create_file_with_runtime_dependencies(/home/arnavb/erc_ws/src/install/erc_ros2_navigation_py/share/colcon-core/packages/erc_ros2_navigation_py)
[2.014s] Level 1:colcon.colcon_core.environment:checking '/home/arnavb/erc_ws/src/install/erc_gazebo_sensors_py' for CMake module files
[2.015s] Level 1:colcon.colcon_core.environment:checking '/home/arnavb/erc_ws/src/install/erc_gazebo_sensors_py' for CMake config files
[2.016s] DEBUG:colcon.colcon_core.event_handler.log_command:Invoked command in '/home/arnavb/erc_ws/src/erc_gazebo_sensors_py' returned '0': DEBUGINFOD_URLS=https://debuginfod.ubuntu.com PYTHONPATH=/home/arnavb/erc_ws/src/build/erc_gazebo_sensors_py/prefix_override:/usr/lib/python3/dist-packages/colcon_core/task/python/colcon_distutils_commands:/home/arnavb/erc_ws/src/install/erc_gazebo_sensors_py/lib/python3.12/site-packages:${PYTHONPATH} /usr/bin/python3 -W ignore:setup.py install is deprecated -W ignore:easy_install command is deprecated setup.py egg_info --egg-base ../build/erc_gazebo_sensors_py build --build-base /home/arnavb/erc_ws/src/build/erc_gazebo_sensors_py/build install --record /home/arnavb/erc_ws/src/build/erc_gazebo_sensors_py/install.log --single-version-externally-managed install_data
[2.016s] Level 1:colcon.colcon_core.environment:checking '/home/arnavb/erc_ws/src/install/erc_gazebo_sensors_py/lib'
[2.016s] Level 1:colcon.colcon_core.environment:checking '/home/arnavb/erc_ws/src/install/erc_gazebo_sensors_py/bin'
[2.016s] Level 1:colcon.colcon_core.environment:checking '/home/arnavb/erc_ws/src/install/erc_gazebo_sensors_py/lib/pkgconfig/erc_gazebo_sensors_py.pc'
[2.017s] Level 1:colcon.colcon_core.environment:checking '/home/arnavb/erc_ws/src/install/erc_gazebo_sensors_py/lib/python3.12/site-packages'
[2.017s] Level 1:colcon.colcon_core.shell:create_environment_hook('erc_gazebo_sensors_py', 'pythonpath')
[2.017s] INFO:colcon.colcon_core.shell:Creating environment hook '/home/arnavb/erc_ws/src/install/erc_gazebo_sensors_py/share/erc_gazebo_sensors_py/hook/pythonpath.ps1'
[2.018s] INFO:colcon.colcon_core.shell:Creating environment descriptor '/home/arnavb/erc_ws/src/install/erc_gazebo_sensors_py/share/erc_gazebo_sensors_py/hook/pythonpath.dsv'
[2.018s] INFO:colcon.colcon_core.shell:Creating environment hook '/home/arnavb/erc_ws/src/install/erc_gazebo_sensors_py/share/erc_gazebo_sensors_py/hook/pythonpath.sh'
[2.019s] Level 1:colcon.colcon_core.environment:checking '/home/arnavb/erc_ws/src/install/erc_gazebo_sensors_py/bin'
[2.019s] Level 1:colcon.colcon_core.environment:create_environment_scripts_only(erc_gazebo_sensors_py)
[2.019s] INFO:colcon.colcon_core.shell:Creating package script '/home/arnavb/erc_ws/src/install/erc_gazebo_sensors_py/share/erc_gazebo_sensors_py/package.ps1'
[2.020s] INFO:colcon.colcon_core.shell:Creating package descriptor '/home/arnavb/erc_ws/src/install/erc_gazebo_sensors_py/share/erc_gazebo_sensors_py/package.dsv'
[2.020s] INFO:colcon.colcon_core.shell:Creating package script '/home/arnavb/erc_ws/src/install/erc_gazebo_sensors_py/share/erc_gazebo_sensors_py/package.sh'
[2.021s] INFO:colcon.colcon_core.shell:Creating package script '/home/arnavb/erc_ws/src/install/erc_gazebo_sensors_py/share/erc_gazebo_sensors_py/package.bash'
[2.021s] INFO:colcon.colcon_core.shell:Creating package script '/home/arnavb/erc_ws/src/install/erc_gazebo_sensors_py/share/erc_gazebo_sensors_py/package.zsh'
[2.021s] Level 1:colcon.colcon_core.environment:create_file_with_runtime_dependencies(/home/arnavb/erc_ws/src/install/erc_gazebo_sensors_py/share/colcon-core/packages/erc_gazebo_sensors_py)
[2.022s] Level 1:colcon.colcon_core.environment:checking '/home/arnavb/erc_ws/src/install/assgn' for CMake module files
[2.023s] DEBUG:colcon.colcon_core.event_handler.log_command:Invoked command in '/home/arnavb/erc_ws/src/assgn' returned '0': DEBUGINFOD_URLS=https://debuginfod.ubuntu.com PYTHONPATH=/home/arnavb/erc_ws/src/build/assgn/prefix_override:/usr/lib/python3/dist-packages/colcon_core/task/python/colcon_distutils_commands:/home/arnavb/erc_ws/src/install/assgn/lib/python3.12/site-packages:${PYTHONPATH} /usr/bin/python3 -W ignore:setup.py install is deprecated -W ignore:easy_install command is deprecated setup.py egg_info --egg-base ../build/assgn build --build-base /home/arnavb/erc_ws/src/build/assgn/build install --record /home/arnavb/erc_ws/src/build/assgn/install.log --single-version-externally-managed install_data
[2.023s] Level 1:colcon.colcon_core.environment:checking '/home/arnavb/erc_ws/src/install/assgn' for CMake config files
[2.024s] Level 1:colcon.colcon_core.environment:checking '/home/arnavb/erc_ws/src/install/assgn/lib'
[2.024s] Level 1:colcon.colcon_core.environment:checking '/home/arnavb/erc_ws/src/install/assgn/bin'
[2.024s] Level 1:colcon.colcon_core.environment:checking '/home/arnavb/erc_ws/src/install/assgn/lib/pkgconfig/assgn.pc'
[2.025s] Level 1:colcon.colcon_core.environment:checking '/home/arnavb/erc_ws/src/install/assgn/lib/python3.12/site-packages'
[2.025s] Level 1:colcon.colcon_core.shell:create_environment_hook('assgn', 'pythonpath')
[2.025s] INFO:colcon.colcon_core.shell:Creating environment hook '/home/arnavb/erc_ws/src/install/assgn/share/assgn/hook/pythonpath.ps1'
[2.026s] INFO:colcon.colcon_core.shell:Creating environment descriptor '/home/arnavb/erc_ws/src/install/assgn/share/assgn/hook/pythonpath.dsv'
[2.026s] INFO:colcon.colcon_core.shell:Creating environment hook '/home/arnavb/erc_ws/src/install/assgn/share/assgn/hook/pythonpath.sh'
[2.027s] Level 1:colcon.colcon_core.environment:checking '/home/arnavb/erc_ws/src/install/assgn/bin'
[2.027s] Level 1:colcon.colcon_core.environment:create_environment_scripts_only(assgn)
[2.027s] INFO:colcon.colcon_core.shell:Creating package script '/home/arnavb/erc_ws/src/install/assgn/share/assgn/package.ps1'
[2.027s] INFO:colcon.colcon_core.shell:Creating package descriptor '/home/arnavb/erc_ws/src/install/assgn/share/assgn/package.dsv'
[2.028s] INFO:colcon.colcon_core.shell:Creating package script '/home/arnavb/erc_ws/src/install/assgn/share/assgn/package.sh'
[2.028s] INFO:colcon.colcon_core.shell:Creating package script '/home/arnavb/erc_ws/src/install/assgn/share/assgn/package.bash'
[2.028s] INFO:colcon.colcon_core.shell:Creating package script '/home/arnavb/erc_ws/src/install/assgn/share/assgn/package.zsh'
[2.028s] Level 1:colcon.colcon_core.environment:create_file_with_runtime_dependencies(/home/arnavb/erc_ws/src/install/assgn/share/colcon-core/packages/assgn)
[2.030s] Level 1:colcon.colcon_core.environment:checking '/home/arnavb/erc_ws/src/install/mogi_trajectory_server' for CMake module files
[2.030s] DEBUG:colcon.colcon_core.event_handler.log_command:Invoked command in '/home/arnavb/erc_ws/src/mogi_trajectory_server' returned '0': DEBUGINFOD_URLS=https://debuginfod.ubuntu.com PYTHONPATH=/home/arnavb/erc_ws/src/build/mogi_trajectory_server/prefix_override:/usr/lib/python3/dist-packages/colcon_core/task/python/colcon_distutils_commands:/home/arnavb/erc_ws/src/install/mogi_trajectory_server/lib/python3.12/site-packages:${PYTHONPATH} /usr/bin/python3 -W ignore:setup.py install is deprecated -W ignore:easy_install command is deprecated setup.py egg_info --egg-base ../build/mogi_trajectory_server build --build-base /home/arnavb/erc_ws/src/build/mogi_trajectory_server/build install --record /home/arnavb/erc_ws/src/build/mogi_trajectory_server/install.log --single-version-externally-managed install_data
[2.031s] Level 1:colcon.colcon_core.environment:checking '/home/arnavb/erc_ws/src/install/mogi_trajectory_server' for CMake config files
[2.031s] Level 1:colcon.colcon_core.environment:checking '/home/arnavb/erc_ws/src/install/mogi_trajectory_server/lib'
[2.031s] Level 1:colcon.colcon_core.environment:checking '/home/arnavb/erc_ws/src/install/mogi_trajectory_server/bin'
[2.031s] Level 1:colcon.colcon_core.environment:checking '/home/arnavb/erc_ws/src/install/mogi_trajectory_server/lib/pkgconfig/mogi_trajectory_server.pc'
[2.031s] Level 1:colcon.colcon_core.environment:checking '/home/arnavb/erc_ws/src/install/mogi_trajectory_server/lib/python3.12/site-packages'
[2.031s] Level 1:colcon.colcon_core.shell:create_environment_hook('mogi_trajectory_server', 'pythonpath')
[2.031s] INFO:colcon.colcon_core.shell:Creating environment hook '/home/arnavb/erc_ws/src/install/mogi_trajectory_server/share/mogi_trajectory_server/hook/pythonpath.ps1'
[2.032s] INFO:colcon.colcon_core.shell:Creating environment descriptor '/home/arnavb/erc_ws/src/install/mogi_trajectory_server/share/mogi_trajectory_server/hook/pythonpath.dsv'
[2.032s] INFO:colcon.colcon_core.shell:Creating environment hook '/home/arnavb/erc_ws/src/install/mogi_trajectory_server/share/mogi_trajectory_server/hook/pythonpath.sh'
[2.032s] Level 1:colcon.colcon_core.environment:checking '/home/arnavb/erc_ws/src/install/mogi_trajectory_server/bin'
[2.032s] Level 1:colcon.colcon_core.environment:create_environment_scripts_only(mogi_trajectory_server)
[2.033s] INFO:colcon.colcon_core.shell:Creating package script '/home/arnavb/erc_ws/src/install/mogi_trajectory_server/share/mogi_trajectory_server/package.ps1'
[2.033s] INFO:colcon.colcon_core.shell:Creating package descriptor '/home/arnavb/erc_ws/src/install/mogi_trajectory_server/share/mogi_trajectory_server/package.dsv'
[2.033s] INFO:colcon.colcon_core.shell:Creating package script '/home/arnavb/erc_ws/src/install/mogi_trajectory_server/share/mogi_trajectory_server/package.sh'
[2.033s] INFO:colcon.colcon_core.shell:Creating package script '/home/arnavb/erc_ws/src/install/mogi_trajectory_server/share/mogi_trajectory_server/package.bash'
[2.034s] INFO:colcon.colcon_core.shell:Creating package script '/home/arnavb/erc_ws/src/install/mogi_trajectory_server/share/mogi_trajectory_server/package.zsh'
[2.034s] Level 1:colcon.colcon_core.environment:create_file_with_runtime_dependencies(/home/arnavb/erc_ws/src/install/mogi_trajectory_server/share/colcon-core/packages/mogi_trajectory_server)
[2.034s] DEBUG:colcon.colcon_parallel_executor.executor.parallel:closing loop
[2.034s] DEBUG:colcon.colcon_parallel_executor.executor.parallel:loop closed
[2.034s] DEBUG:colcon.colcon_parallel_executor.executor.parallel:run_until_complete finished with '0'
[2.034s] DEBUG:colcon.colcon_core.event_reactor:joining thread
[2.039s] INFO:colcon.colcon_core.plugin_system:Skipping extension 'colcon_notification.desktop_notification.terminal_notifier': Not used on non-Darwin systems
[2.039s] INFO:colcon.colcon_core.plugin_system:Skipping extension 'colcon_notification.desktop_notification.win32': Not used on non-Windows systems
[2.039s] INFO:colcon.colcon_notification.desktop_notification:Sending desktop notification using 'notify2'
[2.052s] DEBUG:colcon.colcon_core.event_reactor:joined thread
[2.052s] INFO:colcon.colcon_core.shell:Creating prefix script '/home/arnavb/erc_ws/src/install/local_setup.ps1'
[2.053s] INFO:colcon.colcon_core.shell:Creating prefix util module '/home/arnavb/erc_ws/src/install/_local_setup_util_ps1.py'
[2.054s] INFO:colcon.colcon_core.shell:Creating prefix chain script '/home/arnavb/erc_ws/src/install/setup.ps1'
[2.054s] INFO:colcon.colcon_core.shell:Creating prefix script '/home/arnavb/erc_ws/src/install/local_setup.sh'
[2.055s] INFO:colcon.colcon_core.shell:Creating prefix util module '/home/arnavb/erc_ws/src/install/_local_setup_util_sh.py'
[2.055s] INFO:colcon.colcon_core.shell:Creating prefix chain script '/home/arnavb/erc_ws/src/install/setup.sh'
[2.056s] INFO:colcon.colcon_core.shell:Creating prefix script '/home/arnavb/erc_ws/src/install/local_setup.bash'
[2.056s] INFO:colcon.colcon_core.shell:Creating prefix chain script '/home/arnavb/erc_ws/src/install/setup.bash'
[2.057s] INFO:colcon.colcon_core.shell:Creating prefix script '/home/arnavb/erc_ws/src/install/local_setup.zsh'
[2.057s] INFO:colcon.colcon_core.shell:Creating prefix chain script '/home/arnavb/erc_ws/src/install/setup.zsh'
