[0.128s] DEBUG:colcon:Command line arguments: ['/usr/bin/colcon', 'build']
[0.128s] DEBUG:colcon:Parsed command line arguments: Namespace(log_base=None, log_level=None, verb_name='build', build_base='build', install_base='install', merge_install=False, symlink_install=False, test_result_base=None, continue_on_error=False, executor='parallel', parallel_workers=20, event_handlers=None, ignore_user_meta=False, metas=['./colcon.meta'], base_paths=['.'], packages_ignore=None, packages_ignore_regex=None, paths=None, packages_up_to=None, packages_up_to_regex=None, packages_above=None, packages_above_and_dependencies=None, packages_above_depth=None, packages_select_by_dep=None, packages_skip_by_dep=None, packages_skip_up_to=None, packages_select_build_failed=False, packages_skip_build_finished=False, packages_select_test_failures=False, packages_skip_test_passed=False, packages_select=None, packages_skip=None, packages_select_regex=None, packages_skip_regex=None, packages_start=None, packages_end=None, allow_overriding=[], cmake_args=None, cmake_target=None, cmake_target_skip_unavailable=False, cmake_clean_cache=False, cmake_clean_first=False, cmake_force_configure=False, ament_cmake_args=None, catkin_cmake_args=None, catkin_skip_building_tests=False, mixin_files=None, mixin=None, verb_parser=<colcon_mixin.mixin.mixin_argument.MixinArgumentDecorator object at 0x70f168bd4500>, verb_extension=<colcon_core.verb.build.BuildVerb object at 0x70f168cec320>, main=<bound method BuildVerb.main of <colcon_core.verb.build.BuildVerb object at 0x70f168cec320>>, mixin_verb=('build',))
[0.174s] Level 1:colcon.colcon_core.package_discovery:discover_packages(colcon_meta) check parameters
[0.174s] Level 1:colcon.colcon_core.package_discovery:discover_packages(recursive) check parameters
[0.174s] Level 1:colcon.colcon_core.package_discovery:discover_packages(ignore) check parameters
[0.174s] Level 1:colcon.colcon_core.package_discovery:discover_packages(path) check parameters
[0.174s] Level 1:colcon.colcon_core.package_discovery:discover_packages(colcon_meta) discover
[0.174s] Level 1:colcon.colcon_core.package_discovery:discover_packages(recursive) discover
[0.174s] INFO:colcon.colcon_core.package_discovery:Crawling recursively for packages in '/home/arnavb/erc_ws/src'
[0.175s] Level 1:colcon.colcon_core.package_identification:_identify(.) by extensions ['ignore', 'ignore_ament_install']
[0.175s] Level 1:colcon.colcon_core.package_identification:_identify(.) by extension 'ignore'
[0.175s] Level 1:colcon.colcon_core.package_identification:_identify(.) by extension 'ignore_ament_install'
[0.175s] Level 1:colcon.colcon_core.package_identification:_identify(.) by extensions ['colcon_pkg']
[0.175s] Level 1:colcon.colcon_core.package_identification:_identify(.) by extension 'colcon_pkg'
[0.175s] Level 1:colcon.colcon_core.package_identification:_identify(.) by extensions ['colcon_meta']
[0.175s] Level 1:colcon.colcon_core.package_identification:_identify(.) by extension 'colcon_meta'
[0.175s] Level 1:colcon.colcon_core.package_identification:_identify(.) by extensions ['ros']
[0.175s] Level 1:colcon.colcon_core.package_identification:_identify(.) by extension 'ros'
[0.207s] Level 1:colcon.colcon_core.package_identification:_identify(.) by extensions ['cmake', 'python']
[0.207s] Level 1:colcon.colcon_core.package_identification:_identify(.) by extension 'cmake'
[0.207s] Level 1:colcon.colcon_core.package_identification:_identify(.) by extension 'python'
[0.207s] Level 1:colcon.colcon_core.package_identification:_identify(.) by extensions ['python_setup_py']
[0.207s] Level 1:colcon.colcon_core.package_identification:_identify(.) by extension 'python_setup_py'
[0.207s] Level 1:colcon.colcon_core.package_identification:_identify(assgn) by extensions ['ignore', 'ignore_ament_install']
[0.207s] Level 1:colcon.colcon_core.package_identification:_identify(assgn) by extension 'ignore'
[0.207s] Level 1:colcon.colcon_core.package_identification:_identify(assgn) by extension 'ignore_ament_install'
[0.207s] Level 1:colcon.colcon_core.package_identification:_identify(assgn) by extensions ['colcon_pkg']
[0.207s] Level 1:colcon.colcon_core.package_identification:_identify(assgn) by extension 'colcon_pkg'
[0.207s] Level 1:colcon.colcon_core.package_identification:_identify(assgn) by extensions ['colcon_meta']
[0.208s] Level 1:colcon.colcon_core.package_identification:_identify(assgn) by extension 'colcon_meta'
[0.208s] Level 1:colcon.colcon_core.package_identification:_identify(assgn) by extensions ['ros']
[0.208s] Level 1:colcon.colcon_core.package_identification:_identify(assgn) by extension 'ros'
[0.210s] DEBUG:colcon.colcon_core.package_identification:Package 'assgn' with type 'ros.ament_python' and name 'assgn'
[0.210s] Level 1:colcon.colcon_core.package_identification:_identify(build) by extensions ['ignore', 'ignore_ament_install']
[0.211s] Level 1:colcon.colcon_core.package_identification:_identify(build) by extension 'ignore'
[0.211s] Level 1:colcon.colcon_core.package_identification:_identify(build) ignored
[0.211s] Level 1:colcon.colcon_core.package_identification:_identify(erc_gazebo_basics) by extensions ['ignore', 'ignore_ament_install']
[0.211s] Level 1:colcon.colcon_core.package_identification:_identify(erc_gazebo_basics) by extension 'ignore'
[0.211s] Level 1:colcon.colcon_core.package_identification:_identify(erc_gazebo_basics) by extension 'ignore_ament_install'
[0.211s] Level 1:colcon.colcon_core.package_identification:_identify(erc_gazebo_basics) by extensions ['colcon_pkg']
[0.211s] Level 1:colcon.colcon_core.package_identification:_identify(erc_gazebo_basics) by extension 'colcon_pkg'
[0.211s] Level 1:colcon.colcon_core.package_identification:_identify(erc_gazebo_basics) by extensions ['colcon_meta']
[0.211s] Level 1:colcon.colcon_core.package_identification:_identify(erc_gazebo_basics) by extension 'colcon_meta'
[0.211s] Level 1:colcon.colcon_core.package_identification:_identify(erc_gazebo_basics) by extensions ['ros']
[0.211s] Level 1:colcon.colcon_core.package_identification:_identify(erc_gazebo_basics) by extension 'ros'
[0.212s] DEBUG:colcon.colcon_core.package_identification:Package 'erc_gazebo_basics' with type 'ros.ament_cmake' and name 'erc_gazebo_basics'
[0.212s] Level 1:colcon.colcon_core.package_identification:_identify(erc_gazebo_sensors) by extensions ['ignore', 'ignore_ament_install']
[0.212s] Level 1:colcon.colcon_core.package_identification:_identify(erc_gazebo_sensors) by extension 'ignore'
[0.212s] Level 1:colcon.colcon_core.package_identification:_identify(erc_gazebo_sensors) by extension 'ignore_ament_install'
[0.212s] Level 1:colcon.colcon_core.package_identification:_identify(erc_gazebo_sensors) by extensions ['colcon_pkg']
[0.212s] Level 1:colcon.colcon_core.package_identification:_identify(erc_gazebo_sensors) by extension 'colcon_pkg'
[0.212s] Level 1:colcon.colcon_core.package_identification:_identify(erc_gazebo_sensors) by extensions ['colcon_meta']
[0.212s] Level 1:colcon.colcon_core.package_identification:_identify(erc_gazebo_sensors) by extension 'colcon_meta'
[0.212s] Level 1:colcon.colcon_core.package_identification:_identify(erc_gazebo_sensors) by extensions ['ros']
[0.212s] Level 1:colcon.colcon_core.package_identification:_identify(erc_gazebo_sensors) by extension 'ros'
[0.213s] DEBUG:colcon.colcon_core.package_identification:Package 'erc_gazebo_sensors' with type 'ros.ament_cmake' and name 'erc_gazebo_sensors'
[0.213s] Level 1:colcon.colcon_core.package_identification:_identify(erc_gazebo_sensors_py) by extensions ['ignore', 'ignore_ament_install']
[0.213s] Level 1:colcon.colcon_core.package_identification:_identify(erc_gazebo_sensors_py) by extension 'ignore'
[0.213s] Level 1:colcon.colcon_core.package_identification:_identify(erc_gazebo_sensors_py) by extension 'ignore_ament_install'
[0.213s] Level 1:colcon.colcon_core.package_identification:_identify(erc_gazebo_sensors_py) by extensions ['colcon_pkg']
[0.213s] Level 1:colcon.colcon_core.package_identification:_identify(erc_gazebo_sensors_py) by extension 'colcon_pkg'
[0.213s] Level 1:colcon.colcon_core.package_identification:_identify(erc_gazebo_sensors_py) by extensions ['colcon_meta']
[0.213s] Level 1:colcon.colcon_core.package_identification:_identify(erc_gazebo_sensors_py) by extension 'colcon_meta'
[0.213s] Level 1:colcon.colcon_core.package_identification:_identify(erc_gazebo_sensors_py) by extensions ['ros']
[0.213s] Level 1:colcon.colcon_core.package_identification:_identify(erc_gazebo_sensors_py) by extension 'ros'
[0.214s] DEBUG:colcon.colcon_core.package_identification:Package 'erc_gazebo_sensors_py' with type 'ros.ament_python' and name 'erc_gazebo_sensors_py'
[0.214s] Level 1:colcon.colcon_core.package_identification:_identify(erc_ros2_navigation) by extensions ['ignore', 'ignore_ament_install']
[0.214s] Level 1:colcon.colcon_core.package_identification:_identify(erc_ros2_navigation) by extension 'ignore'
[0.214s] Level 1:colcon.colcon_core.package_identification:_identify(erc_ros2_navigation) by extension 'ignore_ament_install'
[0.214s] Level 1:colcon.colcon_core.package_identification:_identify(erc_ros2_navigation) by extensions ['colcon_pkg']
[0.214s] Level 1:colcon.colcon_core.package_identification:_identify(erc_ros2_navigation) by extension 'colcon_pkg'
[0.214s] Level 1:colcon.colcon_core.package_identification:_identify(erc_ros2_navigation) by extensions ['colcon_meta']
[0.214s] Level 1:colcon.colcon_core.package_identification:_identify(erc_ros2_navigation) by extension 'colcon_meta'
[0.214s] Level 1:colcon.colcon_core.package_identification:_identify(erc_ros2_navigation) by extensions ['ros']
[0.214s] Level 1:colcon.colcon_core.package_identification:_identify(erc_ros2_navigation) by extension 'ros'
[0.215s] DEBUG:colcon.colcon_core.package_identification:Package 'erc_ros2_navigation' with type 'ros.ament_cmake' and name 'erc_ros2_navigation'
[0.215s] Level 1:colcon.colcon_core.package_identification:_identify(erc_ros2_navigation_py) by extensions ['ignore', 'ignore_ament_install']
[0.215s] Level 1:colcon.colcon_core.package_identification:_identify(erc_ros2_navigation_py) by extension 'ignore'
[0.215s] Level 1:colcon.colcon_core.package_identification:_identify(erc_ros2_navigation_py) by extension 'ignore_ament_install'
[0.215s] Level 1:colcon.colcon_core.package_identification:_identify(erc_ros2_navigation_py) by extensions ['colcon_pkg']
[0.215s] Level 1:colcon.colcon_core.package_identification:_identify(erc_ros2_navigation_py) by extension 'colcon_pkg'
[0.215s] Level 1:colcon.colcon_core.package_identification:_identify(erc_ros2_navigation_py) by extensions ['colcon_meta']
[0.215s] Level 1:colcon.colcon_core.package_identification:_identify(erc_ros2_navigation_py) by extension 'colcon_meta'
[0.215s] Level 1:colcon.colcon_core.package_identification:_identify(erc_ros2_navigation_py) by extensions ['ros']
[0.215s] Level 1:colcon.colcon_core.package_identification:_identify(erc_ros2_navigation_py) by extension 'ros'
[0.216s] DEBUG:colcon.colcon_core.package_identification:Package 'erc_ros2_navigation_py' with type 'ros.ament_python' and name 'erc_ros2_navigation_py'
[0.216s] Level 1:colcon.colcon_core.package_identification:_identify(erc_ros2_simple_arm) by extensions ['ignore', 'ignore_ament_install']
[0.216s] Level 1:colcon.colcon_core.package_identification:_identify(erc_ros2_simple_arm) by extension 'ignore'
[0.216s] Level 1:colcon.colcon_core.package_identification:_identify(erc_ros2_simple_arm) by extension 'ignore_ament_install'
[0.216s] Level 1:colcon.colcon_core.package_identification:_identify(erc_ros2_simple_arm) by extensions ['colcon_pkg']
[0.216s] Level 1:colcon.colcon_core.package_identification:_identify(erc_ros2_simple_arm) by extension 'colcon_pkg'
[0.216s] Level 1:colcon.colcon_core.package_identification:_identify(erc_ros2_simple_arm) by extensions ['colcon_meta']
[0.216s] Level 1:colcon.colcon_core.package_identification:_identify(erc_ros2_simple_arm) by extension 'colcon_meta'
[0.216s] Level 1:colcon.colcon_core.package_identification:_identify(erc_ros2_simple_arm) by extensions ['ros']
[0.216s] Level 1:colcon.colcon_core.package_identification:_identify(erc_ros2_simple_arm) by extension 'ros'
[0.217s] DEBUG:colcon.colcon_core.package_identification:Package 'erc_ros2_simple_arm' with type 'ros.ament_cmake' and name 'erc_ros2_simple_arm'
[0.217s] Level 1:colcon.colcon_core.package_identification:_identify(erc_ros2_simple_arm_py) by extensions ['ignore', 'ignore_ament_install']
[0.217s] Level 1:colcon.colcon_core.package_identification:_identify(erc_ros2_simple_arm_py) by extension 'ignore'
[0.217s] Level 1:colcon.colcon_core.package_identification:_identify(erc_ros2_simple_arm_py) by extension 'ignore_ament_install'
[0.217s] Level 1:colcon.colcon_core.package_identification:_identify(erc_ros2_simple_arm_py) by extensions ['colcon_pkg']
[0.217s] Level 1:colcon.colcon_core.package_identification:_identify(erc_ros2_simple_arm_py) by extension 'colcon_pkg'
[0.217s] Level 1:colcon.colcon_core.package_identification:_identify(erc_ros2_simple_arm_py) by extensions ['colcon_meta']
[0.217s] Level 1:colcon.colcon_core.package_identification:_identify(erc_ros2_simple_arm_py) by extension 'colcon_meta'
[0.217s] Level 1:colcon.colcon_core.package_identification:_identify(erc_ros2_simple_arm_py) by extensions ['ros']
[0.217s] Level 1:colcon.colcon_core.package_identification:_identify(erc_ros2_simple_arm_py) by extension 'ros'
[0.217s] DEBUG:colcon.colcon_core.package_identification:Package 'erc_ros2_simple_arm_py' with type 'ros.ament_python' and name 'erc_ros2_simple_arm_py'
[0.218s] Level 1:colcon.colcon_core.package_identification:_identify(erc_trajectory_server) by extensions ['ignore', 'ignore_ament_install']
[0.218s] Level 1:colcon.colcon_core.package_identification:_identify(erc_trajectory_server) by extension 'ignore'
[0.218s] Level 1:colcon.colcon_core.package_identification:_identify(erc_trajectory_server) by extension 'ignore_ament_install'
[0.218s] Level 1:colcon.colcon_core.package_identification:_identify(erc_trajectory_server) by extensions ['colcon_pkg']
[0.218s] Level 1:colcon.colcon_core.package_identification:_identify(erc_trajectory_server) by extension 'colcon_pkg'
[0.218s] Level 1:colcon.colcon_core.package_identification:_identify(erc_trajectory_server) by extensions ['colcon_meta']
[0.218s] Level 1:colcon.colcon_core.package_identification:_identify(erc_trajectory_server) by extension 'colcon_meta'
[0.218s] Level 1:colcon.colcon_core.package_identification:_identify(erc_trajectory_server) by extensions ['ros']
[0.218s] Level 1:colcon.colcon_core.package_identification:_identify(erc_trajectory_server) by extension 'ros'
[0.218s] DEBUG:colcon.colcon_core.package_identification:Package 'erc_trajectory_server' with type 'ros.ament_python' and name 'erc_trajectory_server'
[0.218s] Level 1:colcon.colcon_core.package_identification:_identify(explore) by extensions ['ignore', 'ignore_ament_install']
[0.219s] Level 1:colcon.colcon_core.package_identification:_identify(explore) by extension 'ignore'
[0.219s] Level 1:colcon.colcon_core.package_identification:_identify(explore) by extension 'ignore_ament_install'
[0.219s] Level 1:colcon.colcon_core.package_identification:_identify(explore) by extensions ['colcon_pkg']
[0.219s] Level 1:colcon.colcon_core.package_identification:_identify(explore) by extension 'colcon_pkg'
[0.219s] Level 1:colcon.colcon_core.package_identification:_identify(explore) by extensions ['colcon_meta']
[0.219s] Level 1:colcon.colcon_core.package_identification:_identify(explore) by extension 'colcon_meta'
[0.219s] Level 1:colcon.colcon_core.package_identification:_identify(explore) by extensions ['ros']
[0.219s] Level 1:colcon.colcon_core.package_identification:_identify(explore) by extension 'ros'
[0.220s] DEBUG:colcon.colcon_core.package_identification:Package 'explore' with type 'ros.ament_cmake' and name 'explore_lite'
[0.220s] Level 1:colcon.colcon_core.package_identification:_identify(install) by extensions ['ignore', 'ignore_ament_install']
[0.220s] Level 1:colcon.colcon_core.package_identification:_identify(install) by extension 'ignore'
[0.220s] Level 1:colcon.colcon_core.package_identification:_identify(install) ignored
[0.221s] Level 1:colcon.colcon_core.package_identification:_identify(log) by extensions ['ignore', 'ignore_ament_install']
[0.221s] Level 1:colcon.colcon_core.package_identification:_identify(log) by extension 'ignore'
[0.221s] Level 1:colcon.colcon_core.package_identification:_identify(log) ignored
[0.221s] Level 1:colcon.colcon_core.package_identification:_identify(mogi_trajectory_server) by extensions ['ignore', 'ignore_ament_install']
[0.221s] Level 1:colcon.colcon_core.package_identification:_identify(mogi_trajectory_server) by extension 'ignore'
[0.221s] Level 1:colcon.colcon_core.package_identification:_identify(mogi_trajectory_server) by extension 'ignore_ament_install'
[0.221s] Level 1:colcon.colcon_core.package_identification:_identify(mogi_trajectory_server) by extensions ['colcon_pkg']
[0.221s] Level 1:colcon.colcon_core.package_identification:_identify(mogi_trajectory_server) by extension 'colcon_pkg'
[0.221s] Level 1:colcon.colcon_core.package_identification:_identify(mogi_trajectory_server) by extensions ['colcon_meta']
[0.221s] Level 1:colcon.colcon_core.package_identification:_identify(mogi_trajectory_server) by extension 'colcon_meta'
[0.221s] Level 1:colcon.colcon_core.package_identification:_identify(mogi_trajectory_server) by extensions ['ros']
[0.221s] Level 1:colcon.colcon_core.package_identification:_identify(mogi_trajectory_server) by extension 'ros'
[0.222s] DEBUG:colcon.colcon_core.package_identification:Package 'mogi_trajectory_server' with type 'ros.ament_python' and name 'mogi_trajectory_server'
[0.222s] Level 1:colcon.colcon_core.package_discovery:discover_packages(recursive) using defaults
[0.222s] Level 1:colcon.colcon_core.package_discovery:discover_packages(ignore) discover
[0.222s] Level 1:colcon.colcon_core.package_discovery:discover_packages(ignore) using defaults
[0.222s] Level 1:colcon.colcon_core.package_discovery:discover_packages(path) discover
[0.222s] Level 1:colcon.colcon_core.package_discovery:discover_packages(path) using defaults
[0.247s] Level 1:colcon.colcon_core.package_discovery:discover_packages(prefix_path) check parameters
[0.247s] Level 1:colcon.colcon_core.package_discovery:discover_packages(prefix_path) discover
[0.250s] DEBUG:colcon.colcon_installed_package_information.package_discovery:Found 13 installed packages in /home/arnavb/erc_ws/src/install
[0.250s] DEBUG:colcon.colcon_installed_package_information.package_discovery:Found 4 installed packages in /home/arnavb/erc_ws/install
[0.251s] DEBUG:colcon.colcon_installed_package_information.package_discovery:Found 1 installed packages in /home/arnavb/erc_ws/src/erc_gazebo_basics/install
[0.253s] DEBUG:colcon.colcon_installed_package_information.package_discovery:Found 435 installed packages in /opt/ros/jazzy
[0.254s] Level 1:colcon.colcon_core.package_discovery:discover_packages(prefix_path) using defaults
[0.313s] Level 5:colcon.colcon_core.verb:set package 'assgn' build argument 'cmake_args' from command line to 'None'
[0.313s] Level 5:colcon.colcon_core.verb:set package 'assgn' build argument 'cmake_target' from command line to 'None'
[0.313s] Level 5:colcon.colcon_core.verb:set package 'assgn' build argument 'cmake_target_skip_unavailable' from command line to 'False'
[0.313s] Level 5:colcon.colcon_core.verb:set package 'assgn' build argument 'cmake_clean_cache' from command line to 'False'
[0.313s] Level 5:colcon.colcon_core.verb:set package 'assgn' build argument 'cmake_clean_first' from command line to 'False'
[0.313s] Level 5:colcon.colcon_core.verb:set package 'assgn' build argument 'cmake_force_configure' from command line to 'False'
[0.313s] Level 5:colcon.colcon_core.verb:set package 'assgn' build argument 'ament_cmake_args' from command line to 'None'
[0.313s] Level 5:colcon.colcon_core.verb:set package 'assgn' build argument 'catkin_cmake_args' from command line to 'None'
[0.313s] Level 5:colcon.colcon_core.verb:set package 'assgn' build argument 'catkin_skip_building_tests' from command line to 'False'
[0.313s] DEBUG:colcon.colcon_core.verb:Building package 'assgn' with the following arguments: {'ament_cmake_args': None, 'build_base': '/home/arnavb/erc_ws/src/build/assgn', 'catkin_cmake_args': None, 'catkin_skip_building_tests': False, 'cmake_args': None, 'cmake_clean_cache': False, 'cmake_clean_first': False, 'cmake_force_configure': False, 'cmake_target': None, 'cmake_target_skip_unavailable': False, 'install_base': '/home/arnavb/erc_ws/src/install/assgn', 'merge_install': False, 'path': '/home/arnavb/erc_ws/src/assgn', 'symlink_install': False, 'test_result_base': None}
[0.314s] Level 5:colcon.colcon_core.verb:set package 'erc_gazebo_basics' build argument 'cmake_args' from command line to 'None'
[0.314s] Level 5:colcon.colcon_core.verb:set package 'erc_gazebo_basics' build argument 'cmake_target' from command line to 'None'
[0.314s] Level 5:colcon.colcon_core.verb:set package 'erc_gazebo_basics' build argument 'cmake_target_skip_unavailable' from command line to 'False'
[0.314s] Level 5:colcon.colcon_core.verb:set package 'erc_gazebo_basics' build argument 'cmake_clean_cache' from command line to 'False'
[0.314s] Level 5:colcon.colcon_core.verb:set package 'erc_gazebo_basics' build argument 'cmake_clean_first' from command line to 'False'
[0.314s] Level 5:colcon.colcon_core.verb:set package 'erc_gazebo_basics' build argument 'cmake_force_configure' from command line to 'False'
[0.314s] Level 5:colcon.colcon_core.verb:set package 'erc_gazebo_basics' build argument 'ament_cmake_args' from command line to 'None'
[0.314s] Level 5:colcon.colcon_core.verb:set package 'erc_gazebo_basics' build argument 'catkin_cmake_args' from command line to 'None'
[0.314s] Level 5:colcon.colcon_core.verb:set package 'erc_gazebo_basics' build argument 'catkin_skip_building_tests' from command line to 'False'
[0.314s] DEBUG:colcon.colcon_core.verb:Building package 'erc_gazebo_basics' with the following arguments: {'ament_cmake_args': None, 'build_base': '/home/arnavb/erc_ws/src/build/erc_gazebo_basics', 'catkin_cmake_args': None, 'catkin_skip_building_tests': False, 'cmake_args': None, 'cmake_clean_cache': False, 'cmake_clean_first': False, 'cmake_force_configure': False, 'cmake_target': None, 'cmake_target_skip_unavailable': False, 'install_base': '/home/arnavb/erc_ws/src/install/erc_gazebo_basics', 'merge_install': False, 'path': '/home/arnavb/erc_ws/src/erc_gazebo_basics', 'symlink_install': False, 'test_result_base': None}
[0.314s] Level 5:colcon.colcon_core.verb:set package 'erc_gazebo_sensors' build argument 'cmake_args' from command line to 'None'
[0.314s] Level 5:colcon.colcon_core.verb:set package 'erc_gazebo_sensors' build argument 'cmake_target' from command line to 'None'
[0.314s] Level 5:colcon.colcon_core.verb:set package 'erc_gazebo_sensors' build argument 'cmake_target_skip_unavailable' from command line to 'False'
[0.314s] Level 5:colcon.colcon_core.verb:set package 'erc_gazebo_sensors' build argument 'cmake_clean_cache' from command line to 'False'
[0.314s] Level 5:colcon.colcon_core.verb:set package 'erc_gazebo_sensors' build argument 'cmake_clean_first' from command line to 'False'
[0.314s] Level 5:colcon.colcon_core.verb:set package 'erc_gazebo_sensors' build argument 'cmake_force_configure' from command line to 'False'
[0.314s] Level 5:colcon.colcon_core.verb:set package 'erc_gazebo_sensors' build argument 'ament_cmake_args' from command line to 'None'
[0.314s] Level 5:colcon.colcon_core.verb:set package 'erc_gazebo_sensors' build argument 'catkin_cmake_args' from command line to 'None'
[0.314s] Level 5:colcon.colcon_core.verb:set package 'erc_gazebo_sensors' build argument 'catkin_skip_building_tests' from command line to 'False'
[0.314s] DEBUG:colcon.colcon_core.verb:Building package 'erc_gazebo_sensors' with the following arguments: {'ament_cmake_args': None, 'build_base': '/home/arnavb/erc_ws/src/build/erc_gazebo_sensors', 'catkin_cmake_args': None, 'catkin_skip_building_tests': False, 'cmake_args': None, 'cmake_clean_cache': False, 'cmake_clean_first': False, 'cmake_force_configure': False, 'cmake_target': None, 'cmake_target_skip_unavailable': False, 'install_base': '/home/arnavb/erc_ws/src/install/erc_gazebo_sensors', 'merge_install': False, 'path': '/home/arnavb/erc_ws/src/erc_gazebo_sensors', 'symlink_install': False, 'test_result_base': None}
[0.315s] Level 5:colcon.colcon_core.verb:set package 'erc_gazebo_sensors_py' build argument 'cmake_args' from command line to 'None'
[0.315s] Level 5:colcon.colcon_core.verb:set package 'erc_gazebo_sensors_py' build argument 'cmake_target' from command line to 'None'
[0.315s] Level 5:colcon.colcon_core.verb:set package 'erc_gazebo_sensors_py' build argument 'cmake_target_skip_unavailable' from command line to 'False'
[0.315s] Level 5:colcon.colcon_core.verb:set package 'erc_gazebo_sensors_py' build argument 'cmake_clean_cache' from command line to 'False'
[0.315s] Level 5:colcon.colcon_core.verb:set package 'erc_gazebo_sensors_py' build argument 'cmake_clean_first' from command line to 'False'
[0.315s] Level 5:colcon.colcon_core.verb:set package 'erc_gazebo_sensors_py' build argument 'cmake_force_configure' from command line to 'False'
[0.315s] Level 5:colcon.colcon_core.verb:set package 'erc_gazebo_sensors_py' build argument 'ament_cmake_args' from command line to 'None'
[0.315s] Level 5:colcon.colcon_core.verb:set package 'erc_gazebo_sensors_py' build argument 'catkin_cmake_args' from command line to 'None'
[0.315s] Level 5:colcon.colcon_core.verb:set package 'erc_gazebo_sensors_py' build argument 'catkin_skip_building_tests' from command line to 'False'
[0.315s] DEBUG:colcon.colcon_core.verb:Building package 'erc_gazebo_sensors_py' with the following arguments: {'ament_cmake_args': None, 'build_base': '/home/arnavb/erc_ws/src/build/erc_gazebo_sensors_py', 'catkin_cmake_args': None, 'catkin_skip_building_tests': False, 'cmake_args': None, 'cmake_clean_cache': False, 'cmake_clean_first': False, 'cmake_force_configure': False, 'cmake_target': None, 'cmake_target_skip_unavailable': False, 'install_base': '/home/arnavb/erc_ws/src/install/erc_gazebo_sensors_py', 'merge_install': False, 'path': '/home/arnavb/erc_ws/src/erc_gazebo_sensors_py', 'symlink_install': False, 'test_result_base': None}
[0.315s] Level 5:colcon.colcon_core.verb:set package 'erc_ros2_navigation' build argument 'cmake_args' from command line to 'None'
[0.315s] Level 5:colcon.colcon_core.verb:set package 'erc_ros2_navigation' build argument 'cmake_target' from command line to 'None'
[0.315s] Level 5:colcon.colcon_core.verb:set package 'erc_ros2_navigation' build argument 'cmake_target_skip_unavailable' from command line to 'False'
[0.315s] Level 5:colcon.colcon_core.verb:set package 'erc_ros2_navigation' build argument 'cmake_clean_cache' from command line to 'False'
[0.315s] Level 5:colcon.colcon_core.verb:set package 'erc_ros2_navigation' build argument 'cmake_clean_first' from command line to 'False'
[0.315s] Level 5:colcon.colcon_core.verb:set package 'erc_ros2_navigation' build argument 'cmake_force_configure' from command line to 'False'
[0.315s] Level 5:colcon.colcon_core.verb:set package 'erc_ros2_navigation' build argument 'ament_cmake_args' from command line to 'None'
[0.315s] Level 5:colcon.colcon_core.verb:set package 'erc_ros2_navigation' build argument 'catkin_cmake_args' from command line to 'None'
[0.315s] Level 5:colcon.colcon_core.verb:set package 'erc_ros2_navigation' build argument 'catkin_skip_building_tests' from command line to 'False'
[0.315s] DEBUG:colcon.colcon_core.verb:Building package 'erc_ros2_navigation' with the following arguments: {'ament_cmake_args': None, 'build_base': '/home/arnavb/erc_ws/src/build/erc_ros2_navigation', 'catkin_cmake_args': None, 'catkin_skip_building_tests': False, 'cmake_args': None, 'cmake_clean_cache': False, 'cmake_clean_first': False, 'cmake_force_configure': False, 'cmake_target': None, 'cmake_target_skip_unavailable': False, 'install_base': '/home/arnavb/erc_ws/src/install/erc_ros2_navigation', 'merge_install': False, 'path': '/home/arnavb/erc_ws/src/erc_ros2_navigation', 'symlink_install': False, 'test_result_base': None}
[0.316s] Level 5:colcon.colcon_core.verb:set package 'erc_ros2_navigation_py' build argument 'cmake_args' from command line to 'None'
[0.316s] Level 5:colcon.colcon_core.verb:set package 'erc_ros2_navigation_py' build argument 'cmake_target' from command line to 'None'
[0.316s] Level 5:colcon.colcon_core.verb:set package 'erc_ros2_navigation_py' build argument 'cmake_target_skip_unavailable' from command line to 'False'
[0.316s] Level 5:colcon.colcon_core.verb:set package 'erc_ros2_navigation_py' build argument 'cmake_clean_cache' from command line to 'False'
[0.316s] Level 5:colcon.colcon_core.verb:set package 'erc_ros2_navigation_py' build argument 'cmake_clean_first' from command line to 'False'
[0.316s] Level 5:colcon.colcon_core.verb:set package 'erc_ros2_navigation_py' build argument 'cmake_force_configure' from command line to 'False'
[0.316s] Level 5:colcon.colcon_core.verb:set package 'erc_ros2_navigation_py' build argument 'ament_cmake_args' from command line to 'None'
[0.316s] Level 5:colcon.colcon_core.verb:set package 'erc_ros2_navigation_py' build argument 'catkin_cmake_args' from command line to 'None'
[0.316s] Level 5:colcon.colcon_core.verb:set package 'erc_ros2_navigation_py' build argument 'catkin_skip_building_tests' from command line to 'False'
[0.316s] DEBUG:colcon.colcon_core.verb:Building package 'erc_ros2_navigation_py' with the following arguments: {'ament_cmake_args': None, 'build_base': '/home/arnavb/erc_ws/src/build/erc_ros2_navigation_py', 'catkin_cmake_args': None, 'catkin_skip_building_tests': False, 'cmake_args': None, 'cmake_clean_cache': False, 'cmake_clean_first': False, 'cmake_force_configure': False, 'cmake_target': None, 'cmake_target_skip_unavailable': False, 'install_base': '/home/arnavb/erc_ws/src/install/erc_ros2_navigation_py', 'merge_install': False, 'path': '/home/arnavb/erc_ws/src/erc_ros2_navigation_py', 'symlink_install': False, 'test_result_base': None}
[0.316s] Level 5:colcon.colcon_core.verb:set package 'erc_ros2_simple_arm' build argument 'cmake_args' from command line to 'None'
[0.316s] Level 5:colcon.colcon_core.verb:set package 'erc_ros2_simple_arm' build argument 'cmake_target' from command line to 'None'
[0.316s] Level 5:colcon.colcon_core.verb:set package 'erc_ros2_simple_arm' build argument 'cmake_target_skip_unavailable' from command line to 'False'
[0.316s] Level 5:colcon.colcon_core.verb:set package 'erc_ros2_simple_arm' build argument 'cmake_clean_cache' from command line to 'False'
[0.316s] Level 5:colcon.colcon_core.verb:set package 'erc_ros2_simple_arm' build argument 'cmake_clean_first' from command line to 'False'
[0.316s] Level 5:colcon.colcon_core.verb:set package 'erc_ros2_simple_arm' build argument 'cmake_force_configure' from command line to 'False'
[0.316s] Level 5:colcon.colcon_core.verb:set package 'erc_ros2_simple_arm' build argument 'ament_cmake_args' from command line to 'None'
[0.316s] Level 5:colcon.colcon_core.verb:set package 'erc_ros2_simple_arm' build argument 'catkin_cmake_args' from command line to 'None'
[0.316s] Level 5:colcon.colcon_core.verb:set package 'erc_ros2_simple_arm' build argument 'catkin_skip_building_tests' from command line to 'False'
[0.316s] DEBUG:colcon.colcon_core.verb:Building package 'erc_ros2_simple_arm' with the following arguments: {'ament_cmake_args': None, 'build_base': '/home/arnavb/erc_ws/src/build/erc_ros2_simple_arm', 'catkin_cmake_args': None, 'catkin_skip_building_tests': False, 'cmake_args': None, 'cmake_clean_cache': False, 'cmake_clean_first': False, 'cmake_force_configure': False, 'cmake_target': None, 'cmake_target_skip_unavailable': False, 'install_base': '/home/arnavb/erc_ws/src/install/erc_ros2_simple_arm', 'merge_install': False, 'path': '/home/arnavb/erc_ws/src/erc_ros2_simple_arm', 'symlink_install': False, 'test_result_base': None}
[0.316s] Level 5:colcon.colcon_core.verb:set package 'erc_ros2_simple_arm_py' build argument 'cmake_args' from command line to 'None'
[0.316s] Level 5:colcon.colcon_core.verb:set package 'erc_ros2_simple_arm_py' build argument 'cmake_target' from command line to 'None'
[0.316s] Level 5:colcon.colcon_core.verb:set package 'erc_ros2_simple_arm_py' build argument 'cmake_target_skip_unavailable' from command line to 'False'
[0.316s] Level 5:colcon.colcon_core.verb:set package 'erc_ros2_simple_arm_py' build argument 'cmake_clean_cache' from command line to 'False'
[0.316s] Level 5:colcon.colcon_core.verb:set package 'erc_ros2_simple_arm_py' build argument 'cmake_clean_first' from command line to 'False'
[0.316s] Level 5:colcon.colcon_core.verb:set package 'erc_ros2_simple_arm_py' build argument 'cmake_force_configure' from command line to 'False'
[0.317s] Level 5:colcon.colcon_core.verb:set package 'erc_ros2_simple_arm_py' build argument 'ament_cmake_args' from command line to 'None'
[0.317s] Level 5:colcon.colcon_core.verb:set package 'erc_ros2_simple_arm_py' build argument 'catkin_cmake_args' from command line to 'None'
[0.317s] Level 5:colcon.colcon_core.verb:set package 'erc_ros2_simple_arm_py' build argument 'catkin_skip_building_tests' from command line to 'False'
[0.317s] DEBUG:colcon.colcon_core.verb:Building package 'erc_ros2_simple_arm_py' with the following arguments: {'ament_cmake_args': None, 'build_base': '/home/arnavb/erc_ws/src/build/erc_ros2_simple_arm_py', 'catkin_cmake_args': None, 'catkin_skip_building_tests': False, 'cmake_args': None, 'cmake_clean_cache': False, 'cmake_clean_first': False, 'cmake_force_configure': False, 'cmake_target': None, 'cmake_target_skip_unavailable': False, 'install_base': '/home/arnavb/erc_ws/src/install/erc_ros2_simple_arm_py', 'merge_install': False, 'path': '/home/arnavb/erc_ws/src/erc_ros2_simple_arm_py', 'symlink_install': False, 'test_result_base': None}
[0.317s] Level 5:colcon.colcon_core.verb:set package 'erc_trajectory_server' build argument 'cmake_args' from command line to 'None'
[0.317s] Level 5:colcon.colcon_core.verb:set package 'erc_trajectory_server' build argument 'cmake_target' from command line to 'None'
[0.317s] Level 5:colcon.colcon_core.verb:set package 'erc_trajectory_server' build argument 'cmake_target_skip_unavailable' from command line to 'False'
[0.317s] Level 5:colcon.colcon_core.verb:set package 'erc_trajectory_server' build argument 'cmake_clean_cache' from command line to 'False'
[0.317s] Level 5:colcon.colcon_core.verb:set package 'erc_trajectory_server' build argument 'cmake_clean_first' from command line to 'False'
[0.317s] Level 5:colcon.colcon_core.verb:set package 'erc_trajectory_server' build argument 'cmake_force_configure' from command line to 'False'
[0.317s] Level 5:colcon.colcon_core.verb:set package 'erc_trajectory_server' build argument 'ament_cmake_args' from command line to 'None'
[0.317s] Level 5:colcon.colcon_core.verb:set package 'erc_trajectory_server' build argument 'catkin_cmake_args' from command line to 'None'
[0.317s] Level 5:colcon.colcon_core.verb:set package 'erc_trajectory_server' build argument 'catkin_skip_building_tests' from command line to 'False'
[0.317s] DEBUG:colcon.colcon_core.verb:Building package 'erc_trajectory_server' with the following arguments: {'ament_cmake_args': None, 'build_base': '/home/arnavb/erc_ws/src/build/erc_trajectory_server', 'catkin_cmake_args': None, 'catkin_skip_building_tests': False, 'cmake_args': None, 'cmake_clean_cache': False, 'cmake_clean_first': False, 'cmake_force_configure': False, 'cmake_target': None, 'cmake_target_skip_unavailable': False, 'install_base': '/home/arnavb/erc_ws/src/install/erc_trajectory_server', 'merge_install': False, 'path': '/home/arnavb/erc_ws/src/erc_trajectory_server', 'symlink_install': False, 'test_result_base': None}
[0.317s] Level 5:colcon.colcon_core.verb:set package 'explore_lite' build argument 'cmake_args' from command line to 'None'
[0.317s] Level 5:colcon.colcon_core.verb:set package 'explore_lite' build argument 'cmake_target' from command line to 'None'
[0.317s] Level 5:colcon.colcon_core.verb:set package 'explore_lite' build argument 'cmake_target_skip_unavailable' from command line to 'False'
[0.317s] Level 5:colcon.colcon_core.verb:set package 'explore_lite' build argument 'cmake_clean_cache' from command line to 'False'
[0.317s] Level 5:colcon.colcon_core.verb:set package 'explore_lite' build argument 'cmake_clean_first' from command line to 'False'
[0.317s] Level 5:colcon.colcon_core.verb:set package 'explore_lite' build argument 'cmake_force_configure' from command line to 'False'
[0.317s] Level 5:colcon.colcon_core.verb:set package 'explore_lite' build argument 'ament_cmake_args' from command line to 'None'
[0.317s] Level 5:colcon.colcon_core.verb:set package 'explore_lite' build argument 'catkin_cmake_args' from command line to 'None'
[0.317s] Level 5:colcon.colcon_core.verb:set package 'explore_lite' build argument 'catkin_skip_building_tests' from command line to 'False'
[0.317s] DEBUG:colcon.colcon_core.verb:Building package 'explore_lite' with the following arguments: {'ament_cmake_args': None, 'build_base': '/home/arnavb/erc_ws/src/build/explore_lite', 'catkin_cmake_args': None, 'catkin_skip_building_tests': False, 'cmake_args': None, 'cmake_clean_cache': False, 'cmake_clean_first': False, 'cmake_force_configure': False, 'cmake_target': None, 'cmake_target_skip_unavailable': False, 'install_base': '/home/arnavb/erc_ws/src/install/explore_lite', 'merge_install': False, 'path': '/home/arnavb/erc_ws/src/explore', 'symlink_install': False, 'test_result_base': None}
[0.318s] Level 5:colcon.colcon_core.verb:set package 'mogi_trajectory_server' build argument 'cmake_args' from command line to 'None'
[0.318s] Level 5:colcon.colcon_core.verb:set package 'mogi_trajectory_server' build argument 'cmake_target' from command line to 'None'
[0.318s] Level 5:colcon.colcon_core.verb:set package 'mogi_trajectory_server' build argument 'cmake_target_skip_unavailable' from command line to 'False'
[0.318s] Level 5:colcon.colcon_core.verb:set package 'mogi_trajectory_server' build argument 'cmake_clean_cache' from command line to 'False'
[0.318s] Level 5:colcon.colcon_core.verb:set package 'mogi_trajectory_server' build argument 'cmake_clean_first' from command line to 'False'
[0.318s] Level 5:colcon.colcon_core.verb:set package 'mogi_trajectory_server' build argument 'cmake_force_configure' from command line to 'False'
[0.318s] Level 5:colcon.colcon_core.verb:set package 'mogi_trajectory_server' build argument 'ament_cmake_args' from command line to 'None'
[0.318s] Level 5:colcon.colcon_core.verb:set package 'mogi_trajectory_server' build argument 'catkin_cmake_args' from command line to 'None'
[0.318s] Level 5:colcon.colcon_core.verb:set package 'mogi_trajectory_server' build argument 'catkin_skip_building_tests' from command line to 'False'
[0.318s] DEBUG:colcon.colcon_core.verb:Building package 'mogi_trajectory_server' with the following arguments: {'ament_cmake_args': None, 'build_base': '/home/arnavb/erc_ws/src/build/mogi_trajectory_server', 'catkin_cmake_args': None, 'catkin_skip_building_tests': False, 'cmake_args': None, 'cmake_clean_cache': False, 'cmake_clean_first': False, 'cmake_force_configure': False, 'cmake_target': None, 'cmake_target_skip_unavailable': False, 'install_base': '/home/arnavb/erc_ws/src/install/mogi_trajectory_server', 'merge_install': False, 'path': '/home/arnavb/erc_ws/src/mogi_trajectory_server', 'symlink_install': False, 'test_result_base': None}
[0.318s] INFO:colcon.colcon_core.executor:Executing jobs using 'parallel' executor
[0.319s] DEBUG:colcon.colcon_parallel_executor.executor.parallel:run_until_complete
[0.319s] INFO:colcon.colcon_ros.task.ament_python.build:Building ROS package in '/home/arnavb/erc_ws/src/assgn' with build type 'ament_python'
[0.319s] Level 1:colcon.colcon_core.shell:create_environment_hook('assgn', 'ament_prefix_path')
[0.322s] INFO:colcon.colcon_core.plugin_system:Skipping extension 'colcon_core.shell.bat': Not used on non-Windows systems
[0.322s] INFO:colcon.colcon_core.shell:Creating environment hook '/home/arnavb/erc_ws/src/install/assgn/share/assgn/hook/ament_prefix_path.ps1'
[0.323s] INFO:colcon.colcon_core.shell:Creating environment descriptor '/home/arnavb/erc_ws/src/install/assgn/share/assgn/hook/ament_prefix_path.dsv'
[0.324s] INFO:colcon.colcon_core.shell:Creating environment hook '/home/arnavb/erc_ws/src/install/assgn/share/assgn/hook/ament_prefix_path.sh'
[0.325s] INFO:colcon.colcon_core.shell:Skip shell extension 'powershell' for command environment: Not usable outside of PowerShell
[0.325s] DEBUG:colcon.colcon_core.shell:Skip shell extension 'dsv' for command environment
[0.331s] INFO:colcon.colcon_ros.task.ament_cmake.build:Building ROS package in '/home/arnavb/erc_ws/src/erc_gazebo_basics' with build type 'ament_cmake'
[0.332s] INFO:colcon.colcon_cmake.task.cmake.build:Building CMake package in '/home/arnavb/erc_ws/src/erc_gazebo_basics'
[0.332s] INFO:colcon.colcon_core.shell:Skip shell extension 'powershell' for command environment: Not usable outside of PowerShell
[0.332s] DEBUG:colcon.colcon_core.shell:Skip shell extension 'dsv' for command environment
[0.337s] INFO:colcon.colcon_ros.task.ament_cmake.build:Building ROS package in '/home/arnavb/erc_ws/src/erc_gazebo_sensors' with build type 'ament_cmake'
[0.337s] INFO:colcon.colcon_cmake.task.cmake.build:Building CMake package in '/home/arnavb/erc_ws/src/erc_gazebo_sensors'
[0.338s] INFO:colcon.colcon_core.shell:Skip shell extension 'powershell' for command environment: Not usable outside of PowerShell
[0.338s] DEBUG:colcon.colcon_core.shell:Skip shell extension 'dsv' for command environment
[0.344s] INFO:colcon.colcon_ros.task.ament_python.build:Building ROS package in '/home/arnavb/erc_ws/src/erc_gazebo_sensors_py' with build type 'ament_python'
[0.344s] Level 1:colcon.colcon_core.shell:create_environment_hook('erc_gazebo_sensors_py', 'ament_prefix_path')
[0.344s] INFO:colcon.colcon_core.shell:Creating environment hook '/home/arnavb/erc_ws/src/install/erc_gazebo_sensors_py/share/erc_gazebo_sensors_py/hook/ament_prefix_path.ps1'
[0.345s] INFO:colcon.colcon_core.shell:Creating environment descriptor '/home/arnavb/erc_ws/src/install/erc_gazebo_sensors_py/share/erc_gazebo_sensors_py/hook/ament_prefix_path.dsv'
[0.345s] INFO:colcon.colcon_core.shell:Creating environment hook '/home/arnavb/erc_ws/src/install/erc_gazebo_sensors_py/share/erc_gazebo_sensors_py/hook/ament_prefix_path.sh'
[0.346s] INFO:colcon.colcon_core.shell:Skip shell extension 'powershell' for command environment: Not usable outside of PowerShell
[0.346s] DEBUG:colcon.colcon_core.shell:Skip shell extension 'dsv' for command environment
[0.351s] INFO:colcon.colcon_ros.task.ament_cmake.build:Building ROS package in '/home/arnavb/erc_ws/src/erc_ros2_navigation' with build type 'ament_cmake'
[0.351s] INFO:colcon.colcon_cmake.task.cmake.build:Building CMake package in '/home/arnavb/erc_ws/src/erc_ros2_navigation'
[0.351s] INFO:colcon.colcon_core.shell:Skip shell extension 'powershell' for command environment: Not usable outside of PowerShell
[0.351s] DEBUG:colcon.colcon_core.shell:Skip shell extension 'dsv' for command environment
[0.357s] INFO:colcon.colcon_ros.task.ament_python.build:Building ROS package in '/home/arnavb/erc_ws/src/erc_ros2_navigation_py' with build type 'ament_python'
[0.357s] Level 1:colcon.colcon_core.shell:create_environment_hook('erc_ros2_navigation_py', 'ament_prefix_path')
[0.357s] INFO:colcon.colcon_core.shell:Creating environment hook '/home/arnavb/erc_ws/src/install/erc_ros2_navigation_py/share/erc_ros2_navigation_py/hook/ament_prefix_path.ps1'
[0.358s] INFO:colcon.colcon_core.shell:Creating environment descriptor '/home/arnavb/erc_ws/src/install/erc_ros2_navigation_py/share/erc_ros2_navigation_py/hook/ament_prefix_path.dsv'
[0.359s] INFO:colcon.colcon_core.shell:Creating environment hook '/home/arnavb/erc_ws/src/install/erc_ros2_navigation_py/share/erc_ros2_navigation_py/hook/ament_prefix_path.sh'
[0.360s] INFO:colcon.colcon_core.shell:Skip shell extension 'powershell' for command environment: Not usable outside of PowerShell
[0.360s] DEBUG:colcon.colcon_core.shell:Skip shell extension 'dsv' for command environment
[0.367s] INFO:colcon.colcon_ros.task.ament_cmake.build:Building ROS package in '/home/arnavb/erc_ws/src/erc_ros2_simple_arm' with build type 'ament_cmake'
[0.367s] INFO:colcon.colcon_cmake.task.cmake.build:Building CMake package in '/home/arnavb/erc_ws/src/erc_ros2_simple_arm'
[0.367s] INFO:colcon.colcon_core.shell:Skip shell extension 'powershell' for command environment: Not usable outside of PowerShell
[0.368s] DEBUG:colcon.colcon_core.shell:Skip shell extension 'dsv' for command environment
[0.373s] INFO:colcon.colcon_ros.task.ament_python.build:Building ROS package in '/home/arnavb/erc_ws/src/erc_ros2_simple_arm_py' with build type 'ament_python'
[0.374s] Level 1:colcon.colcon_core.shell:create_environment_hook('erc_ros2_simple_arm_py', 'ament_prefix_path')
[0.374s] INFO:colcon.colcon_core.shell:Creating environment hook '/home/arnavb/erc_ws/src/install/erc_ros2_simple_arm_py/share/erc_ros2_simple_arm_py/hook/ament_prefix_path.ps1'
[0.375s] INFO:colcon.colcon_core.shell:Creating environment descriptor '/home/arnavb/erc_ws/src/install/erc_ros2_simple_arm_py/share/erc_ros2_simple_arm_py/hook/ament_prefix_path.dsv'
[0.375s] INFO:colcon.colcon_core.shell:Creating environment hook '/home/arnavb/erc_ws/src/install/erc_ros2_simple_arm_py/share/erc_ros2_simple_arm_py/hook/ament_prefix_path.sh'
[0.394s] INFO:colcon.colcon_core.shell:Skip shell extension 'powershell' for command environment: Not usable outside of PowerShell
[0.394s] DEBUG:colcon.colcon_core.shell:Skip shell extension 'dsv' for command environment
[0.402s] INFO:colcon.colcon_ros.task.ament_python.build:Building ROS package in '/home/arnavb/erc_ws/src/erc_trajectory_server' with build type 'ament_python'
[0.402s] Level 1:colcon.colcon_core.shell:create_environment_hook('erc_trajectory_server', 'ament_prefix_path')
[0.402s] INFO:colcon.colcon_core.shell:Creating environment hook '/home/arnavb/erc_ws/src/install/erc_trajectory_server/share/erc_trajectory_server/hook/ament_prefix_path.ps1'
[0.403s] INFO:colcon.colcon_core.shell:Creating environment descriptor '/home/arnavb/erc_ws/src/install/erc_trajectory_server/share/erc_trajectory_server/hook/ament_prefix_path.dsv'
[0.404s] INFO:colcon.colcon_core.shell:Creating environment hook '/home/arnavb/erc_ws/src/install/erc_trajectory_server/share/erc_trajectory_server/hook/ament_prefix_path.sh'
[0.404s] INFO:colcon.colcon_core.shell:Skip shell extension 'powershell' for command environment: Not usable outside of PowerShell
[0.404s] DEBUG:colcon.colcon_core.shell:Skip shell extension 'dsv' for command environment
[0.412s] INFO:colcon.colcon_ros.task.ament_cmake.build:Building ROS package in '/home/arnavb/erc_ws/src/explore' with build type 'ament_cmake'
[0.412s] INFO:colcon.colcon_cmake.task.cmake.build:Building CMake package in '/home/arnavb/erc_ws/src/explore'
[0.413s] INFO:colcon.colcon_core.shell:Skip shell extension 'powershell' for command environment: Not usable outside of PowerShell
[0.413s] DEBUG:colcon.colcon_core.shell:Skip shell extension 'dsv' for command environment
[0.420s] INFO:colcon.colcon_ros.task.ament_python.build:Building ROS package in '/home/arnavb/erc_ws/src/mogi_trajectory_server' with build type 'ament_python'
[0.421s] Level 1:colcon.colcon_core.shell:create_environment_hook('mogi_trajectory_server', 'ament_prefix_path')
[0.421s] INFO:colcon.colcon_core.shell:Creating environment hook '/home/arnavb/erc_ws/src/install/mogi_trajectory_server/share/mogi_trajectory_server/hook/ament_prefix_path.ps1'
[0.422s] INFO:colcon.colcon_core.shell:Creating environment descriptor '/home/arnavb/erc_ws/src/install/mogi_trajectory_server/share/mogi_trajectory_server/hook/ament_prefix_path.dsv'
[0.422s] INFO:colcon.colcon_core.shell:Creating environment hook '/home/arnavb/erc_ws/src/install/mogi_trajectory_server/share/mogi_trajectory_server/hook/ament_prefix_path.sh'
[0.423s] INFO:colcon.colcon_core.shell:Skip shell extension 'powershell' for command environment: Not usable outside of PowerShell
[0.423s] DEBUG:colcon.colcon_core.shell:Skip shell extension 'dsv' for command environment
[0.713s] INFO:colcon.colcon_core.task.python.build:Building Python package in '/home/arnavb/erc_ws/src/assgn'
[0.713s] INFO:colcon.colcon_core.shell:Skip shell extension 'powershell' for command environment: Not usable outside of PowerShell
[0.713s] DEBUG:colcon.colcon_core.shell:Skip shell extension 'dsv' for command environment
[0.722s] DEBUG:colcon.colcon_core.event_handler.log_command:Invoking command in '/home/arnavb/erc_ws/src/build/erc_gazebo_basics': CMAKE_PREFIX_PATH=${CMAKE_PREFIX_PATH}:/home/arnavb/erc_ws/src/install/week1_tutorials:/home/arnavb/erc_ws/src/install/stark_os:/home/arnavb/erc_ws/src/install/mogi_trajectory_server:/home/arnavb/erc_ws/src/install/erc_trajectory_server:/home/arnavb/erc_ws/src/install/erc_ros2_simple_arm_py:/home/arnavb/erc_ws/src/install/erc_ros2_navigation_py:/home/arnavb/erc_ws/src/install/erc_gazebo_sensors_py:/home/arnavb/erc_ws/src/install/assgn:/home/arnavb/erc_ws/install/week1_tutorials:/home/arnavb/erc_ws/install/stark_os:/home/arnavb/erc_ws/install/mogi_trajectory_server:/opt/ros/jazzy DEBUGINFOD_URLS=https://debuginfod.ubuntu.com /usr/bin/cmake --build /home/arnavb/erc_ws/src/build/erc_gazebo_basics -- -j20 -l20
[0.726s] DEBUG:colcon.colcon_core.event_handler.log_command:Invoking command in '/home/arnavb/erc_ws/src/build/erc_gazebo_sensors': CMAKE_PREFIX_PATH=${CMAKE_PREFIX_PATH}:/home/arnavb/erc_ws/src/install/week1_tutorials:/home/arnavb/erc_ws/src/install/stark_os:/home/arnavb/erc_ws/src/install/mogi_trajectory_server:/home/arnavb/erc_ws/src/install/erc_trajectory_server:/home/arnavb/erc_ws/src/install/erc_ros2_simple_arm_py:/home/arnavb/erc_ws/src/install/erc_ros2_navigation_py:/home/arnavb/erc_ws/src/install/erc_gazebo_sensors_py:/home/arnavb/erc_ws/src/install/assgn:/home/arnavb/erc_ws/install/week1_tutorials:/home/arnavb/erc_ws/install/stark_os:/home/arnavb/erc_ws/install/mogi_trajectory_server:/opt/ros/jazzy DEBUGINFOD_URLS=https://debuginfod.ubuntu.com /usr/bin/cmake --build /home/arnavb/erc_ws/src/build/erc_gazebo_sensors -- -j20 -l20
[1.011s] INFO:colcon.colcon_core.task.python.build:Building Python package in '/home/arnavb/erc_ws/src/erc_gazebo_sensors_py'
[1.012s] INFO:colcon.colcon_core.shell:Skip shell extension 'powershell' for command environment: Not usable outside of PowerShell
[1.012s] DEBUG:colcon.colcon_core.shell:Skip shell extension 'dsv' for command environment
[1.021s] DEBUG:colcon.colcon_core.event_handler.log_command:Invoking command in '/home/arnavb/erc_ws/src/build/erc_ros2_navigation': CMAKE_PREFIX_PATH=${CMAKE_PREFIX_PATH}:/home/arnavb/erc_ws/src/install/week1_tutorials:/home/arnavb/erc_ws/src/install/stark_os:/home/arnavb/erc_ws/src/install/mogi_trajectory_server:/home/arnavb/erc_ws/src/install/erc_trajectory_server:/home/arnavb/erc_ws/src/install/erc_ros2_simple_arm_py:/home/arnavb/erc_ws/src/install/erc_ros2_navigation_py:/home/arnavb/erc_ws/src/install/erc_gazebo_sensors_py:/home/arnavb/erc_ws/src/install/assgn:/home/arnavb/erc_ws/install/week1_tutorials:/home/arnavb/erc_ws/install/stark_os:/home/arnavb/erc_ws/install/mogi_trajectory_server:/opt/ros/jazzy DEBUGINFOD_URLS=https://debuginfod.ubuntu.com /usr/bin/cmake --build /home/arnavb/erc_ws/src/build/erc_ros2_navigation -- -j20 -l20
[1.299s] INFO:colcon.colcon_core.task.python.build:Building Python package in '/home/arnavb/erc_ws/src/erc_ros2_navigation_py'
[1.300s] INFO:colcon.colcon_core.shell:Skip shell extension 'powershell' for command environment: Not usable outside of PowerShell
[1.300s] DEBUG:colcon.colcon_core.shell:Skip shell extension 'dsv' for command environment
[1.308s] DEBUG:colcon.colcon_core.event_handler.log_command:Invoking command in '/home/arnavb/erc_ws/src/build/erc_ros2_simple_arm': CMAKE_PREFIX_PATH=${CMAKE_PREFIX_PATH}:/home/arnavb/erc_ws/src/install/week1_tutorials:/home/arnavb/erc_ws/src/install/stark_os:/home/arnavb/erc_ws/src/install/mogi_trajectory_server:/home/arnavb/erc_ws/src/install/erc_trajectory_server:/home/arnavb/erc_ws/src/install/erc_ros2_simple_arm_py:/home/arnavb/erc_ws/src/install/erc_ros2_navigation_py:/home/arnavb/erc_ws/src/install/erc_gazebo_sensors_py:/home/arnavb/erc_ws/src/install/assgn:/home/arnavb/erc_ws/install/week1_tutorials:/home/arnavb/erc_ws/install/stark_os:/home/arnavb/erc_ws/install/mogi_trajectory_server:/opt/ros/jazzy DEBUGINFOD_URLS=https://debuginfod.ubuntu.com /usr/bin/cmake --build /home/arnavb/erc_ws/src/build/erc_ros2_simple_arm -- -j20 -l20
[1.590s] INFO:colcon.colcon_core.task.python.build:Building Python package in '/home/arnavb/erc_ws/src/erc_ros2_simple_arm_py'
[1.591s] INFO:colcon.colcon_core.shell:Skip shell extension 'powershell' for command environment: Not usable outside of PowerShell
[1.591s] DEBUG:colcon.colcon_core.shell:Skip shell extension 'dsv' for command environment
[1.868s] INFO:colcon.colcon_core.task.python.build:Building Python package in '/home/arnavb/erc_ws/src/erc_trajectory_server'
[1.868s] INFO:colcon.colcon_core.shell:Skip shell extension 'powershell' for command environment: Not usable outside of PowerShell
[1.868s] DEBUG:colcon.colcon_core.shell:Skip shell extension 'dsv' for command environment
[1.877s] DEBUG:colcon.colcon_core.event_handler.log_command:Invoking command in '/home/arnavb/erc_ws/src/build/explore_lite': CMAKE_PREFIX_PATH=${CMAKE_PREFIX_PATH}:/home/arnavb/erc_ws/src/install/week1_tutorials:/home/arnavb/erc_ws/src/install/stark_os:/home/arnavb/erc_ws/src/install/mogi_trajectory_server:/home/arnavb/erc_ws/src/install/erc_trajectory_server:/home/arnavb/erc_ws/src/install/erc_ros2_simple_arm_py:/home/arnavb/erc_ws/src/install/erc_ros2_navigation_py:/home/arnavb/erc_ws/src/install/erc_gazebo_sensors_py:/home/arnavb/erc_ws/src/install/assgn:/home/arnavb/erc_ws/install/week1_tutorials:/home/arnavb/erc_ws/install/stark_os:/home/arnavb/erc_ws/install/mogi_trajectory_server:/opt/ros/jazzy DEBUGINFOD_URLS=https://debuginfod.ubuntu.com /usr/bin/cmake --build /home/arnavb/erc_ws/src/build/explore_lite -- -j20 -l20
[2.158s] INFO:colcon.colcon_core.task.python.build:Building Python package in '/home/arnavb/erc_ws/src/mogi_trajectory_server'
[2.159s] INFO:colcon.colcon_core.shell:Skip shell extension 'powershell' for command environment: Not usable outside of PowerShell
[2.159s] DEBUG:colcon.colcon_core.shell:Skip shell extension 'dsv' for command environment
[2.166s] DEBUG:colcon.colcon_core.event_handler.log_command:Invoked command in '/home/arnavb/erc_ws/src/build/erc_gazebo_basics' returned '0': CMAKE_PREFIX_PATH=${CMAKE_PREFIX_PATH}:/home/arnavb/erc_ws/src/install/week1_tutorials:/home/arnavb/erc_ws/src/install/stark_os:/home/arnavb/erc_ws/src/install/mogi_trajectory_server:/home/arnavb/erc_ws/src/install/erc_trajectory_server:/home/arnavb/erc_ws/src/install/erc_ros2_simple_arm_py:/home/arnavb/erc_ws/src/install/erc_ros2_navigation_py:/home/arnavb/erc_ws/src/install/erc_gazebo_sensors_py:/home/arnavb/erc_ws/src/install/assgn:/home/arnavb/erc_ws/install/week1_tutorials:/home/arnavb/erc_ws/install/stark_os:/home/arnavb/erc_ws/install/mogi_trajectory_server:/opt/ros/jazzy DEBUGINFOD_URLS=https://debuginfod.ubuntu.com /usr/bin/cmake --build /home/arnavb/erc_ws/src/build/erc_gazebo_basics -- -j20 -l20
[2.184s] DEBUG:colcon.colcon_core.event_handler.log_command:Invoking command in '/home/arnavb/erc_ws/src/build/erc_gazebo_basics': CMAKE_PREFIX_PATH=${CMAKE_PREFIX_PATH}:/home/arnavb/erc_ws/src/install/week1_tutorials:/home/arnavb/erc_ws/src/install/stark_os:/home/arnavb/erc_ws/src/install/mogi_trajectory_server:/home/arnavb/erc_ws/src/install/erc_trajectory_server:/home/arnavb/erc_ws/src/install/erc_ros2_simple_arm_py:/home/arnavb/erc_ws/src/install/erc_ros2_navigation_py:/home/arnavb/erc_ws/src/install/erc_gazebo_sensors_py:/home/arnavb/erc_ws/src/install/assgn:/home/arnavb/erc_ws/install/week1_tutorials:/home/arnavb/erc_ws/install/stark_os:/home/arnavb/erc_ws/install/mogi_trajectory_server:/opt/ros/jazzy DEBUGINFOD_URLS=https://debuginfod.ubuntu.com /usr/bin/cmake --install /home/arnavb/erc_ws/src/build/erc_gazebo_basics
[2.185s] DEBUG:colcon.colcon_core.event_handler.log_command:Invoked command in '/home/arnavb/erc_ws/src/build/erc_gazebo_sensors' returned '0': CMAKE_PREFIX_PATH=${CMAKE_PREFIX_PATH}:/home/arnavb/erc_ws/src/install/week1_tutorials:/home/arnavb/erc_ws/src/install/stark_os:/home/arnavb/erc_ws/src/install/mogi_trajectory_server:/home/arnavb/erc_ws/src/install/erc_trajectory_server:/home/arnavb/erc_ws/src/install/erc_ros2_simple_arm_py:/home/arnavb/erc_ws/src/install/erc_ros2_navigation_py:/home/arnavb/erc_ws/src/install/erc_gazebo_sensors_py:/home/arnavb/erc_ws/src/install/assgn:/home/arnavb/erc_ws/install/week1_tutorials:/home/arnavb/erc_ws/install/stark_os:/home/arnavb/erc_ws/install/mogi_trajectory_server:/opt/ros/jazzy DEBUGINFOD_URLS=https://debuginfod.ubuntu.com /usr/bin/cmake --build /home/arnavb/erc_ws/src/build/erc_gazebo_sensors -- -j20 -l20
[2.187s] DEBUG:colcon.colcon_core.event_handler.log_command:Invoking command in '/home/arnavb/erc_ws/src/build/erc_gazebo_sensors': CMAKE_PREFIX_PATH=${CMAKE_PREFIX_PATH}:/home/arnavb/erc_ws/src/install/week1_tutorials:/home/arnavb/erc_ws/src/install/stark_os:/home/arnavb/erc_ws/src/install/mogi_trajectory_server:/home/arnavb/erc_ws/src/install/erc_trajectory_server:/home/arnavb/erc_ws/src/install/erc_ros2_simple_arm_py:/home/arnavb/erc_ws/src/install/erc_ros2_navigation_py:/home/arnavb/erc_ws/src/install/erc_gazebo_sensors_py:/home/arnavb/erc_ws/src/install/assgn:/home/arnavb/erc_ws/install/week1_tutorials:/home/arnavb/erc_ws/install/stark_os:/home/arnavb/erc_ws/install/mogi_trajectory_server:/opt/ros/jazzy DEBUGINFOD_URLS=https://debuginfod.ubuntu.com /usr/bin/cmake --install /home/arnavb/erc_ws/src/build/erc_gazebo_sensors
[2.188s] DEBUG:colcon.colcon_core.event_handler.log_command:Invoked command in '/home/arnavb/erc_ws/src/build/erc_ros2_simple_arm' returned '0': CMAKE_PREFIX_PATH=${CMAKE_PREFIX_PATH}:/home/arnavb/erc_ws/src/install/week1_tutorials:/home/arnavb/erc_ws/src/install/stark_os:/home/arnavb/erc_ws/src/install/mogi_trajectory_server:/home/arnavb/erc_ws/src/install/erc_trajectory_server:/home/arnavb/erc_ws/src/install/erc_ros2_simple_arm_py:/home/arnavb/erc_ws/src/install/erc_ros2_navigation_py:/home/arnavb/erc_ws/src/install/erc_gazebo_sensors_py:/home/arnavb/erc_ws/src/install/assgn:/home/arnavb/erc_ws/install/week1_tutorials:/home/arnavb/erc_ws/install/stark_os:/home/arnavb/erc_ws/install/mogi_trajectory_server:/opt/ros/jazzy DEBUGINFOD_URLS=https://debuginfod.ubuntu.com /usr/bin/cmake --build /home/arnavb/erc_ws/src/build/erc_ros2_simple_arm -- -j20 -l20
[2.189s] DEBUG:colcon.colcon_core.event_handler.log_command:Invoking command in '/home/arnavb/erc_ws/src/build/erc_ros2_simple_arm': CMAKE_PREFIX_PATH=${CMAKE_PREFIX_PATH}:/home/arnavb/erc_ws/src/install/week1_tutorials:/home/arnavb/erc_ws/src/install/stark_os:/home/arnavb/erc_ws/src/install/mogi_trajectory_server:/home/arnavb/erc_ws/src/install/erc_trajectory_server:/home/arnavb/erc_ws/src/install/erc_ros2_simple_arm_py:/home/arnavb/erc_ws/src/install/erc_ros2_navigation_py:/home/arnavb/erc_ws/src/install/erc_gazebo_sensors_py:/home/arnavb/erc_ws/src/install/assgn:/home/arnavb/erc_ws/install/week1_tutorials:/home/arnavb/erc_ws/install/stark_os:/home/arnavb/erc_ws/install/mogi_trajectory_server:/opt/ros/jazzy DEBUGINFOD_URLS=https://debuginfod.ubuntu.com /usr/bin/cmake --install /home/arnavb/erc_ws/src/build/erc_ros2_simple_arm
[2.190s] DEBUG:colcon.colcon_core.event_handler.log_command:Invoked command in '/home/arnavb/erc_ws/src/build/erc_ros2_navigation' returned '0': CMAKE_PREFIX_PATH=${CMAKE_PREFIX_PATH}:/home/arnavb/erc_ws/src/install/week1_tutorials:/home/arnavb/erc_ws/src/install/stark_os:/home/arnavb/erc_ws/src/install/mogi_trajectory_server:/home/arnavb/erc_ws/src/install/erc_trajectory_server:/home/arnavb/erc_ws/src/install/erc_ros2_simple_arm_py:/home/arnavb/erc_ws/src/install/erc_ros2_navigation_py:/home/arnavb/erc_ws/src/install/erc_gazebo_sensors_py:/home/arnavb/erc_ws/src/install/assgn:/home/arnavb/erc_ws/install/week1_tutorials:/home/arnavb/erc_ws/install/stark_os:/home/arnavb/erc_ws/install/mogi_trajectory_server:/opt/ros/jazzy DEBUGINFOD_URLS=https://debuginfod.ubuntu.com /usr/bin/cmake --build /home/arnavb/erc_ws/src/build/erc_ros2_navigation -- -j20 -l20
[2.191s] DEBUG:colcon.colcon_core.event_handler.log_command:Invoking command in '/home/arnavb/erc_ws/src/build/erc_ros2_navigation': CMAKE_PREFIX_PATH=${CMAKE_PREFIX_PATH}:/home/arnavb/erc_ws/src/install/week1_tutorials:/home/arnavb/erc_ws/src/install/stark_os:/home/arnavb/erc_ws/src/install/mogi_trajectory_server:/home/arnavb/erc_ws/src/install/erc_trajectory_server:/home/arnavb/erc_ws/src/install/erc_ros2_simple_arm_py:/home/arnavb/erc_ws/src/install/erc_ros2_navigation_py:/home/arnavb/erc_ws/src/install/erc_gazebo_sensors_py:/home/arnavb/erc_ws/src/install/assgn:/home/arnavb/erc_ws/install/week1_tutorials:/home/arnavb/erc_ws/install/stark_os:/home/arnavb/erc_ws/install/mogi_trajectory_server:/opt/ros/jazzy DEBUGINFOD_URLS=https://debuginfod.ubuntu.com /usr/bin/cmake --install /home/arnavb/erc_ws/src/build/erc_ros2_navigation
[2.224s] DEBUG:colcon.colcon_core.event_handler.log_command:Invoked command in '/home/arnavb/erc_ws/src/build/explore_lite' returned '0': CMAKE_PREFIX_PATH=${CMAKE_PREFIX_PATH}:/home/arnavb/erc_ws/src/install/week1_tutorials:/home/arnavb/erc_ws/src/install/stark_os:/home/arnavb/erc_ws/src/install/mogi_trajectory_server:/home/arnavb/erc_ws/src/install/erc_trajectory_server:/home/arnavb/erc_ws/src/install/erc_ros2_simple_arm_py:/home/arnavb/erc_ws/src/install/erc_ros2_navigation_py:/home/arnavb/erc_ws/src/install/erc_gazebo_sensors_py:/home/arnavb/erc_ws/src/install/assgn:/home/arnavb/erc_ws/install/week1_tutorials:/home/arnavb/erc_ws/install/stark_os:/home/arnavb/erc_ws/install/mogi_trajectory_server:/opt/ros/jazzy DEBUGINFOD_URLS=https://debuginfod.ubuntu.com /usr/bin/cmake --build /home/arnavb/erc_ws/src/build/explore_lite -- -j20 -l20
[2.226s] DEBUG:colcon.colcon_core.event_handler.log_command:Invoking command in '/home/arnavb/erc_ws/src/build/explore_lite': CMAKE_PREFIX_PATH=${CMAKE_PREFIX_PATH}:/home/arnavb/erc_ws/src/install/week1_tutorials:/home/arnavb/erc_ws/src/install/stark_os:/home/arnavb/erc_ws/src/install/mogi_trajectory_server:/home/arnavb/erc_ws/src/install/erc_trajectory_server:/home/arnavb/erc_ws/src/install/erc_ros2_simple_arm_py:/home/arnavb/erc_ws/src/install/erc_ros2_navigation_py:/home/arnavb/erc_ws/src/install/erc_gazebo_sensors_py:/home/arnavb/erc_ws/src/install/assgn:/home/arnavb/erc_ws/install/week1_tutorials:/home/arnavb/erc_ws/install/stark_os:/home/arnavb/erc_ws/install/mogi_trajectory_server:/opt/ros/jazzy DEBUGINFOD_URLS=https://debuginfod.ubuntu.com /usr/bin/cmake --install /home/arnavb/erc_ws/src/build/explore_lite
[2.233s] Level 1:colcon.colcon_core.environment:create_environment_scripts_only(erc_gazebo_sensors)
[2.234s] DEBUG:colcon.colcon_core.event_handler.log_command:Invoked command in '/home/arnavb/erc_ws/src/build/erc_gazebo_sensors' returned '0': CMAKE_PREFIX_PATH=${CMAKE_PREFIX_PATH}:/home/arnavb/erc_ws/src/install/week1_tutorials:/home/arnavb/erc_ws/src/install/stark_os:/home/arnavb/erc_ws/src/install/mogi_trajectory_server:/home/arnavb/erc_ws/src/install/erc_trajectory_server:/home/arnavb/erc_ws/src/install/erc_ros2_simple_arm_py:/home/arnavb/erc_ws/src/install/erc_ros2_navigation_py:/home/arnavb/erc_ws/src/install/erc_gazebo_sensors_py:/home/arnavb/erc_ws/src/install/assgn:/home/arnavb/erc_ws/install/week1_tutorials:/home/arnavb/erc_ws/install/stark_os:/home/arnavb/erc_ws/install/mogi_trajectory_server:/opt/ros/jazzy DEBUGINFOD_URLS=https://debuginfod.ubuntu.com /usr/bin/cmake --install /home/arnavb/erc_ws/src/build/erc_gazebo_sensors
[2.241s] Level 1:colcon.colcon_core.environment:checking '/home/arnavb/erc_ws/src/install/erc_gazebo_sensors' for CMake module files
[2.243s] Level 1:colcon.colcon_core.environment:checking '/home/arnavb/erc_ws/src/install/erc_gazebo_sensors' for CMake config files
[2.244s] Level 1:colcon.colcon_core.shell:create_environment_hook('erc_gazebo_sensors', 'cmake_prefix_path')
[2.245s] INFO:colcon.colcon_core.shell:Creating environment hook '/home/arnavb/erc_ws/src/install/erc_gazebo_sensors/share/erc_gazebo_sensors/hook/cmake_prefix_path.ps1'
[2.247s] INFO:colcon.colcon_core.shell:Creating environment descriptor '/home/arnavb/erc_ws/src/install/erc_gazebo_sensors/share/erc_gazebo_sensors/hook/cmake_prefix_path.dsv'
[2.247s] INFO:colcon.colcon_core.shell:Creating environment hook '/home/arnavb/erc_ws/src/install/erc_gazebo_sensors/share/erc_gazebo_sensors/hook/cmake_prefix_path.sh'
[2.249s] Level 1:colcon.colcon_core.environment:checking '/home/arnavb/erc_ws/src/install/erc_gazebo_sensors/bin'
[2.249s] Level 1:colcon.colcon_core.environment:checking '/home/arnavb/erc_ws/src/install/erc_gazebo_sensors/lib/pkgconfig/erc_gazebo_sensors.pc'
[2.249s] Level 1:colcon.colcon_core.environment:checking '/home/arnavb/erc_ws/src/install/erc_gazebo_sensors/lib/python3.12/site-packages'
[2.250s] Level 1:colcon.colcon_core.environment:checking '/home/arnavb/erc_ws/src/install/erc_gazebo_sensors/bin'
[2.250s] INFO:colcon.colcon_core.shell:Creating package script '/home/arnavb/erc_ws/src/install/erc_gazebo_sensors/share/erc_gazebo_sensors/package.ps1'
[2.256s] INFO:colcon.colcon_core.shell:Creating package descriptor '/home/arnavb/erc_ws/src/install/erc_gazebo_sensors/share/erc_gazebo_sensors/package.dsv'
[2.257s] INFO:colcon.colcon_core.shell:Creating package script '/home/arnavb/erc_ws/src/install/erc_gazebo_sensors/share/erc_gazebo_sensors/package.sh'
[2.258s] INFO:colcon.colcon_core.shell:Creating package script '/home/arnavb/erc_ws/src/install/erc_gazebo_sensors/share/erc_gazebo_sensors/package.bash'
[2.259s] INFO:colcon.colcon_core.shell:Creating package script '/home/arnavb/erc_ws/src/install/erc_gazebo_sensors/share/erc_gazebo_sensors/package.zsh'
[2.260s] Level 1:colcon.colcon_core.environment:create_file_with_runtime_dependencies(/home/arnavb/erc_ws/src/install/erc_gazebo_sensors/share/colcon-core/packages/erc_gazebo_sensors)
[2.261s] Level 1:colcon.colcon_core.environment:create_environment_scripts_only(erc_gazebo_sensors)
[2.262s] Level 1:colcon.colcon_core.environment:checking '/home/arnavb/erc_ws/src/install/erc_gazebo_sensors' for CMake module files
[2.262s] Level 1:colcon.colcon_core.environment:checking '/home/arnavb/erc_ws/src/install/erc_gazebo_sensors' for CMake config files
[2.263s] Level 1:colcon.colcon_core.shell:create_environment_hook('erc_gazebo_sensors', 'cmake_prefix_path')
[2.263s] INFO:colcon.colcon_core.shell:Creating environment hook '/home/arnavb/erc_ws/src/install/erc_gazebo_sensors/share/erc_gazebo_sensors/hook/cmake_prefix_path.ps1'
[2.264s] INFO:colcon.colcon_core.shell:Creating environment descriptor '/home/arnavb/erc_ws/src/install/erc_gazebo_sensors/share/erc_gazebo_sensors/hook/cmake_prefix_path.dsv'
[2.264s] INFO:colcon.colcon_core.shell:Creating environment hook '/home/arnavb/erc_ws/src/install/erc_gazebo_sensors/share/erc_gazebo_sensors/hook/cmake_prefix_path.sh'
[2.265s] Level 1:colcon.colcon_core.environment:checking '/home/arnavb/erc_ws/src/install/erc_gazebo_sensors/bin'
[2.265s] Level 1:colcon.colcon_core.environment:checking '/home/arnavb/erc_ws/src/install/erc_gazebo_sensors/lib/pkgconfig/erc_gazebo_sensors.pc'
[2.266s] Level 1:colcon.colcon_core.environment:checking '/home/arnavb/erc_ws/src/install/erc_gazebo_sensors/lib/python3.12/site-packages'
[2.267s] Level 1:colcon.colcon_core.environment:checking '/home/arnavb/erc_ws/src/install/erc_gazebo_sensors/bin'
[2.267s] INFO:colcon.colcon_core.shell:Creating package script '/home/arnavb/erc_ws/src/install/erc_gazebo_sensors/share/erc_gazebo_sensors/package.ps1'
[2.268s] INFO:colcon.colcon_core.shell:Creating package descriptor '/home/arnavb/erc_ws/src/install/erc_gazebo_sensors/share/erc_gazebo_sensors/package.dsv'
[2.268s] INFO:colcon.colcon_core.shell:Creating package script '/home/arnavb/erc_ws/src/install/erc_gazebo_sensors/share/erc_gazebo_sensors/package.sh'
[2.269s] INFO:colcon.colcon_core.shell:Creating package script '/home/arnavb/erc_ws/src/install/erc_gazebo_sensors/share/erc_gazebo_sensors/package.bash'
[2.270s] INFO:colcon.colcon_core.shell:Creating package script '/home/arnavb/erc_ws/src/install/erc_gazebo_sensors/share/erc_gazebo_sensors/package.zsh'
[2.270s] Level 1:colcon.colcon_core.environment:create_file_with_runtime_dependencies(/home/arnavb/erc_ws/src/install/erc_gazebo_sensors/share/colcon-core/packages/erc_gazebo_sensors)
[2.270s] Level 1:colcon.colcon_core.environment:create_environment_scripts_only(erc_ros2_navigation)
[2.271s] Level 1:colcon.colcon_core.environment:checking '/home/arnavb/erc_ws/src/install/erc_ros2_navigation' for CMake module files
[2.273s] Level 1:colcon.colcon_core.environment:checking '/home/arnavb/erc_ws/src/install/erc_ros2_navigation' for CMake config files
[2.274s] DEBUG:colcon.colcon_core.event_handler.log_command:Invoked command in '/home/arnavb/erc_ws/src/build/erc_ros2_navigation' returned '0': CMAKE_PREFIX_PATH=${CMAKE_PREFIX_PATH}:/home/arnavb/erc_ws/src/install/week1_tutorials:/home/arnavb/erc_ws/src/install/stark_os:/home/arnavb/erc_ws/src/install/mogi_trajectory_server:/home/arnavb/erc_ws/src/install/erc_trajectory_server:/home/arnavb/erc_ws/src/install/erc_ros2_simple_arm_py:/home/arnavb/erc_ws/src/install/erc_ros2_navigation_py:/home/arnavb/erc_ws/src/install/erc_gazebo_sensors_py:/home/arnavb/erc_ws/src/install/assgn:/home/arnavb/erc_ws/install/week1_tutorials:/home/arnavb/erc_ws/install/stark_os:/home/arnavb/erc_ws/install/mogi_trajectory_server:/opt/ros/jazzy DEBUGINFOD_URLS=https://debuginfod.ubuntu.com /usr/bin/cmake --install /home/arnavb/erc_ws/src/build/erc_ros2_navigation
[2.274s] Level 1:colcon.colcon_core.shell:create_environment_hook('erc_ros2_navigation', 'cmake_prefix_path')
[2.275s] INFO:colcon.colcon_core.shell:Creating environment hook '/home/arnavb/erc_ws/src/install/erc_ros2_navigation/share/erc_ros2_navigation/hook/cmake_prefix_path.ps1'
[2.276s] INFO:colcon.colcon_core.shell:Creating environment descriptor '/home/arnavb/erc_ws/src/install/erc_ros2_navigation/share/erc_ros2_navigation/hook/cmake_prefix_path.dsv'
[2.277s] INFO:colcon.colcon_core.shell:Creating environment hook '/home/arnavb/erc_ws/src/install/erc_ros2_navigation/share/erc_ros2_navigation/hook/cmake_prefix_path.sh'
[2.279s] Level 1:colcon.colcon_core.environment:checking '/home/arnavb/erc_ws/src/install/erc_ros2_navigation/bin'
[2.279s] Level 1:colcon.colcon_core.environment:checking '/home/arnavb/erc_ws/src/install/erc_ros2_navigation/lib/pkgconfig/erc_ros2_navigation.pc'
[2.280s] Level 1:colcon.colcon_core.environment:checking '/home/arnavb/erc_ws/src/install/erc_ros2_navigation/lib/python3.12/site-packages'
[2.281s] Level 1:colcon.colcon_core.environment:checking '/home/arnavb/erc_ws/src/install/erc_ros2_navigation/bin'
[2.281s] INFO:colcon.colcon_core.shell:Creating package script '/home/arnavb/erc_ws/src/install/erc_ros2_navigation/share/erc_ros2_navigation/package.ps1'
[2.283s] INFO:colcon.colcon_core.shell:Creating package descriptor '/home/arnavb/erc_ws/src/install/erc_ros2_navigation/share/erc_ros2_navigation/package.dsv'
[2.284s] INFO:colcon.colcon_core.shell:Creating package script '/home/arnavb/erc_ws/src/install/erc_ros2_navigation/share/erc_ros2_navigation/package.sh'
[2.284s] INFO:colcon.colcon_core.shell:Creating package script '/home/arnavb/erc_ws/src/install/erc_ros2_navigation/share/erc_ros2_navigation/package.bash'
[2.285s] INFO:colcon.colcon_core.shell:Creating package script '/home/arnavb/erc_ws/src/install/erc_ros2_navigation/share/erc_ros2_navigation/package.zsh'
[2.286s] Level 1:colcon.colcon_core.environment:create_file_with_runtime_dependencies(/home/arnavb/erc_ws/src/install/erc_ros2_navigation/share/colcon-core/packages/erc_ros2_navigation)
[2.287s] Level 1:colcon.colcon_core.environment:create_environment_scripts_only(erc_ros2_navigation)
[2.287s] Level 1:colcon.colcon_core.environment:checking '/home/arnavb/erc_ws/src/install/erc_ros2_navigation' for CMake module files
[2.289s] Level 1:colcon.colcon_core.environment:checking '/home/arnavb/erc_ws/src/install/erc_ros2_navigation' for CMake config files
[2.289s] Level 1:colcon.colcon_core.shell:create_environment_hook('erc_ros2_navigation', 'cmake_prefix_path')
[2.290s] INFO:colcon.colcon_core.shell:Creating environment hook '/home/arnavb/erc_ws/src/install/erc_ros2_navigation/share/erc_ros2_navigation/hook/cmake_prefix_path.ps1'
[2.291s] INFO:colcon.colcon_core.shell:Creating environment descriptor '/home/arnavb/erc_ws/src/install/erc_ros2_navigation/share/erc_ros2_navigation/hook/cmake_prefix_path.dsv'
[2.291s] INFO:colcon.colcon_core.shell:Creating environment hook '/home/arnavb/erc_ws/src/install/erc_ros2_navigation/share/erc_ros2_navigation/hook/cmake_prefix_path.sh'
[2.293s] Level 1:colcon.colcon_core.environment:checking '/home/arnavb/erc_ws/src/install/erc_ros2_navigation/bin'
[2.293s] Level 1:colcon.colcon_core.environment:checking '/home/arnavb/erc_ws/src/install/erc_ros2_navigation/lib/pkgconfig/erc_ros2_navigation.pc'
[2.293s] Level 1:colcon.colcon_core.environment:checking '/home/arnavb/erc_ws/src/install/erc_ros2_navigation/lib/python3.12/site-packages'
[2.294s] Level 1:colcon.colcon_core.environment:checking '/home/arnavb/erc_ws/src/install/erc_ros2_navigation/bin'
[2.295s] INFO:colcon.colcon_core.shell:Creating package script '/home/arnavb/erc_ws/src/install/erc_ros2_navigation/share/erc_ros2_navigation/package.ps1'
[2.295s] INFO:colcon.colcon_core.shell:Creating package descriptor '/home/arnavb/erc_ws/src/install/erc_ros2_navigation/share/erc_ros2_navigation/package.dsv'
[2.296s] INFO:colcon.colcon_core.shell:Creating package script '/home/arnavb/erc_ws/src/install/erc_ros2_navigation/share/erc_ros2_navigation/package.sh'
[2.297s] INFO:colcon.colcon_core.shell:Creating package script '/home/arnavb/erc_ws/src/install/erc_ros2_navigation/share/erc_ros2_navigation/package.bash'
[2.297s] INFO:colcon.colcon_core.shell:Creating package script '/home/arnavb/erc_ws/src/install/erc_ros2_navigation/share/erc_ros2_navigation/package.zsh'
[2.298s] Level 1:colcon.colcon_core.environment:create_file_with_runtime_dependencies(/home/arnavb/erc_ws/src/install/erc_ros2_navigation/share/colcon-core/packages/erc_ros2_navigation)
[2.298s] Level 1:colcon.colcon_core.environment:create_environment_scripts_only(erc_ros2_simple_arm)
[2.299s] Level 1:colcon.colcon_core.environment:checking '/home/arnavb/erc_ws/src/install/erc_ros2_simple_arm' for CMake module files
[2.301s] DEBUG:colcon.colcon_core.event_handler.log_command:Invoked command in '/home/arnavb/erc_ws/src/build/erc_ros2_simple_arm' returned '0': CMAKE_PREFIX_PATH=${CMAKE_PREFIX_PATH}:/home/arnavb/erc_ws/src/install/week1_tutorials:/home/arnavb/erc_ws/src/install/stark_os:/home/arnavb/erc_ws/src/install/mogi_trajectory_server:/home/arnavb/erc_ws/src/install/erc_trajectory_server:/home/arnavb/erc_ws/src/install/erc_ros2_simple_arm_py:/home/arnavb/erc_ws/src/install/erc_ros2_navigation_py:/home/arnavb/erc_ws/src/install/erc_gazebo_sensors_py:/home/arnavb/erc_ws/src/install/assgn:/home/arnavb/erc_ws/install/week1_tutorials:/home/arnavb/erc_ws/install/stark_os:/home/arnavb/erc_ws/install/mogi_trajectory_server:/opt/ros/jazzy DEBUGINFOD_URLS=https://debuginfod.ubuntu.com /usr/bin/cmake --install /home/arnavb/erc_ws/src/build/erc_ros2_simple_arm
[2.301s] Level 1:colcon.colcon_core.environment:checking '/home/arnavb/erc_ws/src/install/erc_ros2_simple_arm' for CMake config files
[2.302s] Level 1:colcon.colcon_core.shell:create_environment_hook('erc_ros2_simple_arm', 'cmake_prefix_path')
[2.302s] INFO:colcon.colcon_core.shell:Creating environment hook '/home/arnavb/erc_ws/src/install/erc_ros2_simple_arm/share/erc_ros2_simple_arm/hook/cmake_prefix_path.ps1'
[2.303s] INFO:colcon.colcon_core.shell:Creating environment descriptor '/home/arnavb/erc_ws/src/install/erc_ros2_simple_arm/share/erc_ros2_simple_arm/hook/cmake_prefix_path.dsv'
[2.304s] INFO:colcon.colcon_core.shell:Creating environment hook '/home/arnavb/erc_ws/src/install/erc_ros2_simple_arm/share/erc_ros2_simple_arm/hook/cmake_prefix_path.sh'
[2.305s] Level 1:colcon.colcon_core.environment:checking '/home/arnavb/erc_ws/src/install/erc_ros2_simple_arm/bin'
[2.305s] Level 1:colcon.colcon_core.environment:checking '/home/arnavb/erc_ws/src/install/erc_ros2_simple_arm/lib/pkgconfig/erc_ros2_simple_arm.pc'
[2.306s] Level 1:colcon.colcon_core.environment:checking '/home/arnavb/erc_ws/src/install/erc_ros2_simple_arm/lib/python3.12/site-packages'
[2.307s] Level 1:colcon.colcon_core.environment:checking '/home/arnavb/erc_ws/src/install/erc_ros2_simple_arm/bin'
[2.307s] INFO:colcon.colcon_core.shell:Creating package script '/home/arnavb/erc_ws/src/install/erc_ros2_simple_arm/share/erc_ros2_simple_arm/package.ps1'
[2.308s] INFO:colcon.colcon_core.shell:Creating package descriptor '/home/arnavb/erc_ws/src/install/erc_ros2_simple_arm/share/erc_ros2_simple_arm/package.dsv'
[2.309s] INFO:colcon.colcon_core.shell:Creating package script '/home/arnavb/erc_ws/src/install/erc_ros2_simple_arm/share/erc_ros2_simple_arm/package.sh'
[2.310s] INFO:colcon.colcon_core.shell:Creating package script '/home/arnavb/erc_ws/src/install/erc_ros2_simple_arm/share/erc_ros2_simple_arm/package.bash'
[2.311s] INFO:colcon.colcon_core.shell:Creating package script '/home/arnavb/erc_ws/src/install/erc_ros2_simple_arm/share/erc_ros2_simple_arm/package.zsh'
[2.312s] Level 1:colcon.colcon_core.environment:create_file_with_runtime_dependencies(/home/arnavb/erc_ws/src/install/erc_ros2_simple_arm/share/colcon-core/packages/erc_ros2_simple_arm)
[2.313s] Level 1:colcon.colcon_core.environment:create_environment_scripts_only(erc_ros2_simple_arm)
[2.313s] Level 1:colcon.colcon_core.environment:checking '/home/arnavb/erc_ws/src/install/erc_ros2_simple_arm' for CMake module files
[2.315s] Level 1:colcon.colcon_core.environment:checking '/home/arnavb/erc_ws/src/install/erc_ros2_simple_arm' for CMake config files
[2.316s] Level 1:colcon.colcon_core.shell:create_environment_hook('erc_ros2_simple_arm', 'cmake_prefix_path')
[2.316s] INFO:colcon.colcon_core.shell:Creating environment hook '/home/arnavb/erc_ws/src/install/erc_ros2_simple_arm/share/erc_ros2_simple_arm/hook/cmake_prefix_path.ps1'
[2.317s] INFO:colcon.colcon_core.shell:Creating environment descriptor '/home/arnavb/erc_ws/src/install/erc_ros2_simple_arm/share/erc_ros2_simple_arm/hook/cmake_prefix_path.dsv'
[2.318s] INFO:colcon.colcon_core.shell:Creating environment hook '/home/arnavb/erc_ws/src/install/erc_ros2_simple_arm/share/erc_ros2_simple_arm/hook/cmake_prefix_path.sh'
[2.319s] Level 1:colcon.colcon_core.environment:checking '/home/arnavb/erc_ws/src/install/erc_ros2_simple_arm/bin'
[2.319s] Level 1:colcon.colcon_core.environment:checking '/home/arnavb/erc_ws/src/install/erc_ros2_simple_arm/lib/pkgconfig/erc_ros2_simple_arm.pc'
[2.320s] Level 1:colcon.colcon_core.environment:checking '/home/arnavb/erc_ws/src/install/erc_ros2_simple_arm/lib/python3.12/site-packages'
[2.321s] Level 1:colcon.colcon_core.environment:checking '/home/arnavb/erc_ws/src/install/erc_ros2_simple_arm/bin'
[2.321s] INFO:colcon.colcon_core.shell:Creating package script '/home/arnavb/erc_ws/src/install/erc_ros2_simple_arm/share/erc_ros2_simple_arm/package.ps1'
[2.322s] INFO:colcon.colcon_core.shell:Creating package descriptor '/home/arnavb/erc_ws/src/install/erc_ros2_simple_arm/share/erc_ros2_simple_arm/package.dsv'
[2.323s] INFO:colcon.colcon_core.shell:Creating package script '/home/arnavb/erc_ws/src/install/erc_ros2_simple_arm/share/erc_ros2_simple_arm/package.sh'
[2.323s] INFO:colcon.colcon_core.shell:Creating package script '/home/arnavb/erc_ws/src/install/erc_ros2_simple_arm/share/erc_ros2_simple_arm/package.bash'
[2.324s] INFO:colcon.colcon_core.shell:Creating package script '/home/arnavb/erc_ws/src/install/erc_ros2_simple_arm/share/erc_ros2_simple_arm/package.zsh'
[2.324s] Level 1:colcon.colcon_core.environment:create_file_with_runtime_dependencies(/home/arnavb/erc_ws/src/install/erc_ros2_simple_arm/share/colcon-core/packages/erc_ros2_simple_arm)
[2.325s] Level 1:colcon.colcon_core.environment:create_environment_scripts_only(erc_gazebo_basics)
[2.325s] Level 1:colcon.colcon_core.environment:checking '/home/arnavb/erc_ws/src/install/erc_gazebo_basics' for CMake module files
[2.328s] DEBUG:colcon.colcon_core.event_handler.log_command:Invoked command in '/home/arnavb/erc_ws/src/build/erc_gazebo_basics' returned '0': CMAKE_PREFIX_PATH=${CMAKE_PREFIX_PATH}:/home/arnavb/erc_ws/src/install/week1_tutorials:/home/arnavb/erc_ws/src/install/stark_os:/home/arnavb/erc_ws/src/install/mogi_trajectory_server:/home/arnavb/erc_ws/src/install/erc_trajectory_server:/home/arnavb/erc_ws/src/install/erc_ros2_simple_arm_py:/home/arnavb/erc_ws/src/install/erc_ros2_navigation_py:/home/arnavb/erc_ws/src/install/erc_gazebo_sensors_py:/home/arnavb/erc_ws/src/install/assgn:/home/arnavb/erc_ws/install/week1_tutorials:/home/arnavb/erc_ws/install/stark_os:/home/arnavb/erc_ws/install/mogi_trajectory_server:/opt/ros/jazzy DEBUGINFOD_URLS=https://debuginfod.ubuntu.com /usr/bin/cmake --install /home/arnavb/erc_ws/src/build/erc_gazebo_basics
[2.329s] Level 1:colcon.colcon_core.environment:checking '/home/arnavb/erc_ws/src/install/erc_gazebo_basics' for CMake config files
[2.330s] Level 1:colcon.colcon_core.shell:create_environment_hook('erc_gazebo_basics', 'cmake_prefix_path')
[2.331s] INFO:colcon.colcon_core.shell:Creating environment hook '/home/arnavb/erc_ws/src/install/erc_gazebo_basics/share/erc_gazebo_basics/hook/cmake_prefix_path.ps1'
[2.332s] INFO:colcon.colcon_core.shell:Creating environment descriptor '/home/arnavb/erc_ws/src/install/erc_gazebo_basics/share/erc_gazebo_basics/hook/cmake_prefix_path.dsv'
[2.333s] INFO:colcon.colcon_core.shell:Creating environment hook '/home/arnavb/erc_ws/src/install/erc_gazebo_basics/share/erc_gazebo_basics/hook/cmake_prefix_path.sh'
[2.334s] Level 1:colcon.colcon_core.environment:checking '/home/arnavb/erc_ws/src/install/erc_gazebo_basics/bin'
[2.335s] Level 1:colcon.colcon_core.environment:checking '/home/arnavb/erc_ws/src/install/erc_gazebo_basics/lib/pkgconfig/erc_gazebo_basics.pc'
[2.335s] Level 1:colcon.colcon_core.environment:checking '/home/arnavb/erc_ws/src/install/erc_gazebo_basics/lib/python3.12/site-packages'
[2.336s] Level 1:colcon.colcon_core.environment:checking '/home/arnavb/erc_ws/src/install/erc_gazebo_basics/bin'
[2.337s] INFO:colcon.colcon_core.shell:Creating package script '/home/arnavb/erc_ws/src/install/erc_gazebo_basics/share/erc_gazebo_basics/package.ps1'
[2.338s] INFO:colcon.colcon_core.shell:Creating package descriptor '/home/arnavb/erc_ws/src/install/erc_gazebo_basics/share/erc_gazebo_basics/package.dsv'
[2.339s] INFO:colcon.colcon_core.shell:Creating package script '/home/arnavb/erc_ws/src/install/erc_gazebo_basics/share/erc_gazebo_basics/package.sh'
[2.340s] INFO:colcon.colcon_core.shell:Creating package script '/home/arnavb/erc_ws/src/install/erc_gazebo_basics/share/erc_gazebo_basics/package.bash'
[2.341s] INFO:colcon.colcon_core.shell:Creating package script '/home/arnavb/erc_ws/src/install/erc_gazebo_basics/share/erc_gazebo_basics/package.zsh'
[2.342s] Level 1:colcon.colcon_core.environment:create_file_with_runtime_dependencies(/home/arnavb/erc_ws/src/install/erc_gazebo_basics/share/colcon-core/packages/erc_gazebo_basics)
[2.343s] Level 1:colcon.colcon_core.environment:create_environment_scripts_only(erc_gazebo_basics)
[2.344s] Level 1:colcon.colcon_core.environment:checking '/home/arnavb/erc_ws/src/install/erc_gazebo_basics' for CMake module files
[2.345s] Level 1:colcon.colcon_core.environment:checking '/home/arnavb/erc_ws/src/install/erc_gazebo_basics' for CMake config files
[2.346s] Level 1:colcon.colcon_core.shell:create_environment_hook('erc_gazebo_basics', 'cmake_prefix_path')
[2.347s] INFO:colcon.colcon_core.shell:Creating environment hook '/home/arnavb/erc_ws/src/install/erc_gazebo_basics/share/erc_gazebo_basics/hook/cmake_prefix_path.ps1'
[2.348s] INFO:colcon.colcon_core.shell:Creating environment descriptor '/home/arnavb/erc_ws/src/install/erc_gazebo_basics/share/erc_gazebo_basics/hook/cmake_prefix_path.dsv'
[2.349s] INFO:colcon.colcon_core.shell:Creating environment hook '/home/arnavb/erc_ws/src/install/erc_gazebo_basics/share/erc_gazebo_basics/hook/cmake_prefix_path.sh'
[2.350s] Level 1:colcon.colcon_core.environment:checking '/home/arnavb/erc_ws/src/install/erc_gazebo_basics/bin'
[2.350s] Level 1:colcon.colcon_core.environment:checking '/home/arnavb/erc_ws/src/install/erc_gazebo_basics/lib/pkgconfig/erc_gazebo_basics.pc'
[2.351s] Level 1:colcon.colcon_core.environment:checking '/home/arnavb/erc_ws/src/install/erc_gazebo_basics/lib/python3.12/site-packages'
[2.352s] Level 1:colcon.colcon_core.environment:checking '/home/arnavb/erc_ws/src/install/erc_gazebo_basics/bin'
[2.352s] INFO:colcon.colcon_core.shell:Creating package script '/home/arnavb/erc_ws/src/install/erc_gazebo_basics/share/erc_gazebo_basics/package.ps1'
[2.353s] INFO:colcon.colcon_core.shell:Creating package descriptor '/home/arnavb/erc_ws/src/install/erc_gazebo_basics/share/erc_gazebo_basics/package.dsv'
[2.354s] INFO:colcon.colcon_core.shell:Creating package script '/home/arnavb/erc_ws/src/install/erc_gazebo_basics/share/erc_gazebo_basics/package.sh'
[2.355s] INFO:colcon.colcon_core.shell:Creating package script '/home/arnavb/erc_ws/src/install/erc_gazebo_basics/share/erc_gazebo_basics/package.bash'
[2.356s] INFO:colcon.colcon_core.shell:Creating package script '/home/arnavb/erc_ws/src/install/erc_gazebo_basics/share/erc_gazebo_basics/package.zsh'
[2.357s] Level 1:colcon.colcon_core.environment:create_file_with_runtime_dependencies(/home/arnavb/erc_ws/src/install/erc_gazebo_basics/share/colcon-core/packages/erc_gazebo_basics)
[2.360s] Level 1:colcon.colcon_core.environment:create_environment_scripts_only(explore_lite)
[2.361s] Level 1:colcon.colcon_core.environment:checking '/home/arnavb/erc_ws/src/install/explore_lite' for CMake module files
[2.363s] DEBUG:colcon.colcon_core.event_handler.log_command:Invoked command in '/home/arnavb/erc_ws/src/build/explore_lite' returned '0': CMAKE_PREFIX_PATH=${CMAKE_PREFIX_PATH}:/home/arnavb/erc_ws/src/install/week1_tutorials:/home/arnavb/erc_ws/src/install/stark_os:/home/arnavb/erc_ws/src/install/mogi_trajectory_server:/home/arnavb/erc_ws/src/install/erc_trajectory_server:/home/arnavb/erc_ws/src/install/erc_ros2_simple_arm_py:/home/arnavb/erc_ws/src/install/erc_ros2_navigation_py:/home/arnavb/erc_ws/src/install/erc_gazebo_sensors_py:/home/arnavb/erc_ws/src/install/assgn:/home/arnavb/erc_ws/install/week1_tutorials:/home/arnavb/erc_ws/install/stark_os:/home/arnavb/erc_ws/install/mogi_trajectory_server:/opt/ros/jazzy DEBUGINFOD_URLS=https://debuginfod.ubuntu.com /usr/bin/cmake --install /home/arnavb/erc_ws/src/build/explore_lite
[2.364s] Level 1:colcon.colcon_core.environment:checking '/home/arnavb/erc_ws/src/install/explore_lite' for CMake config files
[2.364s] Level 1:colcon.colcon_core.shell:create_environment_hook('explore_lite', 'cmake_prefix_path')
[2.365s] INFO:colcon.colcon_core.shell:Creating environment hook '/home/arnavb/erc_ws/src/install/explore_lite/share/explore_lite/hook/cmake_prefix_path.ps1'
[2.365s] INFO:colcon.colcon_core.shell:Creating environment descriptor '/home/arnavb/erc_ws/src/install/explore_lite/share/explore_lite/hook/cmake_prefix_path.dsv'
[2.366s] INFO:colcon.colcon_core.shell:Creating environment hook '/home/arnavb/erc_ws/src/install/explore_lite/share/explore_lite/hook/cmake_prefix_path.sh'
[2.367s] Level 1:colcon.colcon_core.environment:checking '/home/arnavb/erc_ws/src/install/explore_lite/lib'
[2.367s] Level 1:colcon.colcon_core.environment:checking '/home/arnavb/erc_ws/src/install/explore_lite/bin'
[2.367s] Level 1:colcon.colcon_core.environment:checking '/home/arnavb/erc_ws/src/install/explore_lite/lib/pkgconfig/explore_lite.pc'
[2.368s] Level 1:colcon.colcon_core.environment:checking '/home/arnavb/erc_ws/src/install/explore_lite/lib/python3.12/site-packages'
[2.368s] Level 1:colcon.colcon_core.environment:checking '/home/arnavb/erc_ws/src/install/explore_lite/bin'
[2.369s] INFO:colcon.colcon_core.shell:Creating package script '/home/arnavb/erc_ws/src/install/explore_lite/share/explore_lite/package.ps1'
[2.369s] INFO:colcon.colcon_core.shell:Creating package descriptor '/home/arnavb/erc_ws/src/install/explore_lite/share/explore_lite/package.dsv'
[2.370s] INFO:colcon.colcon_core.shell:Creating package script '/home/arnavb/erc_ws/src/install/explore_lite/share/explore_lite/package.sh'
[2.370s] INFO:colcon.colcon_core.shell:Creating package script '/home/arnavb/erc_ws/src/install/explore_lite/share/explore_lite/package.bash'
[2.371s] INFO:colcon.colcon_core.shell:Creating package script '/home/arnavb/erc_ws/src/install/explore_lite/share/explore_lite/package.zsh'
[2.371s] Level 1:colcon.colcon_core.environment:create_file_with_runtime_dependencies(/home/arnavb/erc_ws/src/install/explore_lite/share/colcon-core/packages/explore_lite)
[2.372s] Level 1:colcon.colcon_core.environment:create_environment_scripts_only(explore_lite)
[2.372s] Level 1:colcon.colcon_core.environment:checking '/home/arnavb/erc_ws/src/install/explore_lite' for CMake module files
[2.373s] Level 1:colcon.colcon_core.environment:checking '/home/arnavb/erc_ws/src/install/explore_lite' for CMake config files
[2.373s] Level 1:colcon.colcon_core.shell:create_environment_hook('explore_lite', 'cmake_prefix_path')
[2.373s] INFO:colcon.colcon_core.shell:Creating environment hook '/home/arnavb/erc_ws/src/install/explore_lite/share/explore_lite/hook/cmake_prefix_path.ps1'
[2.374s] INFO:colcon.colcon_core.shell:Creating environment descriptor '/home/arnavb/erc_ws/src/install/explore_lite/share/explore_lite/hook/cmake_prefix_path.dsv'
[2.374s] INFO:colcon.colcon_core.shell:Creating environment hook '/home/arnavb/erc_ws/src/install/explore_lite/share/explore_lite/hook/cmake_prefix_path.sh'
[2.375s] Level 1:colcon.colcon_core.environment:checking '/home/arnavb/erc_ws/src/install/explore_lite/lib'
[2.375s] Level 1:colcon.colcon_core.environment:checking '/home/arnavb/erc_ws/src/install/explore_lite/bin'
[2.375s] Level 1:colcon.colcon_core.environment:checking '/home/arnavb/erc_ws/src/install/explore_lite/lib/pkgconfig/explore_lite.pc'
[2.375s] Level 1:colcon.colcon_core.environment:checking '/home/arnavb/erc_ws/src/install/explore_lite/lib/python3.12/site-packages'
[2.376s] Level 1:colcon.colcon_core.environment:checking '/home/arnavb/erc_ws/src/install/explore_lite/bin'
[2.376s] INFO:colcon.colcon_core.shell:Creating package script '/home/arnavb/erc_ws/src/install/explore_lite/share/explore_lite/package.ps1'
[2.376s] INFO:colcon.colcon_core.shell:Creating package descriptor '/home/arnavb/erc_ws/src/install/explore_lite/share/explore_lite/package.dsv'
[2.377s] INFO:colcon.colcon_core.shell:Creating package script '/home/arnavb/erc_ws/src/install/explore_lite/share/explore_lite/package.sh'
[2.377s] INFO:colcon.colcon_core.shell:Creating package script '/home/arnavb/erc_ws/src/install/explore_lite/share/explore_lite/package.bash'
[2.378s] INFO:colcon.colcon_core.shell:Creating package script '/home/arnavb/erc_ws/src/install/explore_lite/share/explore_lite/package.zsh'
[2.378s] Level 1:colcon.colcon_core.environment:create_file_with_runtime_dependencies(/home/arnavb/erc_ws/src/install/explore_lite/share/colcon-core/packages/explore_lite)
[3.011s] DEBUG:colcon.colcon_core.event_handler.log_command:Invoking command in '/home/arnavb/erc_ws/src/erc_ros2_navigation_py': DEBUGINFOD_URLS=https://debuginfod.ubuntu.com PYTHONPATH=/home/arnavb/erc_ws/src/build/erc_ros2_navigation_py/prefix_override:/usr/lib/python3/dist-packages/colcon_core/task/python/colcon_distutils_commands:/home/arnavb/erc_ws/src/install/erc_ros2_navigation_py/lib/python3.12/site-packages:${PYTHONPATH} /usr/bin/python3 -W ignore:setup.py install is deprecated -W ignore:easy_install command is deprecated setup.py egg_info --egg-base ../build/erc_ros2_navigation_py build --build-base /home/arnavb/erc_ws/src/build/erc_ros2_navigation_py/build install --record /home/arnavb/erc_ws/src/build/erc_ros2_navigation_py/install.log --single-version-externally-managed install_data
[3.014s] DEBUG:colcon.colcon_core.event_handler.log_command:Invoking command in '/home/arnavb/erc_ws/src/erc_gazebo_sensors_py': DEBUGINFOD_URLS=https://debuginfod.ubuntu.com PYTHONPATH=/home/arnavb/erc_ws/src/build/erc_gazebo_sensors_py/prefix_override:/usr/lib/python3/dist-packages/colcon_core/task/python/colcon_distutils_commands:/home/arnavb/erc_ws/src/install/erc_gazebo_sensors_py/lib/python3.12/site-packages:${PYTHONPATH} /usr/bin/python3 -W ignore:setup.py install is deprecated -W ignore:easy_install command is deprecated setup.py egg_info --egg-base ../build/erc_gazebo_sensors_py build --build-base /home/arnavb/erc_ws/src/build/erc_gazebo_sensors_py/build install --record /home/arnavb/erc_ws/src/build/erc_gazebo_sensors_py/install.log --single-version-externally-managed install_data
[3.018s] DEBUG:colcon.colcon_core.event_handler.log_command:Invoking command in '/home/arnavb/erc_ws/src/mogi_trajectory_server': DEBUGINFOD_URLS=https://debuginfod.ubuntu.com PYTHONPATH=/home/arnavb/erc_ws/src/build/mogi_trajectory_server/prefix_override:/usr/lib/python3/dist-packages/colcon_core/task/python/colcon_distutils_commands:/home/arnavb/erc_ws/src/install/mogi_trajectory_server/lib/python3.12/site-packages:${PYTHONPATH} /usr/bin/python3 -W ignore:setup.py install is deprecated -W ignore:easy_install command is deprecated setup.py egg_info --egg-base ../build/mogi_trajectory_server build --build-base /home/arnavb/erc_ws/src/build/mogi_trajectory_server/build install --record /home/arnavb/erc_ws/src/build/mogi_trajectory_server/install.log --single-version-externally-managed install_data
[3.020s] DEBUG:colcon.colcon_core.event_handler.log_command:Invoking command in '/home/arnavb/erc_ws/src/erc_trajectory_server': DEBUGINFOD_URLS=https://debuginfod.ubuntu.com PYTHONPATH=/home/arnavb/erc_ws/src/build/erc_trajectory_server/prefix_override:/usr/lib/python3/dist-packages/colcon_core/task/python/colcon_distutils_commands:/home/arnavb/erc_ws/src/install/erc_trajectory_server/lib/python3.12/site-packages:${PYTHONPATH} /usr/bin/python3 -W ignore:setup.py install is deprecated -W ignore:easy_install command is deprecated setup.py egg_info --egg-base ../build/erc_trajectory_server build --build-base /home/arnavb/erc_ws/src/build/erc_trajectory_server/build install --record /home/arnavb/erc_ws/src/build/erc_trajectory_server/install.log --single-version-externally-managed install_data
[3.025s] DEBUG:colcon.colcon_core.event_handler.log_command:Invoking command in '/home/arnavb/erc_ws/src/assgn': DEBUGINFOD_URLS=https://debuginfod.ubuntu.com PYTHONPATH=/home/arnavb/erc_ws/src/build/assgn/prefix_override:/usr/lib/python3/dist-packages/colcon_core/task/python/colcon_distutils_commands:/home/arnavb/erc_ws/src/install/assgn/lib/python3.12/site-packages:${PYTHONPATH} /usr/bin/python3 -W ignore:setup.py install is deprecated -W ignore:easy_install command is deprecated setup.py egg_info --egg-base ../build/assgn build --build-base /home/arnavb/erc_ws/src/build/assgn/build install --record /home/arnavb/erc_ws/src/build/assgn/install.log --single-version-externally-managed install_data
[3.026s] DEBUG:colcon.colcon_core.event_handler.log_command:Invoking command in '/home/arnavb/erc_ws/src/erc_ros2_simple_arm_py': DEBUGINFOD_URLS=https://debuginfod.ubuntu.com PYTHONPATH=/home/arnavb/erc_ws/src/build/erc_ros2_simple_arm_py/prefix_override:/usr/lib/python3/dist-packages/colcon_core/task/python/colcon_distutils_commands:/home/arnavb/erc_ws/src/install/erc_ros2_simple_arm_py/lib/python3.12/site-packages:${PYTHONPATH} /usr/bin/python3 -W ignore:setup.py install is deprecated -W ignore:easy_install command is deprecated setup.py egg_info --egg-base ../build/erc_ros2_simple_arm_py build --build-base /home/arnavb/erc_ws/src/build/erc_ros2_simple_arm_py/build install --record /home/arnavb/erc_ws/src/build/erc_ros2_simple_arm_py/install.log --single-version-externally-managed install_data
[3.680s] Level 1:colcon.colcon_core.environment:checking '/home/arnavb/erc_ws/src/install/erc_trajectory_server' for CMake module files
[3.682s] DEBUG:colcon.colcon_core.event_handler.log_command:Invoked command in '/home/arnavb/erc_ws/src/erc_trajectory_server' returned '0': DEBUGINFOD_URLS=https://debuginfod.ubuntu.com PYTHONPATH=/home/arnavb/erc_ws/src/build/erc_trajectory_server/prefix_override:/usr/lib/python3/dist-packages/colcon_core/task/python/colcon_distutils_commands:/home/arnavb/erc_ws/src/install/erc_trajectory_server/lib/python3.12/site-packages:${PYTHONPATH} /usr/bin/python3 -W ignore:setup.py install is deprecated -W ignore:easy_install command is deprecated setup.py egg_info --egg-base ../build/erc_trajectory_server build --build-base /home/arnavb/erc_ws/src/build/erc_trajectory_server/build install --record /home/arnavb/erc_ws/src/build/erc_trajectory_server/install.log --single-version-externally-managed install_data
[3.683s] Level 1:colcon.colcon_core.environment:checking '/home/arnavb/erc_ws/src/install/erc_trajectory_server' for CMake config files
[3.683s] Level 1:colcon.colcon_core.environment:checking '/home/arnavb/erc_ws/src/install/erc_trajectory_server/lib'
[3.683s] Level 1:colcon.colcon_core.environment:checking '/home/arnavb/erc_ws/src/install/erc_trajectory_server/bin'
[3.683s] Level 1:colcon.colcon_core.environment:checking '/home/arnavb/erc_ws/src/install/erc_trajectory_server/lib/pkgconfig/erc_trajectory_server.pc'
[3.684s] Level 1:colcon.colcon_core.environment:checking '/home/arnavb/erc_ws/src/install/erc_trajectory_server/lib/python3.12/site-packages'
[3.684s] Level 1:colcon.colcon_core.shell:create_environment_hook('erc_trajectory_server', 'pythonpath')
[3.684s] INFO:colcon.colcon_core.shell:Creating environment hook '/home/arnavb/erc_ws/src/install/erc_trajectory_server/share/erc_trajectory_server/hook/pythonpath.ps1'
[3.685s] INFO:colcon.colcon_core.shell:Creating environment descriptor '/home/arnavb/erc_ws/src/install/erc_trajectory_server/share/erc_trajectory_server/hook/pythonpath.dsv'
[3.685s] INFO:colcon.colcon_core.shell:Creating environment hook '/home/arnavb/erc_ws/src/install/erc_trajectory_server/share/erc_trajectory_server/hook/pythonpath.sh'
[3.686s] Level 1:colcon.colcon_core.environment:checking '/home/arnavb/erc_ws/src/install/erc_trajectory_server/bin'
[3.686s] Level 1:colcon.colcon_core.environment:create_environment_scripts_only(erc_trajectory_server)
[3.686s] INFO:colcon.colcon_core.shell:Creating package script '/home/arnavb/erc_ws/src/install/erc_trajectory_server/share/erc_trajectory_server/package.ps1'
[3.687s] INFO:colcon.colcon_core.shell:Creating package descriptor '/home/arnavb/erc_ws/src/install/erc_trajectory_server/share/erc_trajectory_server/package.dsv'
[3.687s] INFO:colcon.colcon_core.shell:Creating package script '/home/arnavb/erc_ws/src/install/erc_trajectory_server/share/erc_trajectory_server/package.sh'
[3.688s] INFO:colcon.colcon_core.shell:Creating package script '/home/arnavb/erc_ws/src/install/erc_trajectory_server/share/erc_trajectory_server/package.bash'
[3.688s] INFO:colcon.colcon_core.shell:Creating package script '/home/arnavb/erc_ws/src/install/erc_trajectory_server/share/erc_trajectory_server/package.zsh'
[3.689s] Level 1:colcon.colcon_core.environment:create_file_with_runtime_dependencies(/home/arnavb/erc_ws/src/install/erc_trajectory_server/share/colcon-core/packages/erc_trajectory_server)
[3.691s] Level 1:colcon.colcon_core.environment:checking '/home/arnavb/erc_ws/src/install/erc_gazebo_sensors_py' for CMake module files
[3.692s] DEBUG:colcon.colcon_core.event_handler.log_command:Invoked command in '/home/arnavb/erc_ws/src/erc_gazebo_sensors_py' returned '0': DEBUGINFOD_URLS=https://debuginfod.ubuntu.com PYTHONPATH=/home/arnavb/erc_ws/src/build/erc_gazebo_sensors_py/prefix_override:/usr/lib/python3/dist-packages/colcon_core/task/python/colcon_distutils_commands:/home/arnavb/erc_ws/src/install/erc_gazebo_sensors_py/lib/python3.12/site-packages:${PYTHONPATH} /usr/bin/python3 -W ignore:setup.py install is deprecated -W ignore:easy_install command is deprecated setup.py egg_info --egg-base ../build/erc_gazebo_sensors_py build --build-base /home/arnavb/erc_ws/src/build/erc_gazebo_sensors_py/build install --record /home/arnavb/erc_ws/src/build/erc_gazebo_sensors_py/install.log --single-version-externally-managed install_data
[3.693s] Level 1:colcon.colcon_core.environment:checking '/home/arnavb/erc_ws/src/install/erc_gazebo_sensors_py' for CMake config files
[3.694s] Level 1:colcon.colcon_core.environment:checking '/home/arnavb/erc_ws/src/install/erc_gazebo_sensors_py/lib'
[3.695s] Level 1:colcon.colcon_core.environment:checking '/home/arnavb/erc_ws/src/install/erc_gazebo_sensors_py/bin'
[3.695s] Level 1:colcon.colcon_core.environment:checking '/home/arnavb/erc_ws/src/install/erc_gazebo_sensors_py/lib/pkgconfig/erc_gazebo_sensors_py.pc'
[3.695s] Level 1:colcon.colcon_core.environment:checking '/home/arnavb/erc_ws/src/install/erc_gazebo_sensors_py/lib/python3.12/site-packages'
[3.696s] Level 1:colcon.colcon_core.shell:create_environment_hook('erc_gazebo_sensors_py', 'pythonpath')
[3.696s] INFO:colcon.colcon_core.shell:Creating environment hook '/home/arnavb/erc_ws/src/install/erc_gazebo_sensors_py/share/erc_gazebo_sensors_py/hook/pythonpath.ps1'
[3.697s] INFO:colcon.colcon_core.shell:Creating environment descriptor '/home/arnavb/erc_ws/src/install/erc_gazebo_sensors_py/share/erc_gazebo_sensors_py/hook/pythonpath.dsv'
[3.698s] INFO:colcon.colcon_core.shell:Creating environment hook '/home/arnavb/erc_ws/src/install/erc_gazebo_sensors_py/share/erc_gazebo_sensors_py/hook/pythonpath.sh'
[3.699s] Level 1:colcon.colcon_core.environment:checking '/home/arnavb/erc_ws/src/install/erc_gazebo_sensors_py/bin'
[3.699s] Level 1:colcon.colcon_core.environment:create_environment_scripts_only(erc_gazebo_sensors_py)
[3.700s] INFO:colcon.colcon_core.shell:Creating package script '/home/arnavb/erc_ws/src/install/erc_gazebo_sensors_py/share/erc_gazebo_sensors_py/package.ps1'
[3.701s] INFO:colcon.colcon_core.shell:Creating package descriptor '/home/arnavb/erc_ws/src/install/erc_gazebo_sensors_py/share/erc_gazebo_sensors_py/package.dsv'
[3.702s] INFO:colcon.colcon_core.shell:Creating package script '/home/arnavb/erc_ws/src/install/erc_gazebo_sensors_py/share/erc_gazebo_sensors_py/package.sh'
[3.702s] INFO:colcon.colcon_core.shell:Creating package script '/home/arnavb/erc_ws/src/install/erc_gazebo_sensors_py/share/erc_gazebo_sensors_py/package.bash'
[3.702s] INFO:colcon.colcon_core.shell:Creating package script '/home/arnavb/erc_ws/src/install/erc_gazebo_sensors_py/share/erc_gazebo_sensors_py/package.zsh'
[3.703s] Level 1:colcon.colcon_core.environment:create_file_with_runtime_dependencies(/home/arnavb/erc_ws/src/install/erc_gazebo_sensors_py/share/colcon-core/packages/erc_gazebo_sensors_py)
[3.703s] Level 1:colcon.colcon_core.environment:checking '/home/arnavb/erc_ws/src/install/erc_ros2_simple_arm_py' for CMake module files
[3.704s] Level 1:colcon.colcon_core.environment:checking '/home/arnavb/erc_ws/src/install/erc_ros2_simple_arm_py' for CMake config files
[3.705s] DEBUG:colcon.colcon_core.event_handler.log_command:Invoked command in '/home/arnavb/erc_ws/src/erc_ros2_simple_arm_py' returned '0': DEBUGINFOD_URLS=https://debuginfod.ubuntu.com PYTHONPATH=/home/arnavb/erc_ws/src/build/erc_ros2_simple_arm_py/prefix_override:/usr/lib/python3/dist-packages/colcon_core/task/python/colcon_distutils_commands:/home/arnavb/erc_ws/src/install/erc_ros2_simple_arm_py/lib/python3.12/site-packages:${PYTHONPATH} /usr/bin/python3 -W ignore:setup.py install is deprecated -W ignore:easy_install command is deprecated setup.py egg_info --egg-base ../build/erc_ros2_simple_arm_py build --build-base /home/arnavb/erc_ws/src/build/erc_ros2_simple_arm_py/build install --record /home/arnavb/erc_ws/src/build/erc_ros2_simple_arm_py/install.log --single-version-externally-managed install_data
[3.705s] Level 1:colcon.colcon_core.environment:checking '/home/arnavb/erc_ws/src/install/erc_ros2_simple_arm_py/lib'
[3.705s] Level 1:colcon.colcon_core.environment:checking '/home/arnavb/erc_ws/src/install/erc_ros2_simple_arm_py/bin'
[3.705s] Level 1:colcon.colcon_core.environment:checking '/home/arnavb/erc_ws/src/install/erc_ros2_simple_arm_py/lib/pkgconfig/erc_ros2_simple_arm_py.pc'
[3.706s] Level 1:colcon.colcon_core.environment:checking '/home/arnavb/erc_ws/src/install/erc_ros2_simple_arm_py/lib/python3.12/site-packages'
[3.706s] Level 1:colcon.colcon_core.shell:create_environment_hook('erc_ros2_simple_arm_py', 'pythonpath')
[3.706s] INFO:colcon.colcon_core.shell:Creating environment hook '/home/arnavb/erc_ws/src/install/erc_ros2_simple_arm_py/share/erc_ros2_simple_arm_py/hook/pythonpath.ps1'
[3.706s] INFO:colcon.colcon_core.shell:Creating environment descriptor '/home/arnavb/erc_ws/src/install/erc_ros2_simple_arm_py/share/erc_ros2_simple_arm_py/hook/pythonpath.dsv'
[3.707s] INFO:colcon.colcon_core.shell:Creating environment hook '/home/arnavb/erc_ws/src/install/erc_ros2_simple_arm_py/share/erc_ros2_simple_arm_py/hook/pythonpath.sh'
[3.707s] Level 1:colcon.colcon_core.environment:checking '/home/arnavb/erc_ws/src/install/erc_ros2_simple_arm_py/bin'
[3.707s] Level 1:colcon.colcon_core.environment:create_environment_scripts_only(erc_ros2_simple_arm_py)
[3.708s] INFO:colcon.colcon_core.shell:Creating package script '/home/arnavb/erc_ws/src/install/erc_ros2_simple_arm_py/share/erc_ros2_simple_arm_py/package.ps1'
[3.708s] INFO:colcon.colcon_core.shell:Creating package descriptor '/home/arnavb/erc_ws/src/install/erc_ros2_simple_arm_py/share/erc_ros2_simple_arm_py/package.dsv'
[3.709s] INFO:colcon.colcon_core.shell:Creating package script '/home/arnavb/erc_ws/src/install/erc_ros2_simple_arm_py/share/erc_ros2_simple_arm_py/package.sh'
[3.709s] INFO:colcon.colcon_core.shell:Creating package script '/home/arnavb/erc_ws/src/install/erc_ros2_simple_arm_py/share/erc_ros2_simple_arm_py/package.bash'
[3.709s] INFO:colcon.colcon_core.shell:Creating package script '/home/arnavb/erc_ws/src/install/erc_ros2_simple_arm_py/share/erc_ros2_simple_arm_py/package.zsh'
[3.709s] Level 1:colcon.colcon_core.environment:create_file_with_runtime_dependencies(/home/arnavb/erc_ws/src/install/erc_ros2_simple_arm_py/share/colcon-core/packages/erc_ros2_simple_arm_py)
[3.712s] Level 1:colcon.colcon_core.environment:checking '/home/arnavb/erc_ws/src/install/erc_ros2_navigation_py' for CMake module files
[3.713s] DEBUG:colcon.colcon_core.event_handler.log_command:Invoked command in '/home/arnavb/erc_ws/src/erc_ros2_navigation_py' returned '0': DEBUGINFOD_URLS=https://debuginfod.ubuntu.com PYTHONPATH=/home/arnavb/erc_ws/src/build/erc_ros2_navigation_py/prefix_override:/usr/lib/python3/dist-packages/colcon_core/task/python/colcon_distutils_commands:/home/arnavb/erc_ws/src/install/erc_ros2_navigation_py/lib/python3.12/site-packages:${PYTHONPATH} /usr/bin/python3 -W ignore:setup.py install is deprecated -W ignore:easy_install command is deprecated setup.py egg_info --egg-base ../build/erc_ros2_navigation_py build --build-base /home/arnavb/erc_ws/src/build/erc_ros2_navigation_py/build install --record /home/arnavb/erc_ws/src/build/erc_ros2_navigation_py/install.log --single-version-externally-managed install_data
[3.713s] Level 1:colcon.colcon_core.environment:checking '/home/arnavb/erc_ws/src/install/erc_ros2_navigation_py' for CMake config files
[3.714s] Level 1:colcon.colcon_core.environment:checking '/home/arnavb/erc_ws/src/install/erc_ros2_navigation_py/lib'
[3.715s] Level 1:colcon.colcon_core.environment:checking '/home/arnavb/erc_ws/src/install/erc_ros2_navigation_py/bin'
[3.715s] Level 1:colcon.colcon_core.environment:checking '/home/arnavb/erc_ws/src/install/erc_ros2_navigation_py/lib/pkgconfig/erc_ros2_navigation_py.pc'
[3.715s] Level 1:colcon.colcon_core.environment:checking '/home/arnavb/erc_ws/src/install/erc_ros2_navigation_py/lib/python3.12/site-packages'
[3.715s] Level 1:colcon.colcon_core.shell:create_environment_hook('erc_ros2_navigation_py', 'pythonpath')
[3.716s] INFO:colcon.colcon_core.shell:Creating environment hook '/home/arnavb/erc_ws/src/install/erc_ros2_navigation_py/share/erc_ros2_navigation_py/hook/pythonpath.ps1'
[3.716s] INFO:colcon.colcon_core.shell:Creating environment descriptor '/home/arnavb/erc_ws/src/install/erc_ros2_navigation_py/share/erc_ros2_navigation_py/hook/pythonpath.dsv'
[3.717s] INFO:colcon.colcon_core.shell:Creating environment hook '/home/arnavb/erc_ws/src/install/erc_ros2_navigation_py/share/erc_ros2_navigation_py/hook/pythonpath.sh'
[3.717s] Level 1:colcon.colcon_core.environment:checking '/home/arnavb/erc_ws/src/install/erc_ros2_navigation_py/bin'
[3.717s] Level 1:colcon.colcon_core.environment:create_environment_scripts_only(erc_ros2_navigation_py)
[3.718s] INFO:colcon.colcon_core.shell:Creating package script '/home/arnavb/erc_ws/src/install/erc_ros2_navigation_py/share/erc_ros2_navigation_py/package.ps1'
[3.718s] INFO:colcon.colcon_core.shell:Creating package descriptor '/home/arnavb/erc_ws/src/install/erc_ros2_navigation_py/share/erc_ros2_navigation_py/package.dsv'
[3.719s] INFO:colcon.colcon_core.shell:Creating package script '/home/arnavb/erc_ws/src/install/erc_ros2_navigation_py/share/erc_ros2_navigation_py/package.sh'
[3.719s] INFO:colcon.colcon_core.shell:Creating package script '/home/arnavb/erc_ws/src/install/erc_ros2_navigation_py/share/erc_ros2_navigation_py/package.bash'
[3.719s] INFO:colcon.colcon_core.shell:Creating package script '/home/arnavb/erc_ws/src/install/erc_ros2_navigation_py/share/erc_ros2_navigation_py/package.zsh'
[3.719s] Level 1:colcon.colcon_core.environment:create_file_with_runtime_dependencies(/home/arnavb/erc_ws/src/install/erc_ros2_navigation_py/share/colcon-core/packages/erc_ros2_navigation_py)
[3.720s] Level 1:colcon.colcon_core.environment:checking '/home/arnavb/erc_ws/src/install/mogi_trajectory_server' for CMake module files
[3.721s] Level 1:colcon.colcon_core.environment:checking '/home/arnavb/erc_ws/src/install/mogi_trajectory_server' for CMake config files
[3.721s] DEBUG:colcon.colcon_core.event_handler.log_command:Invoked command in '/home/arnavb/erc_ws/src/mogi_trajectory_server' returned '0': DEBUGINFOD_URLS=https://debuginfod.ubuntu.com PYTHONPATH=/home/arnavb/erc_ws/src/build/mogi_trajectory_server/prefix_override:/usr/lib/python3/dist-packages/colcon_core/task/python/colcon_distutils_commands:/home/arnavb/erc_ws/src/install/mogi_trajectory_server/lib/python3.12/site-packages:${PYTHONPATH} /usr/bin/python3 -W ignore:setup.py install is deprecated -W ignore:easy_install command is deprecated setup.py egg_info --egg-base ../build/mogi_trajectory_server build --build-base /home/arnavb/erc_ws/src/build/mogi_trajectory_server/build install --record /home/arnavb/erc_ws/src/build/mogi_trajectory_server/install.log --single-version-externally-managed install_data
[3.722s] Level 1:colcon.colcon_core.environment:checking '/home/arnavb/erc_ws/src/install/mogi_trajectory_server/lib'
[3.722s] Level 1:colcon.colcon_core.environment:checking '/home/arnavb/erc_ws/src/install/mogi_trajectory_server/bin'
[3.722s] Level 1:colcon.colcon_core.environment:checking '/home/arnavb/erc_ws/src/install/mogi_trajectory_server/lib/pkgconfig/mogi_trajectory_server.pc'
[3.723s] Level 1:colcon.colcon_core.environment:checking '/home/arnavb/erc_ws/src/install/mogi_trajectory_server/lib/python3.12/site-packages'
[3.723s] Level 1:colcon.colcon_core.shell:create_environment_hook('mogi_trajectory_server', 'pythonpath')
[3.723s] INFO:colcon.colcon_core.shell:Creating environment hook '/home/arnavb/erc_ws/src/install/mogi_trajectory_server/share/mogi_trajectory_server/hook/pythonpath.ps1'
[3.723s] INFO:colcon.colcon_core.shell:Creating environment descriptor '/home/arnavb/erc_ws/src/install/mogi_trajectory_server/share/mogi_trajectory_server/hook/pythonpath.dsv'
[3.724s] INFO:colcon.colcon_core.shell:Creating environment hook '/home/arnavb/erc_ws/src/install/mogi_trajectory_server/share/mogi_trajectory_server/hook/pythonpath.sh'
[3.725s] Level 1:colcon.colcon_core.environment:checking '/home/arnavb/erc_ws/src/install/mogi_trajectory_server/bin'
[3.725s] Level 1:colcon.colcon_core.environment:create_environment_scripts_only(mogi_trajectory_server)
[3.725s] INFO:colcon.colcon_core.shell:Creating package script '/home/arnavb/erc_ws/src/install/mogi_trajectory_server/share/mogi_trajectory_server/package.ps1'
[3.726s] INFO:colcon.colcon_core.shell:Creating package descriptor '/home/arnavb/erc_ws/src/install/mogi_trajectory_server/share/mogi_trajectory_server/package.dsv'
[3.727s] INFO:colcon.colcon_core.shell:Creating package script '/home/arnavb/erc_ws/src/install/mogi_trajectory_server/share/mogi_trajectory_server/package.sh'
[3.727s] INFO:colcon.colcon_core.shell:Creating package script '/home/arnavb/erc_ws/src/install/mogi_trajectory_server/share/mogi_trajectory_server/package.bash'
[3.728s] INFO:colcon.colcon_core.shell:Creating package script '/home/arnavb/erc_ws/src/install/mogi_trajectory_server/share/mogi_trajectory_server/package.zsh'
[3.728s] Level 1:colcon.colcon_core.environment:create_file_with_runtime_dependencies(/home/arnavb/erc_ws/src/install/mogi_trajectory_server/share/colcon-core/packages/mogi_trajectory_server)
[3.730s] Level 1:colcon.colcon_core.environment:checking '/home/arnavb/erc_ws/src/install/assgn' for CMake module files
[3.731s] DEBUG:colcon.colcon_core.event_handler.log_command:Invoked command in '/home/arnavb/erc_ws/src/assgn' returned '0': DEBUGINFOD_URLS=https://debuginfod.ubuntu.com PYTHONPATH=/home/arnavb/erc_ws/src/build/assgn/prefix_override:/usr/lib/python3/dist-packages/colcon_core/task/python/colcon_distutils_commands:/home/arnavb/erc_ws/src/install/assgn/lib/python3.12/site-packages:${PYTHONPATH} /usr/bin/python3 -W ignore:setup.py install is deprecated -W ignore:easy_install command is deprecated setup.py egg_info --egg-base ../build/assgn build --build-base /home/arnavb/erc_ws/src/build/assgn/build install --record /home/arnavb/erc_ws/src/build/assgn/install.log --single-version-externally-managed install_data
[3.731s] Level 1:colcon.colcon_core.environment:checking '/home/arnavb/erc_ws/src/install/assgn' for CMake config files
[3.732s] Level 1:colcon.colcon_core.environment:checking '/home/arnavb/erc_ws/src/install/assgn/lib'
[3.732s] Level 1:colcon.colcon_core.environment:checking '/home/arnavb/erc_ws/src/install/assgn/bin'
[3.732s] Level 1:colcon.colcon_core.environment:checking '/home/arnavb/erc_ws/src/install/assgn/lib/pkgconfig/assgn.pc'
[3.733s] Level 1:colcon.colcon_core.environment:checking '/home/arnavb/erc_ws/src/install/assgn/lib/python3.12/site-packages'
[3.733s] Level 1:colcon.colcon_core.shell:create_environment_hook('assgn', 'pythonpath')
[3.733s] INFO:colcon.colcon_core.shell:Creating environment hook '/home/arnavb/erc_ws/src/install/assgn/share/assgn/hook/pythonpath.ps1'
[3.734s] INFO:colcon.colcon_core.shell:Creating environment descriptor '/home/arnavb/erc_ws/src/install/assgn/share/assgn/hook/pythonpath.dsv'
[3.735s] INFO:colcon.colcon_core.shell:Creating environment hook '/home/arnavb/erc_ws/src/install/assgn/share/assgn/hook/pythonpath.sh'
[3.736s] Level 1:colcon.colcon_core.environment:checking '/home/arnavb/erc_ws/src/install/assgn/bin'
[3.736s] Level 1:colcon.colcon_core.environment:create_environment_scripts_only(assgn)
[3.736s] INFO:colcon.colcon_core.shell:Creating package script '/home/arnavb/erc_ws/src/install/assgn/share/assgn/package.ps1'
[3.737s] INFO:colcon.colcon_core.shell:Creating package descriptor '/home/arnavb/erc_ws/src/install/assgn/share/assgn/package.dsv'
[3.737s] INFO:colcon.colcon_core.shell:Creating package script '/home/arnavb/erc_ws/src/install/assgn/share/assgn/package.sh'
[3.738s] INFO:colcon.colcon_core.shell:Creating package script '/home/arnavb/erc_ws/src/install/assgn/share/assgn/package.bash'
[3.738s] INFO:colcon.colcon_core.shell:Creating package script '/home/arnavb/erc_ws/src/install/assgn/share/assgn/package.zsh'
[3.738s] Level 1:colcon.colcon_core.environment:create_file_with_runtime_dependencies(/home/arnavb/erc_ws/src/install/assgn/share/colcon-core/packages/assgn)
[3.739s] DEBUG:colcon.colcon_parallel_executor.executor.parallel:closing loop
[3.739s] DEBUG:colcon.colcon_parallel_executor.executor.parallel:loop closed
[3.739s] DEBUG:colcon.colcon_parallel_executor.executor.parallel:run_until_complete finished with '0'
[3.739s] DEBUG:colcon.colcon_core.event_reactor:joining thread
[3.751s] INFO:colcon.colcon_core.plugin_system:Skipping extension 'colcon_notification.desktop_notification.terminal_notifier': Not used on non-Darwin systems
[3.751s] INFO:colcon.colcon_core.plugin_system:Skipping extension 'colcon_notification.desktop_notification.win32': Not used on non-Windows systems
[3.751s] INFO:colcon.colcon_notification.desktop_notification:Sending desktop notification using 'notify2'
[3.776s] DEBUG:colcon.colcon_core.event_reactor:joined thread
[3.777s] INFO:colcon.colcon_core.shell:Creating prefix script '/home/arnavb/erc_ws/src/install/local_setup.ps1'
[3.778s] INFO:colcon.colcon_core.shell:Creating prefix util module '/home/arnavb/erc_ws/src/install/_local_setup_util_ps1.py'
[3.779s] INFO:colcon.colcon_core.shell:Creating prefix chain script '/home/arnavb/erc_ws/src/install/setup.ps1'
[3.782s] INFO:colcon.colcon_core.shell:Creating prefix script '/home/arnavb/erc_ws/src/install/local_setup.sh'
[3.782s] INFO:colcon.colcon_core.shell:Creating prefix util module '/home/arnavb/erc_ws/src/install/_local_setup_util_sh.py'
[3.783s] INFO:colcon.colcon_core.shell:Creating prefix chain script '/home/arnavb/erc_ws/src/install/setup.sh'
[3.785s] INFO:colcon.colcon_core.shell:Creating prefix script '/home/arnavb/erc_ws/src/install/local_setup.bash'
[3.786s] INFO:colcon.colcon_core.shell:Creating prefix chain script '/home/arnavb/erc_ws/src/install/setup.bash'
[3.787s] INFO:colcon.colcon_core.shell:Creating prefix script '/home/arnavb/erc_ws/src/install/local_setup.zsh'
[3.788s] INFO:colcon.colcon_core.shell:Creating prefix chain script '/home/arnavb/erc_ws/src/install/setup.zsh'
