[0.128s] DEBUG:colcon:Command line arguments: ['/usr/bin/colcon', 'build']
[0.128s] DEBUG:colcon:Parsed command line arguments: Namespace(log_base=None, log_level=None, verb_name='build', build_base='build', install_base='install', merge_install=False, symlink_install=False, test_result_base=None, continue_on_error=False, executor='parallel', parallel_workers=20, event_handlers=None, ignore_user_meta=False, metas=['./colcon.meta'], base_paths=['.'], packages_ignore=None, packages_ignore_regex=None, paths=None, packages_up_to=None, packages_up_to_regex=None, packages_above=None, packages_above_and_dependencies=None, packages_above_depth=None, packages_select_by_dep=None, packages_skip_by_dep=None, packages_skip_up_to=None, packages_select_build_failed=False, packages_skip_build_finished=False, packages_select_test_failures=False, packages_skip_test_passed=False, packages_select=None, packages_skip=None, packages_select_regex=None, packages_skip_regex=None, packages_start=None, packages_end=None, allow_overriding=[], cmake_args=None, cmake_target=None, cmake_target_skip_unavailable=False, cmake_clean_cache=False, cmake_clean_first=False, cmake_force_configure=False, ament_cmake_args=None, catkin_cmake_args=None, catkin_skip_building_tests=False, mixin_files=None, mixin=None, verb_parser=<colcon_mixin.mixin.mixin_argument.MixinArgumentDecorator object at 0x7758b66984d0>, verb_extension=<colcon_core.verb.build.BuildVerb object at 0x7758b666d130>, main=<bound method BuildVerb.main of <colcon_core.verb.build.BuildVerb object at 0x7758b666d130>>, mixin_verb=('build',))
[0.173s] Level 1:colcon.colcon_core.package_discovery:discover_packages(colcon_meta) check parameters
[0.173s] Level 1:colcon.colcon_core.package_discovery:discover_packages(recursive) check parameters
[0.173s] Level 1:colcon.colcon_core.package_discovery:discover_packages(ignore) check parameters
[0.173s] Level 1:colcon.colcon_core.package_discovery:discover_packages(path) check parameters
[0.173s] Level 1:colcon.colcon_core.package_discovery:discover_packages(colcon_meta) discover
[0.173s] Level 1:colcon.colcon_core.package_discovery:discover_packages(recursive) discover
[0.173s] INFO:colcon.colcon_core.package_discovery:Crawling recursively for packages in '/home/arnavb/erc_ws/src'
[0.173s] Level 1:colcon.colcon_core.package_identification:_identify(.) by extensions ['ignore', 'ignore_ament_install']
[0.174s] Level 1:colcon.colcon_core.package_identification:_identify(.) by extension 'ignore'
[0.174s] Level 1:colcon.colcon_core.package_identification:_identify(.) by extension 'ignore_ament_install'
[0.174s] Level 1:colcon.colcon_core.package_identification:_identify(.) by extensions ['colcon_pkg']
[0.174s] Level 1:colcon.colcon_core.package_identification:_identify(.) by extension 'colcon_pkg'
[0.174s] Level 1:colcon.colcon_core.package_identification:_identify(.) by extensions ['colcon_meta']
[0.174s] Level 1:colcon.colcon_core.package_identification:_identify(.) by extension 'colcon_meta'
[0.174s] Level 1:colcon.colcon_core.package_identification:_identify(.) by extensions ['ros']
[0.174s] Level 1:colcon.colcon_core.package_identification:_identify(.) by extension 'ros'
[0.205s] Level 1:colcon.colcon_core.package_identification:_identify(.) by extensions ['cmake', 'python']
[0.205s] Level 1:colcon.colcon_core.package_identification:_identify(.) by extension 'cmake'
[0.205s] Level 1:colcon.colcon_core.package_identification:_identify(.) by extension 'python'
[0.205s] Level 1:colcon.colcon_core.package_identification:_identify(.) by extensions ['python_setup_py']
[0.206s] Level 1:colcon.colcon_core.package_identification:_identify(.) by extension 'python_setup_py'
[0.206s] Level 1:colcon.colcon_core.package_identification:_identify(assgn) by extensions ['ignore', 'ignore_ament_install']
[0.206s] Level 1:colcon.colcon_core.package_identification:_identify(assgn) by extension 'ignore'
[0.206s] Level 1:colcon.colcon_core.package_identification:_identify(assgn) by extension 'ignore_ament_install'
[0.206s] Level 1:colcon.colcon_core.package_identification:_identify(assgn) by extensions ['colcon_pkg']
[0.206s] Level 1:colcon.colcon_core.package_identification:_identify(assgn) by extension 'colcon_pkg'
[0.206s] Level 1:colcon.colcon_core.package_identification:_identify(assgn) by extensions ['colcon_meta']
[0.206s] Level 1:colcon.colcon_core.package_identification:_identify(assgn) by extension 'colcon_meta'
[0.206s] Level 1:colcon.colcon_core.package_identification:_identify(assgn) by extensions ['ros']
[0.206s] Level 1:colcon.colcon_core.package_identification:_identify(assgn) by extension 'ros'
[0.209s] DEBUG:colcon.colcon_core.package_identification:Package 'assgn' with type 'ros.ament_python' and name 'assgn'
[0.209s] Level 1:colcon.colcon_core.package_identification:_identify(build) by extensions ['ignore', 'ignore_ament_install']
[0.209s] Level 1:colcon.colcon_core.package_identification:_identify(build) by extension 'ignore'
[0.209s] Level 1:colcon.colcon_core.package_identification:_identify(build) ignored
[0.209s] Level 1:colcon.colcon_core.package_identification:_identify(erc_gazebo_basics) by extensions ['ignore', 'ignore_ament_install']
[0.209s] Level 1:colcon.colcon_core.package_identification:_identify(erc_gazebo_basics) by extension 'ignore'
[0.209s] Level 1:colcon.colcon_core.package_identification:_identify(erc_gazebo_basics) by extension 'ignore_ament_install'
[0.209s] Level 1:colcon.colcon_core.package_identification:_identify(erc_gazebo_basics) by extensions ['colcon_pkg']
[0.209s] Level 1:colcon.colcon_core.package_identification:_identify(erc_gazebo_basics) by extension 'colcon_pkg'
[0.210s] Level 1:colcon.colcon_core.package_identification:_identify(erc_gazebo_basics) by extensions ['colcon_meta']
[0.210s] Level 1:colcon.colcon_core.package_identification:_identify(erc_gazebo_basics) by extension 'colcon_meta'
[0.210s] Level 1:colcon.colcon_core.package_identification:_identify(erc_gazebo_basics) by extensions ['ros']
[0.210s] Level 1:colcon.colcon_core.package_identification:_identify(erc_gazebo_basics) by extension 'ros'
[0.210s] DEBUG:colcon.colcon_core.package_identification:Package 'erc_gazebo_basics' with type 'ros.ament_cmake' and name 'erc_gazebo_basics'
[0.210s] Level 1:colcon.colcon_core.package_identification:_identify(erc_gazebo_sensors) by extensions ['ignore', 'ignore_ament_install']
[0.210s] Level 1:colcon.colcon_core.package_identification:_identify(erc_gazebo_sensors) by extension 'ignore'
[0.210s] Level 1:colcon.colcon_core.package_identification:_identify(erc_gazebo_sensors) by extension 'ignore_ament_install'
[0.211s] Level 1:colcon.colcon_core.package_identification:_identify(erc_gazebo_sensors) by extensions ['colcon_pkg']
[0.211s] Level 1:colcon.colcon_core.package_identification:_identify(erc_gazebo_sensors) by extension 'colcon_pkg'
[0.211s] Level 1:colcon.colcon_core.package_identification:_identify(erc_gazebo_sensors) by extensions ['colcon_meta']
[0.211s] Level 1:colcon.colcon_core.package_identification:_identify(erc_gazebo_sensors) by extension 'colcon_meta'
[0.211s] Level 1:colcon.colcon_core.package_identification:_identify(erc_gazebo_sensors) by extensions ['ros']
[0.211s] Level 1:colcon.colcon_core.package_identification:_identify(erc_gazebo_sensors) by extension 'ros'
[0.211s] DEBUG:colcon.colcon_core.package_identification:Package 'erc_gazebo_sensors' with type 'ros.ament_cmake' and name 'erc_gazebo_sensors'
[0.211s] Level 1:colcon.colcon_core.package_identification:_identify(erc_gazebo_sensors_py) by extensions ['ignore', 'ignore_ament_install']
[0.211s] Level 1:colcon.colcon_core.package_identification:_identify(erc_gazebo_sensors_py) by extension 'ignore'
[0.211s] Level 1:colcon.colcon_core.package_identification:_identify(erc_gazebo_sensors_py) by extension 'ignore_ament_install'
[0.212s] Level 1:colcon.colcon_core.package_identification:_identify(erc_gazebo_sensors_py) by extensions ['colcon_pkg']
[0.212s] Level 1:colcon.colcon_core.package_identification:_identify(erc_gazebo_sensors_py) by extension 'colcon_pkg'
[0.212s] Level 1:colcon.colcon_core.package_identification:_identify(erc_gazebo_sensors_py) by extensions ['colcon_meta']
[0.212s] Level 1:colcon.colcon_core.package_identification:_identify(erc_gazebo_sensors_py) by extension 'colcon_meta'
[0.212s] Level 1:colcon.colcon_core.package_identification:_identify(erc_gazebo_sensors_py) by extensions ['ros']
[0.212s] Level 1:colcon.colcon_core.package_identification:_identify(erc_gazebo_sensors_py) by extension 'ros'
[0.212s] DEBUG:colcon.colcon_core.package_identification:Package 'erc_gazebo_sensors_py' with type 'ros.ament_python' and name 'erc_gazebo_sensors_py'
[0.212s] Level 1:colcon.colcon_core.package_identification:_identify(erc_ros2_navigation) by extensions ['ignore', 'ignore_ament_install']
[0.212s] Level 1:colcon.colcon_core.package_identification:_identify(erc_ros2_navigation) by extension 'ignore'
[0.212s] Level 1:colcon.colcon_core.package_identification:_identify(erc_ros2_navigation) by extension 'ignore_ament_install'
[0.212s] Level 1:colcon.colcon_core.package_identification:_identify(erc_ros2_navigation) by extensions ['colcon_pkg']
[0.212s] Level 1:colcon.colcon_core.package_identification:_identify(erc_ros2_navigation) by extension 'colcon_pkg'
[0.212s] Level 1:colcon.colcon_core.package_identification:_identify(erc_ros2_navigation) by extensions ['colcon_meta']
[0.213s] Level 1:colcon.colcon_core.package_identification:_identify(erc_ros2_navigation) by extension 'colcon_meta'
[0.213s] Level 1:colcon.colcon_core.package_identification:_identify(erc_ros2_navigation) by extensions ['ros']
[0.213s] Level 1:colcon.colcon_core.package_identification:_identify(erc_ros2_navigation) by extension 'ros'
[0.213s] DEBUG:colcon.colcon_core.package_identification:Package 'erc_ros2_navigation' with type 'ros.ament_cmake' and name 'erc_ros2_navigation'
[0.213s] Level 1:colcon.colcon_core.package_identification:_identify(erc_ros2_navigation_py) by extensions ['ignore', 'ignore_ament_install']
[0.213s] Level 1:colcon.colcon_core.package_identification:_identify(erc_ros2_navigation_py) by extension 'ignore'
[0.213s] Level 1:colcon.colcon_core.package_identification:_identify(erc_ros2_navigation_py) by extension 'ignore_ament_install'
[0.214s] Level 1:colcon.colcon_core.package_identification:_identify(erc_ros2_navigation_py) by extensions ['colcon_pkg']
[0.214s] Level 1:colcon.colcon_core.package_identification:_identify(erc_ros2_navigation_py) by extension 'colcon_pkg'
[0.214s] Level 1:colcon.colcon_core.package_identification:_identify(erc_ros2_navigation_py) by extensions ['colcon_meta']
[0.214s] Level 1:colcon.colcon_core.package_identification:_identify(erc_ros2_navigation_py) by extension 'colcon_meta'
[0.214s] Level 1:colcon.colcon_core.package_identification:_identify(erc_ros2_navigation_py) by extensions ['ros']
[0.214s] Level 1:colcon.colcon_core.package_identification:_identify(erc_ros2_navigation_py) by extension 'ros'
[0.214s] DEBUG:colcon.colcon_core.package_identification:Package 'erc_ros2_navigation_py' with type 'ros.ament_python' and name 'erc_ros2_navigation_py'
[0.214s] Level 1:colcon.colcon_core.package_identification:_identify(erc_ros2_simple_arm) by extensions ['ignore', 'ignore_ament_install']
[0.214s] Level 1:colcon.colcon_core.package_identification:_identify(erc_ros2_simple_arm) by extension 'ignore'
[0.214s] Level 1:colcon.colcon_core.package_identification:_identify(erc_ros2_simple_arm) by extension 'ignore_ament_install'
[0.214s] Level 1:colcon.colcon_core.package_identification:_identify(erc_ros2_simple_arm) by extensions ['colcon_pkg']
[0.214s] Level 1:colcon.colcon_core.package_identification:_identify(erc_ros2_simple_arm) by extension 'colcon_pkg'
[0.215s] Level 1:colcon.colcon_core.package_identification:_identify(erc_ros2_simple_arm) by extensions ['colcon_meta']
[0.215s] Level 1:colcon.colcon_core.package_identification:_identify(erc_ros2_simple_arm) by extension 'colcon_meta'
[0.215s] Level 1:colcon.colcon_core.package_identification:_identify(erc_ros2_simple_arm) by extensions ['ros']
[0.215s] Level 1:colcon.colcon_core.package_identification:_identify(erc_ros2_simple_arm) by extension 'ros'
[0.215s] DEBUG:colcon.colcon_core.package_identification:Package 'erc_ros2_simple_arm' with type 'ros.ament_cmake' and name 'erc_ros2_simple_arm'
[0.215s] Level 1:colcon.colcon_core.package_identification:_identify(erc_ros2_simple_arm_py) by extensions ['ignore', 'ignore_ament_install']
[0.215s] Level 1:colcon.colcon_core.package_identification:_identify(erc_ros2_simple_arm_py) by extension 'ignore'
[0.215s] Level 1:colcon.colcon_core.package_identification:_identify(erc_ros2_simple_arm_py) by extension 'ignore_ament_install'
[0.215s] Level 1:colcon.colcon_core.package_identification:_identify(erc_ros2_simple_arm_py) by extensions ['colcon_pkg']
[0.215s] Level 1:colcon.colcon_core.package_identification:_identify(erc_ros2_simple_arm_py) by extension 'colcon_pkg'
[0.215s] Level 1:colcon.colcon_core.package_identification:_identify(erc_ros2_simple_arm_py) by extensions ['colcon_meta']
[0.215s] Level 1:colcon.colcon_core.package_identification:_identify(erc_ros2_simple_arm_py) by extension 'colcon_meta'
[0.216s] Level 1:colcon.colcon_core.package_identification:_identify(erc_ros2_simple_arm_py) by extensions ['ros']
[0.216s] Level 1:colcon.colcon_core.package_identification:_identify(erc_ros2_simple_arm_py) by extension 'ros'
[0.216s] DEBUG:colcon.colcon_core.package_identification:Package 'erc_ros2_simple_arm_py' with type 'ros.ament_python' and name 'erc_ros2_simple_arm_py'
[0.216s] Level 1:colcon.colcon_core.package_identification:_identify(erc_trajectory_server) by extensions ['ignore', 'ignore_ament_install']
[0.216s] Level 1:colcon.colcon_core.package_identification:_identify(erc_trajectory_server) by extension 'ignore'
[0.216s] Level 1:colcon.colcon_core.package_identification:_identify(erc_trajectory_server) by extension 'ignore_ament_install'
[0.216s] Level 1:colcon.colcon_core.package_identification:_identify(erc_trajectory_server) by extensions ['colcon_pkg']
[0.216s] Level 1:colcon.colcon_core.package_identification:_identify(erc_trajectory_server) by extension 'colcon_pkg'
[0.216s] Level 1:colcon.colcon_core.package_identification:_identify(erc_trajectory_server) by extensions ['colcon_meta']
[0.216s] Level 1:colcon.colcon_core.package_identification:_identify(erc_trajectory_server) by extension 'colcon_meta'
[0.216s] Level 1:colcon.colcon_core.package_identification:_identify(erc_trajectory_server) by extensions ['ros']
[0.216s] Level 1:colcon.colcon_core.package_identification:_identify(erc_trajectory_server) by extension 'ros'
[0.217s] DEBUG:colcon.colcon_core.package_identification:Package 'erc_trajectory_server' with type 'ros.ament_python' and name 'erc_trajectory_server'
[0.217s] Level 1:colcon.colcon_core.package_identification:_identify(explore) by extensions ['ignore', 'ignore_ament_install']
[0.217s] Level 1:colcon.colcon_core.package_identification:_identify(explore) by extension 'ignore'
[0.217s] Level 1:colcon.colcon_core.package_identification:_identify(explore) by extension 'ignore_ament_install'
[0.217s] Level 1:colcon.colcon_core.package_identification:_identify(explore) by extensions ['colcon_pkg']
[0.217s] Level 1:colcon.colcon_core.package_identification:_identify(explore) by extension 'colcon_pkg'
[0.217s] Level 1:colcon.colcon_core.package_identification:_identify(explore) by extensions ['colcon_meta']
[0.217s] Level 1:colcon.colcon_core.package_identification:_identify(explore) by extension 'colcon_meta'
[0.217s] Level 1:colcon.colcon_core.package_identification:_identify(explore) by extensions ['ros']
[0.217s] Level 1:colcon.colcon_core.package_identification:_identify(explore) by extension 'ros'
[0.218s] DEBUG:colcon.colcon_core.package_identification:Package 'explore' with type 'ros.ament_cmake' and name 'explore_lite'
[0.219s] Level 1:colcon.colcon_core.package_identification:_identify(install) by extensions ['ignore', 'ignore_ament_install']
[0.219s] Level 1:colcon.colcon_core.package_identification:_identify(install) by extension 'ignore'
[0.219s] Level 1:colcon.colcon_core.package_identification:_identify(install) ignored
[0.219s] Level 1:colcon.colcon_core.package_identification:_identify(log) by extensions ['ignore', 'ignore_ament_install']
[0.219s] Level 1:colcon.colcon_core.package_identification:_identify(log) by extension 'ignore'
[0.219s] Level 1:colcon.colcon_core.package_identification:_identify(log) ignored
[0.219s] Level 1:colcon.colcon_core.package_identification:_identify(mogi_trajectory_server) by extensions ['ignore', 'ignore_ament_install']
[0.219s] Level 1:colcon.colcon_core.package_identification:_identify(mogi_trajectory_server) by extension 'ignore'
[0.219s] Level 1:colcon.colcon_core.package_identification:_identify(mogi_trajectory_server) by extension 'ignore_ament_install'
[0.219s] Level 1:colcon.colcon_core.package_identification:_identify(mogi_trajectory_server) by extensions ['colcon_pkg']
[0.219s] Level 1:colcon.colcon_core.package_identification:_identify(mogi_trajectory_server) by extension 'colcon_pkg'
[0.219s] Level 1:colcon.colcon_core.package_identification:_identify(mogi_trajectory_server) by extensions ['colcon_meta']
[0.219s] Level 1:colcon.colcon_core.package_identification:_identify(mogi_trajectory_server) by extension 'colcon_meta'
[0.219s] Level 1:colcon.colcon_core.package_identification:_identify(mogi_trajectory_server) by extensions ['ros']
[0.219s] Level 1:colcon.colcon_core.package_identification:_identify(mogi_trajectory_server) by extension 'ros'
[0.220s] DEBUG:colcon.colcon_core.package_identification:Package 'mogi_trajectory_server' with type 'ros.ament_python' and name 'mogi_trajectory_server'
[0.220s] Level 1:colcon.colcon_core.package_discovery:discover_packages(recursive) using defaults
[0.220s] Level 1:colcon.colcon_core.package_discovery:discover_packages(ignore) discover
[0.220s] Level 1:colcon.colcon_core.package_discovery:discover_packages(ignore) using defaults
[0.220s] Level 1:colcon.colcon_core.package_discovery:discover_packages(path) discover
[0.220s] Level 1:colcon.colcon_core.package_discovery:discover_packages(path) using defaults
[0.244s] Level 1:colcon.colcon_core.package_discovery:discover_packages(prefix_path) check parameters
[0.244s] Level 1:colcon.colcon_core.package_discovery:discover_packages(prefix_path) discover
[0.247s] DEBUG:colcon.colcon_installed_package_information.package_discovery:Found 13 installed packages in /home/arnavb/erc_ws/src/install
[0.247s] DEBUG:colcon.colcon_installed_package_information.package_discovery:Found 4 installed packages in /home/arnavb/erc_ws/install
[0.248s] DEBUG:colcon.colcon_installed_package_information.package_discovery:Found 1 installed packages in /home/arnavb/erc_ws/src/erc_gazebo_basics/install
[0.250s] DEBUG:colcon.colcon_installed_package_information.package_discovery:Found 435 installed packages in /opt/ros/jazzy
[0.251s] Level 1:colcon.colcon_core.package_discovery:discover_packages(prefix_path) using defaults
[0.311s] Level 5:colcon.colcon_core.verb:set package 'assgn' build argument 'cmake_args' from command line to 'None'
[0.311s] Level 5:colcon.colcon_core.verb:set package 'assgn' build argument 'cmake_target' from command line to 'None'
[0.311s] Level 5:colcon.colcon_core.verb:set package 'assgn' build argument 'cmake_target_skip_unavailable' from command line to 'False'
[0.311s] Level 5:colcon.colcon_core.verb:set package 'assgn' build argument 'cmake_clean_cache' from command line to 'False'
[0.311s] Level 5:colcon.colcon_core.verb:set package 'assgn' build argument 'cmake_clean_first' from command line to 'False'
[0.311s] Level 5:colcon.colcon_core.verb:set package 'assgn' build argument 'cmake_force_configure' from command line to 'False'
[0.311s] Level 5:colcon.colcon_core.verb:set package 'assgn' build argument 'ament_cmake_args' from command line to 'None'
[0.311s] Level 5:colcon.colcon_core.verb:set package 'assgn' build argument 'catkin_cmake_args' from command line to 'None'
[0.311s] Level 5:colcon.colcon_core.verb:set package 'assgn' build argument 'catkin_skip_building_tests' from command line to 'False'
[0.311s] DEBUG:colcon.colcon_core.verb:Building package 'assgn' with the following arguments: {'ament_cmake_args': None, 'build_base': '/home/arnavb/erc_ws/src/build/assgn', 'catkin_cmake_args': None, 'catkin_skip_building_tests': False, 'cmake_args': None, 'cmake_clean_cache': False, 'cmake_clean_first': False, 'cmake_force_configure': False, 'cmake_target': None, 'cmake_target_skip_unavailable': False, 'install_base': '/home/arnavb/erc_ws/src/install/assgn', 'merge_install': False, 'path': '/home/arnavb/erc_ws/src/assgn', 'symlink_install': False, 'test_result_base': None}
[0.311s] Level 5:colcon.colcon_core.verb:set package 'erc_gazebo_basics' build argument 'cmake_args' from command line to 'None'
[0.311s] Level 5:colcon.colcon_core.verb:set package 'erc_gazebo_basics' build argument 'cmake_target' from command line to 'None'
[0.311s] Level 5:colcon.colcon_core.verb:set package 'erc_gazebo_basics' build argument 'cmake_target_skip_unavailable' from command line to 'False'
[0.311s] Level 5:colcon.colcon_core.verb:set package 'erc_gazebo_basics' build argument 'cmake_clean_cache' from command line to 'False'
[0.311s] Level 5:colcon.colcon_core.verb:set package 'erc_gazebo_basics' build argument 'cmake_clean_first' from command line to 'False'
[0.311s] Level 5:colcon.colcon_core.verb:set package 'erc_gazebo_basics' build argument 'cmake_force_configure' from command line to 'False'
[0.311s] Level 5:colcon.colcon_core.verb:set package 'erc_gazebo_basics' build argument 'ament_cmake_args' from command line to 'None'
[0.311s] Level 5:colcon.colcon_core.verb:set package 'erc_gazebo_basics' build argument 'catkin_cmake_args' from command line to 'None'
[0.311s] Level 5:colcon.colcon_core.verb:set package 'erc_gazebo_basics' build argument 'catkin_skip_building_tests' from command line to 'False'
[0.311s] DEBUG:colcon.colcon_core.verb:Building package 'erc_gazebo_basics' with the following arguments: {'ament_cmake_args': None, 'build_base': '/home/arnavb/erc_ws/src/build/erc_gazebo_basics', 'catkin_cmake_args': None, 'catkin_skip_building_tests': False, 'cmake_args': None, 'cmake_clean_cache': False, 'cmake_clean_first': False, 'cmake_force_configure': False, 'cmake_target': None, 'cmake_target_skip_unavailable': False, 'install_base': '/home/arnavb/erc_ws/src/install/erc_gazebo_basics', 'merge_install': False, 'path': '/home/arnavb/erc_ws/src/erc_gazebo_basics', 'symlink_install': False, 'test_result_base': None}
[0.312s] Level 5:colcon.colcon_core.verb:set package 'erc_gazebo_sensors' build argument 'cmake_args' from command line to 'None'
[0.312s] Level 5:colcon.colcon_core.verb:set package 'erc_gazebo_sensors' build argument 'cmake_target' from command line to 'None'
[0.312s] Level 5:colcon.colcon_core.verb:set package 'erc_gazebo_sensors' build argument 'cmake_target_skip_unavailable' from command line to 'False'
[0.312s] Level 5:colcon.colcon_core.verb:set package 'erc_gazebo_sensors' build argument 'cmake_clean_cache' from command line to 'False'
[0.312s] Level 5:colcon.colcon_core.verb:set package 'erc_gazebo_sensors' build argument 'cmake_clean_first' from command line to 'False'
[0.312s] Level 5:colcon.colcon_core.verb:set package 'erc_gazebo_sensors' build argument 'cmake_force_configure' from command line to 'False'
[0.312s] Level 5:colcon.colcon_core.verb:set package 'erc_gazebo_sensors' build argument 'ament_cmake_args' from command line to 'None'
[0.312s] Level 5:colcon.colcon_core.verb:set package 'erc_gazebo_sensors' build argument 'catkin_cmake_args' from command line to 'None'
[0.312s] Level 5:colcon.colcon_core.verb:set package 'erc_gazebo_sensors' build argument 'catkin_skip_building_tests' from command line to 'False'
[0.312s] DEBUG:colcon.colcon_core.verb:Building package 'erc_gazebo_sensors' with the following arguments: {'ament_cmake_args': None, 'build_base': '/home/arnavb/erc_ws/src/build/erc_gazebo_sensors', 'catkin_cmake_args': None, 'catkin_skip_building_tests': False, 'cmake_args': None, 'cmake_clean_cache': False, 'cmake_clean_first': False, 'cmake_force_configure': False, 'cmake_target': None, 'cmake_target_skip_unavailable': False, 'install_base': '/home/arnavb/erc_ws/src/install/erc_gazebo_sensors', 'merge_install': False, 'path': '/home/arnavb/erc_ws/src/erc_gazebo_sensors', 'symlink_install': False, 'test_result_base': None}
[0.312s] Level 5:colcon.colcon_core.verb:set package 'erc_gazebo_sensors_py' build argument 'cmake_args' from command line to 'None'
[0.312s] Level 5:colcon.colcon_core.verb:set package 'erc_gazebo_sensors_py' build argument 'cmake_target' from command line to 'None'
[0.312s] Level 5:colcon.colcon_core.verb:set package 'erc_gazebo_sensors_py' build argument 'cmake_target_skip_unavailable' from command line to 'False'
[0.312s] Level 5:colcon.colcon_core.verb:set package 'erc_gazebo_sensors_py' build argument 'cmake_clean_cache' from command line to 'False'
[0.312s] Level 5:colcon.colcon_core.verb:set package 'erc_gazebo_sensors_py' build argument 'cmake_clean_first' from command line to 'False'
[0.312s] Level 5:colcon.colcon_core.verb:set package 'erc_gazebo_sensors_py' build argument 'cmake_force_configure' from command line to 'False'
[0.312s] Level 5:colcon.colcon_core.verb:set package 'erc_gazebo_sensors_py' build argument 'ament_cmake_args' from command line to 'None'
[0.312s] Level 5:colcon.colcon_core.verb:set package 'erc_gazebo_sensors_py' build argument 'catkin_cmake_args' from command line to 'None'
[0.312s] Level 5:colcon.colcon_core.verb:set package 'erc_gazebo_sensors_py' build argument 'catkin_skip_building_tests' from command line to 'False'
[0.312s] DEBUG:colcon.colcon_core.verb:Building package 'erc_gazebo_sensors_py' with the following arguments: {'ament_cmake_args': None, 'build_base': '/home/arnavb/erc_ws/src/build/erc_gazebo_sensors_py', 'catkin_cmake_args': None, 'catkin_skip_building_tests': False, 'cmake_args': None, 'cmake_clean_cache': False, 'cmake_clean_first': False, 'cmake_force_configure': False, 'cmake_target': None, 'cmake_target_skip_unavailable': False, 'install_base': '/home/arnavb/erc_ws/src/install/erc_gazebo_sensors_py', 'merge_install': False, 'path': '/home/arnavb/erc_ws/src/erc_gazebo_sensors_py', 'symlink_install': False, 'test_result_base': None}
[0.313s] Level 5:colcon.colcon_core.verb:set package 'erc_ros2_navigation' build argument 'cmake_args' from command line to 'None'
[0.313s] Level 5:colcon.colcon_core.verb:set package 'erc_ros2_navigation' build argument 'cmake_target' from command line to 'None'
[0.313s] Level 5:colcon.colcon_core.verb:set package 'erc_ros2_navigation' build argument 'cmake_target_skip_unavailable' from command line to 'False'
[0.313s] Level 5:colcon.colcon_core.verb:set package 'erc_ros2_navigation' build argument 'cmake_clean_cache' from command line to 'False'
[0.313s] Level 5:colcon.colcon_core.verb:set package 'erc_ros2_navigation' build argument 'cmake_clean_first' from command line to 'False'
[0.313s] Level 5:colcon.colcon_core.verb:set package 'erc_ros2_navigation' build argument 'cmake_force_configure' from command line to 'False'
[0.313s] Level 5:colcon.colcon_core.verb:set package 'erc_ros2_navigation' build argument 'ament_cmake_args' from command line to 'None'
[0.313s] Level 5:colcon.colcon_core.verb:set package 'erc_ros2_navigation' build argument 'catkin_cmake_args' from command line to 'None'
[0.313s] Level 5:colcon.colcon_core.verb:set package 'erc_ros2_navigation' build argument 'catkin_skip_building_tests' from command line to 'False'
[0.313s] DEBUG:colcon.colcon_core.verb:Building package 'erc_ros2_navigation' with the following arguments: {'ament_cmake_args': None, 'build_base': '/home/arnavb/erc_ws/src/build/erc_ros2_navigation', 'catkin_cmake_args': None, 'catkin_skip_building_tests': False, 'cmake_args': None, 'cmake_clean_cache': False, 'cmake_clean_first': False, 'cmake_force_configure': False, 'cmake_target': None, 'cmake_target_skip_unavailable': False, 'install_base': '/home/arnavb/erc_ws/src/install/erc_ros2_navigation', 'merge_install': False, 'path': '/home/arnavb/erc_ws/src/erc_ros2_navigation', 'symlink_install': False, 'test_result_base': None}
[0.313s] Level 5:colcon.colcon_core.verb:set package 'erc_ros2_navigation_py' build argument 'cmake_args' from command line to 'None'
[0.313s] Level 5:colcon.colcon_core.verb:set package 'erc_ros2_navigation_py' build argument 'cmake_target' from command line to 'None'
[0.313s] Level 5:colcon.colcon_core.verb:set package 'erc_ros2_navigation_py' build argument 'cmake_target_skip_unavailable' from command line to 'False'
[0.313s] Level 5:colcon.colcon_core.verb:set package 'erc_ros2_navigation_py' build argument 'cmake_clean_cache' from command line to 'False'
[0.313s] Level 5:colcon.colcon_core.verb:set package 'erc_ros2_navigation_py' build argument 'cmake_clean_first' from command line to 'False'
[0.313s] Level 5:colcon.colcon_core.verb:set package 'erc_ros2_navigation_py' build argument 'cmake_force_configure' from command line to 'False'
[0.313s] Level 5:colcon.colcon_core.verb:set package 'erc_ros2_navigation_py' build argument 'ament_cmake_args' from command line to 'None'
[0.313s] Level 5:colcon.colcon_core.verb:set package 'erc_ros2_navigation_py' build argument 'catkin_cmake_args' from command line to 'None'
[0.313s] Level 5:colcon.colcon_core.verb:set package 'erc_ros2_navigation_py' build argument 'catkin_skip_building_tests' from command line to 'False'
[0.313s] DEBUG:colcon.colcon_core.verb:Building package 'erc_ros2_navigation_py' with the following arguments: {'ament_cmake_args': None, 'build_base': '/home/arnavb/erc_ws/src/build/erc_ros2_navigation_py', 'catkin_cmake_args': None, 'catkin_skip_building_tests': False, 'cmake_args': None, 'cmake_clean_cache': False, 'cmake_clean_first': False, 'cmake_force_configure': False, 'cmake_target': None, 'cmake_target_skip_unavailable': False, 'install_base': '/home/arnavb/erc_ws/src/install/erc_ros2_navigation_py', 'merge_install': False, 'path': '/home/arnavb/erc_ws/src/erc_ros2_navigation_py', 'symlink_install': False, 'test_result_base': None}
[0.313s] Level 5:colcon.colcon_core.verb:set package 'erc_ros2_simple_arm' build argument 'cmake_args' from command line to 'None'
[0.313s] Level 5:colcon.colcon_core.verb:set package 'erc_ros2_simple_arm' build argument 'cmake_target' from command line to 'None'
[0.313s] Level 5:colcon.colcon_core.verb:set package 'erc_ros2_simple_arm' build argument 'cmake_target_skip_unavailable' from command line to 'False'
[0.314s] Level 5:colcon.colcon_core.verb:set package 'erc_ros2_simple_arm' build argument 'cmake_clean_cache' from command line to 'False'
[0.314s] Level 5:colcon.colcon_core.verb:set package 'erc_ros2_simple_arm' build argument 'cmake_clean_first' from command line to 'False'
[0.314s] Level 5:colcon.colcon_core.verb:set package 'erc_ros2_simple_arm' build argument 'cmake_force_configure' from command line to 'False'
[0.314s] Level 5:colcon.colcon_core.verb:set package 'erc_ros2_simple_arm' build argument 'ament_cmake_args' from command line to 'None'
[0.314s] Level 5:colcon.colcon_core.verb:set package 'erc_ros2_simple_arm' build argument 'catkin_cmake_args' from command line to 'None'
[0.314s] Level 5:colcon.colcon_core.verb:set package 'erc_ros2_simple_arm' build argument 'catkin_skip_building_tests' from command line to 'False'
[0.314s] DEBUG:colcon.colcon_core.verb:Building package 'erc_ros2_simple_arm' with the following arguments: {'ament_cmake_args': None, 'build_base': '/home/arnavb/erc_ws/src/build/erc_ros2_simple_arm', 'catkin_cmake_args': None, 'catkin_skip_building_tests': False, 'cmake_args': None, 'cmake_clean_cache': False, 'cmake_clean_first': False, 'cmake_force_configure': False, 'cmake_target': None, 'cmake_target_skip_unavailable': False, 'install_base': '/home/arnavb/erc_ws/src/install/erc_ros2_simple_arm', 'merge_install': False, 'path': '/home/arnavb/erc_ws/src/erc_ros2_simple_arm', 'symlink_install': False, 'test_result_base': None}
[0.314s] Level 5:colcon.colcon_core.verb:set package 'erc_ros2_simple_arm_py' build argument 'cmake_args' from command line to 'None'
[0.314s] Level 5:colcon.colcon_core.verb:set package 'erc_ros2_simple_arm_py' build argument 'cmake_target' from command line to 'None'
[0.314s] Level 5:colcon.colcon_core.verb:set package 'erc_ros2_simple_arm_py' build argument 'cmake_target_skip_unavailable' from command line to 'False'
[0.314s] Level 5:colcon.colcon_core.verb:set package 'erc_ros2_simple_arm_py' build argument 'cmake_clean_cache' from command line to 'False'
[0.314s] Level 5:colcon.colcon_core.verb:set package 'erc_ros2_simple_arm_py' build argument 'cmake_clean_first' from command line to 'False'
[0.314s] Level 5:colcon.colcon_core.verb:set package 'erc_ros2_simple_arm_py' build argument 'cmake_force_configure' from command line to 'False'
[0.314s] Level 5:colcon.colcon_core.verb:set package 'erc_ros2_simple_arm_py' build argument 'ament_cmake_args' from command line to 'None'
[0.314s] Level 5:colcon.colcon_core.verb:set package 'erc_ros2_simple_arm_py' build argument 'catkin_cmake_args' from command line to 'None'
[0.314s] Level 5:colcon.colcon_core.verb:set package 'erc_ros2_simple_arm_py' build argument 'catkin_skip_building_tests' from command line to 'False'
[0.314s] DEBUG:colcon.colcon_core.verb:Building package 'erc_ros2_simple_arm_py' with the following arguments: {'ament_cmake_args': None, 'build_base': '/home/arnavb/erc_ws/src/build/erc_ros2_simple_arm_py', 'catkin_cmake_args': None, 'catkin_skip_building_tests': False, 'cmake_args': None, 'cmake_clean_cache': False, 'cmake_clean_first': False, 'cmake_force_configure': False, 'cmake_target': None, 'cmake_target_skip_unavailable': False, 'install_base': '/home/arnavb/erc_ws/src/install/erc_ros2_simple_arm_py', 'merge_install': False, 'path': '/home/arnavb/erc_ws/src/erc_ros2_simple_arm_py', 'symlink_install': False, 'test_result_base': None}
[0.314s] Level 5:colcon.colcon_core.verb:set package 'erc_trajectory_server' build argument 'cmake_args' from command line to 'None'
[0.314s] Level 5:colcon.colcon_core.verb:set package 'erc_trajectory_server' build argument 'cmake_target' from command line to 'None'
[0.314s] Level 5:colcon.colcon_core.verb:set package 'erc_trajectory_server' build argument 'cmake_target_skip_unavailable' from command line to 'False'
[0.314s] Level 5:colcon.colcon_core.verb:set package 'erc_trajectory_server' build argument 'cmake_clean_cache' from command line to 'False'
[0.314s] Level 5:colcon.colcon_core.verb:set package 'erc_trajectory_server' build argument 'cmake_clean_first' from command line to 'False'
[0.314s] Level 5:colcon.colcon_core.verb:set package 'erc_trajectory_server' build argument 'cmake_force_configure' from command line to 'False'
[0.314s] Level 5:colcon.colcon_core.verb:set package 'erc_trajectory_server' build argument 'ament_cmake_args' from command line to 'None'
[0.314s] Level 5:colcon.colcon_core.verb:set package 'erc_trajectory_server' build argument 'catkin_cmake_args' from command line to 'None'
[0.314s] Level 5:colcon.colcon_core.verb:set package 'erc_trajectory_server' build argument 'catkin_skip_building_tests' from command line to 'False'
[0.314s] DEBUG:colcon.colcon_core.verb:Building package 'erc_trajectory_server' with the following arguments: {'ament_cmake_args': None, 'build_base': '/home/arnavb/erc_ws/src/build/erc_trajectory_server', 'catkin_cmake_args': None, 'catkin_skip_building_tests': False, 'cmake_args': None, 'cmake_clean_cache': False, 'cmake_clean_first': False, 'cmake_force_configure': False, 'cmake_target': None, 'cmake_target_skip_unavailable': False, 'install_base': '/home/arnavb/erc_ws/src/install/erc_trajectory_server', 'merge_install': False, 'path': '/home/arnavb/erc_ws/src/erc_trajectory_server', 'symlink_install': False, 'test_result_base': None}
[0.315s] Level 5:colcon.colcon_core.verb:set package 'explore_lite' build argument 'cmake_args' from command line to 'None'
[0.315s] Level 5:colcon.colcon_core.verb:set package 'explore_lite' build argument 'cmake_target' from command line to 'None'
[0.315s] Level 5:colcon.colcon_core.verb:set package 'explore_lite' build argument 'cmake_target_skip_unavailable' from command line to 'False'
[0.315s] Level 5:colcon.colcon_core.verb:set package 'explore_lite' build argument 'cmake_clean_cache' from command line to 'False'
[0.315s] Level 5:colcon.colcon_core.verb:set package 'explore_lite' build argument 'cmake_clean_first' from command line to 'False'
[0.315s] Level 5:colcon.colcon_core.verb:set package 'explore_lite' build argument 'cmake_force_configure' from command line to 'False'
[0.315s] Level 5:colcon.colcon_core.verb:set package 'explore_lite' build argument 'ament_cmake_args' from command line to 'None'
[0.315s] Level 5:colcon.colcon_core.verb:set package 'explore_lite' build argument 'catkin_cmake_args' from command line to 'None'
[0.315s] Level 5:colcon.colcon_core.verb:set package 'explore_lite' build argument 'catkin_skip_building_tests' from command line to 'False'
[0.315s] DEBUG:colcon.colcon_core.verb:Building package 'explore_lite' with the following arguments: {'ament_cmake_args': None, 'build_base': '/home/arnavb/erc_ws/src/build/explore_lite', 'catkin_cmake_args': None, 'catkin_skip_building_tests': False, 'cmake_args': None, 'cmake_clean_cache': False, 'cmake_clean_first': False, 'cmake_force_configure': False, 'cmake_target': None, 'cmake_target_skip_unavailable': False, 'install_base': '/home/arnavb/erc_ws/src/install/explore_lite', 'merge_install': False, 'path': '/home/arnavb/erc_ws/src/explore', 'symlink_install': False, 'test_result_base': None}
[0.315s] Level 5:colcon.colcon_core.verb:set package 'mogi_trajectory_server' build argument 'cmake_args' from command line to 'None'
[0.315s] Level 5:colcon.colcon_core.verb:set package 'mogi_trajectory_server' build argument 'cmake_target' from command line to 'None'
[0.315s] Level 5:colcon.colcon_core.verb:set package 'mogi_trajectory_server' build argument 'cmake_target_skip_unavailable' from command line to 'False'
[0.315s] Level 5:colcon.colcon_core.verb:set package 'mogi_trajectory_server' build argument 'cmake_clean_cache' from command line to 'False'
[0.315s] Level 5:colcon.colcon_core.verb:set package 'mogi_trajectory_server' build argument 'cmake_clean_first' from command line to 'False'
[0.315s] Level 5:colcon.colcon_core.verb:set package 'mogi_trajectory_server' build argument 'cmake_force_configure' from command line to 'False'
[0.315s] Level 5:colcon.colcon_core.verb:set package 'mogi_trajectory_server' build argument 'ament_cmake_args' from command line to 'None'
[0.315s] Level 5:colcon.colcon_core.verb:set package 'mogi_trajectory_server' build argument 'catkin_cmake_args' from command line to 'None'
[0.315s] Level 5:colcon.colcon_core.verb:set package 'mogi_trajectory_server' build argument 'catkin_skip_building_tests' from command line to 'False'
[0.315s] DEBUG:colcon.colcon_core.verb:Building package 'mogi_trajectory_server' with the following arguments: {'ament_cmake_args': None, 'build_base': '/home/arnavb/erc_ws/src/build/mogi_trajectory_server', 'catkin_cmake_args': None, 'catkin_skip_building_tests': False, 'cmake_args': None, 'cmake_clean_cache': False, 'cmake_clean_first': False, 'cmake_force_configure': False, 'cmake_target': None, 'cmake_target_skip_unavailable': False, 'install_base': '/home/arnavb/erc_ws/src/install/mogi_trajectory_server', 'merge_install': False, 'path': '/home/arnavb/erc_ws/src/mogi_trajectory_server', 'symlink_install': False, 'test_result_base': None}
[0.315s] INFO:colcon.colcon_core.executor:Executing jobs using 'parallel' executor
[0.317s] DEBUG:colcon.colcon_parallel_executor.executor.parallel:run_until_complete
[0.317s] INFO:colcon.colcon_ros.task.ament_python.build:Building ROS package in '/home/arnavb/erc_ws/src/assgn' with build type 'ament_python'
[0.317s] Level 1:colcon.colcon_core.shell:create_environment_hook('assgn', 'ament_prefix_path')
[0.320s] INFO:colcon.colcon_core.plugin_system:Skipping extension 'colcon_core.shell.bat': Not used on non-Windows systems
[0.320s] INFO:colcon.colcon_core.shell:Creating environment hook '/home/arnavb/erc_ws/src/install/assgn/share/assgn/hook/ament_prefix_path.ps1'
[0.321s] INFO:colcon.colcon_core.shell:Creating environment descriptor '/home/arnavb/erc_ws/src/install/assgn/share/assgn/hook/ament_prefix_path.dsv'
[0.321s] INFO:colcon.colcon_core.shell:Creating environment hook '/home/arnavb/erc_ws/src/install/assgn/share/assgn/hook/ament_prefix_path.sh'
[0.322s] INFO:colcon.colcon_core.shell:Skip shell extension 'powershell' for command environment: Not usable outside of PowerShell
[0.322s] DEBUG:colcon.colcon_core.shell:Skip shell extension 'dsv' for command environment
[0.328s] INFO:colcon.colcon_ros.task.ament_cmake.build:Building ROS package in '/home/arnavb/erc_ws/src/erc_gazebo_basics' with build type 'ament_cmake'
[0.328s] INFO:colcon.colcon_cmake.task.cmake.build:Building CMake package in '/home/arnavb/erc_ws/src/erc_gazebo_basics'
[0.328s] INFO:colcon.colcon_core.shell:Skip shell extension 'powershell' for command environment: Not usable outside of PowerShell
[0.328s] DEBUG:colcon.colcon_core.shell:Skip shell extension 'dsv' for command environment
[0.334s] INFO:colcon.colcon_ros.task.ament_cmake.build:Building ROS package in '/home/arnavb/erc_ws/src/erc_gazebo_sensors' with build type 'ament_cmake'
[0.334s] INFO:colcon.colcon_cmake.task.cmake.build:Building CMake package in '/home/arnavb/erc_ws/src/erc_gazebo_sensors'
[0.334s] INFO:colcon.colcon_core.shell:Skip shell extension 'powershell' for command environment: Not usable outside of PowerShell
[0.334s] DEBUG:colcon.colcon_core.shell:Skip shell extension 'dsv' for command environment
[0.339s] INFO:colcon.colcon_ros.task.ament_python.build:Building ROS package in '/home/arnavb/erc_ws/src/erc_gazebo_sensors_py' with build type 'ament_python'
[0.339s] Level 1:colcon.colcon_core.shell:create_environment_hook('erc_gazebo_sensors_py', 'ament_prefix_path')
[0.340s] INFO:colcon.colcon_core.shell:Creating environment hook '/home/arnavb/erc_ws/src/install/erc_gazebo_sensors_py/share/erc_gazebo_sensors_py/hook/ament_prefix_path.ps1'
[0.340s] INFO:colcon.colcon_core.shell:Creating environment descriptor '/home/arnavb/erc_ws/src/install/erc_gazebo_sensors_py/share/erc_gazebo_sensors_py/hook/ament_prefix_path.dsv'
[0.341s] INFO:colcon.colcon_core.shell:Creating environment hook '/home/arnavb/erc_ws/src/install/erc_gazebo_sensors_py/share/erc_gazebo_sensors_py/hook/ament_prefix_path.sh'
[0.341s] INFO:colcon.colcon_core.shell:Skip shell extension 'powershell' for command environment: Not usable outside of PowerShell
[0.341s] DEBUG:colcon.colcon_core.shell:Skip shell extension 'dsv' for command environment
[0.346s] INFO:colcon.colcon_ros.task.ament_cmake.build:Building ROS package in '/home/arnavb/erc_ws/src/erc_ros2_navigation' with build type 'ament_cmake'
[0.347s] INFO:colcon.colcon_cmake.task.cmake.build:Building CMake package in '/home/arnavb/erc_ws/src/erc_ros2_navigation'
[0.347s] INFO:colcon.colcon_core.shell:Skip shell extension 'powershell' for command environment: Not usable outside of PowerShell
[0.347s] DEBUG:colcon.colcon_core.shell:Skip shell extension 'dsv' for command environment
[0.352s] INFO:colcon.colcon_ros.task.ament_python.build:Building ROS package in '/home/arnavb/erc_ws/src/erc_ros2_navigation_py' with build type 'ament_python'
[0.352s] Level 1:colcon.colcon_core.shell:create_environment_hook('erc_ros2_navigation_py', 'ament_prefix_path')
[0.353s] INFO:colcon.colcon_core.shell:Creating environment hook '/home/arnavb/erc_ws/src/install/erc_ros2_navigation_py/share/erc_ros2_navigation_py/hook/ament_prefix_path.ps1'
[0.353s] INFO:colcon.colcon_core.shell:Creating environment descriptor '/home/arnavb/erc_ws/src/install/erc_ros2_navigation_py/share/erc_ros2_navigation_py/hook/ament_prefix_path.dsv'
[0.354s] INFO:colcon.colcon_core.shell:Creating environment hook '/home/arnavb/erc_ws/src/install/erc_ros2_navigation_py/share/erc_ros2_navigation_py/hook/ament_prefix_path.sh'
[0.354s] INFO:colcon.colcon_core.shell:Skip shell extension 'powershell' for command environment: Not usable outside of PowerShell
[0.354s] DEBUG:colcon.colcon_core.shell:Skip shell extension 'dsv' for command environment
[0.359s] INFO:colcon.colcon_ros.task.ament_cmake.build:Building ROS package in '/home/arnavb/erc_ws/src/erc_ros2_simple_arm' with build type 'ament_cmake'
[0.359s] INFO:colcon.colcon_cmake.task.cmake.build:Building CMake package in '/home/arnavb/erc_ws/src/erc_ros2_simple_arm'
[0.360s] INFO:colcon.colcon_core.shell:Skip shell extension 'powershell' for command environment: Not usable outside of PowerShell
[0.360s] DEBUG:colcon.colcon_core.shell:Skip shell extension 'dsv' for command environment
[0.365s] INFO:colcon.colcon_ros.task.ament_python.build:Building ROS package in '/home/arnavb/erc_ws/src/erc_ros2_simple_arm_py' with build type 'ament_python'
[0.365s] Level 1:colcon.colcon_core.shell:create_environment_hook('erc_ros2_simple_arm_py', 'ament_prefix_path')
[0.366s] INFO:colcon.colcon_core.shell:Creating environment hook '/home/arnavb/erc_ws/src/install/erc_ros2_simple_arm_py/share/erc_ros2_simple_arm_py/hook/ament_prefix_path.ps1'
[0.366s] INFO:colcon.colcon_core.shell:Creating environment descriptor '/home/arnavb/erc_ws/src/install/erc_ros2_simple_arm_py/share/erc_ros2_simple_arm_py/hook/ament_prefix_path.dsv'
[0.366s] INFO:colcon.colcon_core.shell:Creating environment hook '/home/arnavb/erc_ws/src/install/erc_ros2_simple_arm_py/share/erc_ros2_simple_arm_py/hook/ament_prefix_path.sh'
[0.380s] INFO:colcon.colcon_core.shell:Skip shell extension 'powershell' for command environment: Not usable outside of PowerShell
[0.380s] DEBUG:colcon.colcon_core.shell:Skip shell extension 'dsv' for command environment
[0.386s] INFO:colcon.colcon_ros.task.ament_python.build:Building ROS package in '/home/arnavb/erc_ws/src/erc_trajectory_server' with build type 'ament_python'
[0.386s] Level 1:colcon.colcon_core.shell:create_environment_hook('erc_trajectory_server', 'ament_prefix_path')
[0.386s] INFO:colcon.colcon_core.shell:Creating environment hook '/home/arnavb/erc_ws/src/install/erc_trajectory_server/share/erc_trajectory_server/hook/ament_prefix_path.ps1'
[0.387s] INFO:colcon.colcon_core.shell:Creating environment descriptor '/home/arnavb/erc_ws/src/install/erc_trajectory_server/share/erc_trajectory_server/hook/ament_prefix_path.dsv'
[0.387s] INFO:colcon.colcon_core.shell:Creating environment hook '/home/arnavb/erc_ws/src/install/erc_trajectory_server/share/erc_trajectory_server/hook/ament_prefix_path.sh'
[0.387s] INFO:colcon.colcon_core.shell:Skip shell extension 'powershell' for command environment: Not usable outside of PowerShell
[0.387s] DEBUG:colcon.colcon_core.shell:Skip shell extension 'dsv' for command environment
[0.393s] INFO:colcon.colcon_ros.task.ament_cmake.build:Building ROS package in '/home/arnavb/erc_ws/src/explore' with build type 'ament_cmake'
[0.393s] INFO:colcon.colcon_cmake.task.cmake.build:Building CMake package in '/home/arnavb/erc_ws/src/explore'
[0.393s] INFO:colcon.colcon_core.shell:Skip shell extension 'powershell' for command environment: Not usable outside of PowerShell
[0.393s] DEBUG:colcon.colcon_core.shell:Skip shell extension 'dsv' for command environment
[0.398s] INFO:colcon.colcon_ros.task.ament_python.build:Building ROS package in '/home/arnavb/erc_ws/src/mogi_trajectory_server' with build type 'ament_python'
[0.398s] Level 1:colcon.colcon_core.shell:create_environment_hook('mogi_trajectory_server', 'ament_prefix_path')
[0.399s] INFO:colcon.colcon_core.shell:Creating environment hook '/home/arnavb/erc_ws/src/install/mogi_trajectory_server/share/mogi_trajectory_server/hook/ament_prefix_path.ps1'
[0.399s] INFO:colcon.colcon_core.shell:Creating environment descriptor '/home/arnavb/erc_ws/src/install/mogi_trajectory_server/share/mogi_trajectory_server/hook/ament_prefix_path.dsv'
[0.399s] INFO:colcon.colcon_core.shell:Creating environment hook '/home/arnavb/erc_ws/src/install/mogi_trajectory_server/share/mogi_trajectory_server/hook/ament_prefix_path.sh'
[0.400s] INFO:colcon.colcon_core.shell:Skip shell extension 'powershell' for command environment: Not usable outside of PowerShell
[0.400s] DEBUG:colcon.colcon_core.shell:Skip shell extension 'dsv' for command environment
[0.699s] INFO:colcon.colcon_core.task.python.build:Building Python package in '/home/arnavb/erc_ws/src/assgn'
[0.700s] INFO:colcon.colcon_core.shell:Skip shell extension 'powershell' for command environment: Not usable outside of PowerShell
[0.700s] DEBUG:colcon.colcon_core.shell:Skip shell extension 'dsv' for command environment
[0.710s] DEBUG:colcon.colcon_core.event_handler.log_command:Invoking command in '/home/arnavb/erc_ws/src/build/erc_gazebo_basics': CMAKE_PREFIX_PATH=${CMAKE_PREFIX_PATH}:/home/arnavb/erc_ws/src/install/week1_tutorials:/home/arnavb/erc_ws/src/install/stark_os:/home/arnavb/erc_ws/src/install/mogi_trajectory_server:/home/arnavb/erc_ws/src/install/erc_trajectory_server:/home/arnavb/erc_ws/src/install/erc_ros2_simple_arm_py:/home/arnavb/erc_ws/src/install/erc_ros2_navigation_py:/home/arnavb/erc_ws/src/install/erc_gazebo_sensors_py:/home/arnavb/erc_ws/src/install/assgn:/home/arnavb/erc_ws/install/week1_tutorials:/home/arnavb/erc_ws/install/stark_os:/home/arnavb/erc_ws/install/mogi_trajectory_server:/opt/ros/jazzy CONDA_PROMPT_MODIFIER=(base) DEBUGINFOD_URLS=https://debuginfod.ubuntu.com /usr/bin/cmake --build /home/arnavb/erc_ws/src/build/erc_gazebo_basics -- -j20 -l20
[0.713s] DEBUG:colcon.colcon_core.event_handler.log_command:Invoking command in '/home/arnavb/erc_ws/src/build/erc_gazebo_sensors': CMAKE_PREFIX_PATH=${CMAKE_PREFIX_PATH}:/home/arnavb/erc_ws/src/install/week1_tutorials:/home/arnavb/erc_ws/src/install/stark_os:/home/arnavb/erc_ws/src/install/mogi_trajectory_server:/home/arnavb/erc_ws/src/install/erc_trajectory_server:/home/arnavb/erc_ws/src/install/erc_ros2_simple_arm_py:/home/arnavb/erc_ws/src/install/erc_ros2_navigation_py:/home/arnavb/erc_ws/src/install/erc_gazebo_sensors_py:/home/arnavb/erc_ws/src/install/assgn:/home/arnavb/erc_ws/install/week1_tutorials:/home/arnavb/erc_ws/install/stark_os:/home/arnavb/erc_ws/install/mogi_trajectory_server:/opt/ros/jazzy CONDA_PROMPT_MODIFIER=(base) DEBUGINFOD_URLS=https://debuginfod.ubuntu.com /usr/bin/cmake --build /home/arnavb/erc_ws/src/build/erc_gazebo_sensors -- -j20 -l20
[0.998s] INFO:colcon.colcon_core.task.python.build:Building Python package in '/home/arnavb/erc_ws/src/erc_gazebo_sensors_py'
[0.999s] INFO:colcon.colcon_core.shell:Skip shell extension 'powershell' for command environment: Not usable outside of PowerShell
[0.999s] DEBUG:colcon.colcon_core.shell:Skip shell extension 'dsv' for command environment
[1.007s] DEBUG:colcon.colcon_core.event_handler.log_command:Invoking command in '/home/arnavb/erc_ws/src/build/erc_ros2_navigation': CMAKE_PREFIX_PATH=${CMAKE_PREFIX_PATH}:/home/arnavb/erc_ws/src/install/week1_tutorials:/home/arnavb/erc_ws/src/install/stark_os:/home/arnavb/erc_ws/src/install/mogi_trajectory_server:/home/arnavb/erc_ws/src/install/erc_trajectory_server:/home/arnavb/erc_ws/src/install/erc_ros2_simple_arm_py:/home/arnavb/erc_ws/src/install/erc_ros2_navigation_py:/home/arnavb/erc_ws/src/install/erc_gazebo_sensors_py:/home/arnavb/erc_ws/src/install/assgn:/home/arnavb/erc_ws/install/week1_tutorials:/home/arnavb/erc_ws/install/stark_os:/home/arnavb/erc_ws/install/mogi_trajectory_server:/opt/ros/jazzy CONDA_PROMPT_MODIFIER=(base) DEBUGINFOD_URLS=https://debuginfod.ubuntu.com /usr/bin/cmake --build /home/arnavb/erc_ws/src/build/erc_ros2_navigation -- -j20 -l20
[1.283s] INFO:colcon.colcon_core.task.python.build:Building Python package in '/home/arnavb/erc_ws/src/erc_ros2_navigation_py'
[1.283s] INFO:colcon.colcon_core.shell:Skip shell extension 'powershell' for command environment: Not usable outside of PowerShell
[1.283s] DEBUG:colcon.colcon_core.shell:Skip shell extension 'dsv' for command environment
[1.292s] DEBUG:colcon.colcon_core.event_handler.log_command:Invoking command in '/home/arnavb/erc_ws/src/build/erc_ros2_simple_arm': CMAKE_PREFIX_PATH=${CMAKE_PREFIX_PATH}:/home/arnavb/erc_ws/src/install/week1_tutorials:/home/arnavb/erc_ws/src/install/stark_os:/home/arnavb/erc_ws/src/install/mogi_trajectory_server:/home/arnavb/erc_ws/src/install/erc_trajectory_server:/home/arnavb/erc_ws/src/install/erc_ros2_simple_arm_py:/home/arnavb/erc_ws/src/install/erc_ros2_navigation_py:/home/arnavb/erc_ws/src/install/erc_gazebo_sensors_py:/home/arnavb/erc_ws/src/install/assgn:/home/arnavb/erc_ws/install/week1_tutorials:/home/arnavb/erc_ws/install/stark_os:/home/arnavb/erc_ws/install/mogi_trajectory_server:/opt/ros/jazzy CONDA_PROMPT_MODIFIER=(base) DEBUGINFOD_URLS=https://debuginfod.ubuntu.com /usr/bin/cmake --build /home/arnavb/erc_ws/src/build/erc_ros2_simple_arm -- -j20 -l20
[1.563s] INFO:colcon.colcon_core.task.python.build:Building Python package in '/home/arnavb/erc_ws/src/erc_ros2_simple_arm_py'
[1.563s] INFO:colcon.colcon_core.shell:Skip shell extension 'powershell' for command environment: Not usable outside of PowerShell
[1.563s] DEBUG:colcon.colcon_core.shell:Skip shell extension 'dsv' for command environment
[1.838s] INFO:colcon.colcon_core.task.python.build:Building Python package in '/home/arnavb/erc_ws/src/erc_trajectory_server'
[1.839s] INFO:colcon.colcon_core.shell:Skip shell extension 'powershell' for command environment: Not usable outside of PowerShell
[1.839s] DEBUG:colcon.colcon_core.shell:Skip shell extension 'dsv' for command environment
[1.847s] DEBUG:colcon.colcon_core.event_handler.log_command:Invoking command in '/home/arnavb/erc_ws/src/build/explore_lite': CMAKE_PREFIX_PATH=${CMAKE_PREFIX_PATH}:/home/arnavb/erc_ws/src/install/week1_tutorials:/home/arnavb/erc_ws/src/install/stark_os:/home/arnavb/erc_ws/src/install/mogi_trajectory_server:/home/arnavb/erc_ws/src/install/erc_trajectory_server:/home/arnavb/erc_ws/src/install/erc_ros2_simple_arm_py:/home/arnavb/erc_ws/src/install/erc_ros2_navigation_py:/home/arnavb/erc_ws/src/install/erc_gazebo_sensors_py:/home/arnavb/erc_ws/src/install/assgn:/home/arnavb/erc_ws/install/week1_tutorials:/home/arnavb/erc_ws/install/stark_os:/home/arnavb/erc_ws/install/mogi_trajectory_server:/opt/ros/jazzy CONDA_PROMPT_MODIFIER=(base) DEBUGINFOD_URLS=https://debuginfod.ubuntu.com /usr/bin/cmake --build /home/arnavb/erc_ws/src/build/explore_lite -- -j20 -l20
[1.854s] DEBUG:colcon.colcon_core.event_handler.log_command:Invoked command in '/home/arnavb/erc_ws/src/build/erc_gazebo_basics' returned '0': CMAKE_PREFIX_PATH=${CMAKE_PREFIX_PATH}:/home/arnavb/erc_ws/src/install/week1_tutorials:/home/arnavb/erc_ws/src/install/stark_os:/home/arnavb/erc_ws/src/install/mogi_trajectory_server:/home/arnavb/erc_ws/src/install/erc_trajectory_server:/home/arnavb/erc_ws/src/install/erc_ros2_simple_arm_py:/home/arnavb/erc_ws/src/install/erc_ros2_navigation_py:/home/arnavb/erc_ws/src/install/erc_gazebo_sensors_py:/home/arnavb/erc_ws/src/install/assgn:/home/arnavb/erc_ws/install/week1_tutorials:/home/arnavb/erc_ws/install/stark_os:/home/arnavb/erc_ws/install/mogi_trajectory_server:/opt/ros/jazzy CONDA_PROMPT_MODIFIER=(base) DEBUGINFOD_URLS=https://debuginfod.ubuntu.com /usr/bin/cmake --build /home/arnavb/erc_ws/src/build/erc_gazebo_basics -- -j20 -l20
[1.869s] DEBUG:colcon.colcon_core.event_handler.log_command:Invoking command in '/home/arnavb/erc_ws/src/build/erc_gazebo_basics': CMAKE_PREFIX_PATH=${CMAKE_PREFIX_PATH}:/home/arnavb/erc_ws/src/install/week1_tutorials:/home/arnavb/erc_ws/src/install/stark_os:/home/arnavb/erc_ws/src/install/mogi_trajectory_server:/home/arnavb/erc_ws/src/install/erc_trajectory_server:/home/arnavb/erc_ws/src/install/erc_ros2_simple_arm_py:/home/arnavb/erc_ws/src/install/erc_ros2_navigation_py:/home/arnavb/erc_ws/src/install/erc_gazebo_sensors_py:/home/arnavb/erc_ws/src/install/assgn:/home/arnavb/erc_ws/install/week1_tutorials:/home/arnavb/erc_ws/install/stark_os:/home/arnavb/erc_ws/install/mogi_trajectory_server:/opt/ros/jazzy CONDA_PROMPT_MODIFIER=(base) DEBUGINFOD_URLS=https://debuginfod.ubuntu.com /usr/bin/cmake --install /home/arnavb/erc_ws/src/build/erc_gazebo_basics
[1.870s] DEBUG:colcon.colcon_core.event_handler.log_command:Invoked command in '/home/arnavb/erc_ws/src/build/erc_gazebo_sensors' returned '0': CMAKE_PREFIX_PATH=${CMAKE_PREFIX_PATH}:/home/arnavb/erc_ws/src/install/week1_tutorials:/home/arnavb/erc_ws/src/install/stark_os:/home/arnavb/erc_ws/src/install/mogi_trajectory_server:/home/arnavb/erc_ws/src/install/erc_trajectory_server:/home/arnavb/erc_ws/src/install/erc_ros2_simple_arm_py:/home/arnavb/erc_ws/src/install/erc_ros2_navigation_py:/home/arnavb/erc_ws/src/install/erc_gazebo_sensors_py:/home/arnavb/erc_ws/src/install/assgn:/home/arnavb/erc_ws/install/week1_tutorials:/home/arnavb/erc_ws/install/stark_os:/home/arnavb/erc_ws/install/mogi_trajectory_server:/opt/ros/jazzy CONDA_PROMPT_MODIFIER=(base) DEBUGINFOD_URLS=https://debuginfod.ubuntu.com /usr/bin/cmake --build /home/arnavb/erc_ws/src/build/erc_gazebo_sensors -- -j20 -l20
[1.871s] DEBUG:colcon.colcon_core.event_handler.log_command:Invoking command in '/home/arnavb/erc_ws/src/build/erc_gazebo_sensors': CMAKE_PREFIX_PATH=${CMAKE_PREFIX_PATH}:/home/arnavb/erc_ws/src/install/week1_tutorials:/home/arnavb/erc_ws/src/install/stark_os:/home/arnavb/erc_ws/src/install/mogi_trajectory_server:/home/arnavb/erc_ws/src/install/erc_trajectory_server:/home/arnavb/erc_ws/src/install/erc_ros2_simple_arm_py:/home/arnavb/erc_ws/src/install/erc_ros2_navigation_py:/home/arnavb/erc_ws/src/install/erc_gazebo_sensors_py:/home/arnavb/erc_ws/src/install/assgn:/home/arnavb/erc_ws/install/week1_tutorials:/home/arnavb/erc_ws/install/stark_os:/home/arnavb/erc_ws/install/mogi_trajectory_server:/opt/ros/jazzy CONDA_PROMPT_MODIFIER=(base) DEBUGINFOD_URLS=https://debuginfod.ubuntu.com /usr/bin/cmake --install /home/arnavb/erc_ws/src/build/erc_gazebo_sensors
[2.148s] INFO:colcon.colcon_core.task.python.build:Building Python package in '/home/arnavb/erc_ws/src/mogi_trajectory_server'
[2.149s] INFO:colcon.colcon_core.shell:Skip shell extension 'powershell' for command environment: Not usable outside of PowerShell
[2.149s] DEBUG:colcon.colcon_core.shell:Skip shell extension 'dsv' for command environment
[2.157s] DEBUG:colcon.colcon_core.event_handler.log_command:Invoked command in '/home/arnavb/erc_ws/src/build/erc_ros2_navigation' returned '0': CMAKE_PREFIX_PATH=${CMAKE_PREFIX_PATH}:/home/arnavb/erc_ws/src/install/week1_tutorials:/home/arnavb/erc_ws/src/install/stark_os:/home/arnavb/erc_ws/src/install/mogi_trajectory_server:/home/arnavb/erc_ws/src/install/erc_trajectory_server:/home/arnavb/erc_ws/src/install/erc_ros2_simple_arm_py:/home/arnavb/erc_ws/src/install/erc_ros2_navigation_py:/home/arnavb/erc_ws/src/install/erc_gazebo_sensors_py:/home/arnavb/erc_ws/src/install/assgn:/home/arnavb/erc_ws/install/week1_tutorials:/home/arnavb/erc_ws/install/stark_os:/home/arnavb/erc_ws/install/mogi_trajectory_server:/opt/ros/jazzy CONDA_PROMPT_MODIFIER=(base) DEBUGINFOD_URLS=https://debuginfod.ubuntu.com /usr/bin/cmake --build /home/arnavb/erc_ws/src/build/erc_ros2_navigation -- -j20 -l20
[2.158s] DEBUG:colcon.colcon_core.event_handler.log_command:Invoking command in '/home/arnavb/erc_ws/src/build/erc_ros2_navigation': CMAKE_PREFIX_PATH=${CMAKE_PREFIX_PATH}:/home/arnavb/erc_ws/src/install/week1_tutorials:/home/arnavb/erc_ws/src/install/stark_os:/home/arnavb/erc_ws/src/install/mogi_trajectory_server:/home/arnavb/erc_ws/src/install/erc_trajectory_server:/home/arnavb/erc_ws/src/install/erc_ros2_simple_arm_py:/home/arnavb/erc_ws/src/install/erc_ros2_navigation_py:/home/arnavb/erc_ws/src/install/erc_gazebo_sensors_py:/home/arnavb/erc_ws/src/install/assgn:/home/arnavb/erc_ws/install/week1_tutorials:/home/arnavb/erc_ws/install/stark_os:/home/arnavb/erc_ws/install/mogi_trajectory_server:/opt/ros/jazzy CONDA_PROMPT_MODIFIER=(base) DEBUGINFOD_URLS=https://debuginfod.ubuntu.com /usr/bin/cmake --install /home/arnavb/erc_ws/src/build/erc_ros2_navigation
[2.159s] DEBUG:colcon.colcon_core.event_handler.log_command:Invoked command in '/home/arnavb/erc_ws/src/build/erc_ros2_simple_arm' returned '0': CMAKE_PREFIX_PATH=${CMAKE_PREFIX_PATH}:/home/arnavb/erc_ws/src/install/week1_tutorials:/home/arnavb/erc_ws/src/install/stark_os:/home/arnavb/erc_ws/src/install/mogi_trajectory_server:/home/arnavb/erc_ws/src/install/erc_trajectory_server:/home/arnavb/erc_ws/src/install/erc_ros2_simple_arm_py:/home/arnavb/erc_ws/src/install/erc_ros2_navigation_py:/home/arnavb/erc_ws/src/install/erc_gazebo_sensors_py:/home/arnavb/erc_ws/src/install/assgn:/home/arnavb/erc_ws/install/week1_tutorials:/home/arnavb/erc_ws/install/stark_os:/home/arnavb/erc_ws/install/mogi_trajectory_server:/opt/ros/jazzy CONDA_PROMPT_MODIFIER=(base) DEBUGINFOD_URLS=https://debuginfod.ubuntu.com /usr/bin/cmake --build /home/arnavb/erc_ws/src/build/erc_ros2_simple_arm -- -j20 -l20
[2.160s] DEBUG:colcon.colcon_core.event_handler.log_command:Invoking command in '/home/arnavb/erc_ws/src/build/erc_ros2_simple_arm': CMAKE_PREFIX_PATH=${CMAKE_PREFIX_PATH}:/home/arnavb/erc_ws/src/install/week1_tutorials:/home/arnavb/erc_ws/src/install/stark_os:/home/arnavb/erc_ws/src/install/mogi_trajectory_server:/home/arnavb/erc_ws/src/install/erc_trajectory_server:/home/arnavb/erc_ws/src/install/erc_ros2_simple_arm_py:/home/arnavb/erc_ws/src/install/erc_ros2_navigation_py:/home/arnavb/erc_ws/src/install/erc_gazebo_sensors_py:/home/arnavb/erc_ws/src/install/assgn:/home/arnavb/erc_ws/install/week1_tutorials:/home/arnavb/erc_ws/install/stark_os:/home/arnavb/erc_ws/install/mogi_trajectory_server:/opt/ros/jazzy CONDA_PROMPT_MODIFIER=(base) DEBUGINFOD_URLS=https://debuginfod.ubuntu.com /usr/bin/cmake --install /home/arnavb/erc_ws/src/build/erc_ros2_simple_arm
[2.198s] Level 1:colcon.colcon_core.environment:create_environment_scripts_only(erc_gazebo_basics)
[2.200s] DEBUG:colcon.colcon_core.event_handler.log_command:Invoked command in '/home/arnavb/erc_ws/src/build/erc_gazebo_basics' returned '0': CMAKE_PREFIX_PATH=${CMAKE_PREFIX_PATH}:/home/arnavb/erc_ws/src/install/week1_tutorials:/home/arnavb/erc_ws/src/install/stark_os:/home/arnavb/erc_ws/src/install/mogi_trajectory_server:/home/arnavb/erc_ws/src/install/erc_trajectory_server:/home/arnavb/erc_ws/src/install/erc_ros2_simple_arm_py:/home/arnavb/erc_ws/src/install/erc_ros2_navigation_py:/home/arnavb/erc_ws/src/install/erc_gazebo_sensors_py:/home/arnavb/erc_ws/src/install/assgn:/home/arnavb/erc_ws/install/week1_tutorials:/home/arnavb/erc_ws/install/stark_os:/home/arnavb/erc_ws/install/mogi_trajectory_server:/opt/ros/jazzy CONDA_PROMPT_MODIFIER=(base) DEBUGINFOD_URLS=https://debuginfod.ubuntu.com /usr/bin/cmake --install /home/arnavb/erc_ws/src/build/erc_gazebo_basics
[2.204s] Level 1:colcon.colcon_core.environment:checking '/home/arnavb/erc_ws/src/install/erc_gazebo_basics' for CMake module files
[2.204s] Level 1:colcon.colcon_core.environment:checking '/home/arnavb/erc_ws/src/install/erc_gazebo_basics' for CMake config files
[2.205s] Level 1:colcon.colcon_core.shell:create_environment_hook('erc_gazebo_basics', 'cmake_prefix_path')
[2.205s] INFO:colcon.colcon_core.shell:Creating environment hook '/home/arnavb/erc_ws/src/install/erc_gazebo_basics/share/erc_gazebo_basics/hook/cmake_prefix_path.ps1'
[2.206s] INFO:colcon.colcon_core.shell:Creating environment descriptor '/home/arnavb/erc_ws/src/install/erc_gazebo_basics/share/erc_gazebo_basics/hook/cmake_prefix_path.dsv'
[2.206s] INFO:colcon.colcon_core.shell:Creating environment hook '/home/arnavb/erc_ws/src/install/erc_gazebo_basics/share/erc_gazebo_basics/hook/cmake_prefix_path.sh'
[2.207s] Level 1:colcon.colcon_core.environment:checking '/home/arnavb/erc_ws/src/install/erc_gazebo_basics/bin'
[2.207s] Level 1:colcon.colcon_core.environment:checking '/home/arnavb/erc_ws/src/install/erc_gazebo_basics/lib/pkgconfig/erc_gazebo_basics.pc'
[2.208s] Level 1:colcon.colcon_core.environment:checking '/home/arnavb/erc_ws/src/install/erc_gazebo_basics/lib/python3.12/site-packages'
[2.208s] Level 1:colcon.colcon_core.environment:checking '/home/arnavb/erc_ws/src/install/erc_gazebo_basics/bin'
[2.208s] INFO:colcon.colcon_core.shell:Creating package script '/home/arnavb/erc_ws/src/install/erc_gazebo_basics/share/erc_gazebo_basics/package.ps1'
[2.209s] INFO:colcon.colcon_core.shell:Creating package descriptor '/home/arnavb/erc_ws/src/install/erc_gazebo_basics/share/erc_gazebo_basics/package.dsv'
[2.210s] INFO:colcon.colcon_core.shell:Creating package script '/home/arnavb/erc_ws/src/install/erc_gazebo_basics/share/erc_gazebo_basics/package.sh'
[2.211s] INFO:colcon.colcon_core.shell:Creating package script '/home/arnavb/erc_ws/src/install/erc_gazebo_basics/share/erc_gazebo_basics/package.bash'
[2.212s] INFO:colcon.colcon_core.shell:Creating package script '/home/arnavb/erc_ws/src/install/erc_gazebo_basics/share/erc_gazebo_basics/package.zsh'
[2.212s] Level 1:colcon.colcon_core.environment:create_file_with_runtime_dependencies(/home/arnavb/erc_ws/src/install/erc_gazebo_basics/share/colcon-core/packages/erc_gazebo_basics)
[2.213s] Level 1:colcon.colcon_core.environment:create_environment_scripts_only(erc_gazebo_basics)
[2.213s] Level 1:colcon.colcon_core.environment:checking '/home/arnavb/erc_ws/src/install/erc_gazebo_basics' for CMake module files
[2.214s] Level 1:colcon.colcon_core.environment:checking '/home/arnavb/erc_ws/src/install/erc_gazebo_basics' for CMake config files
[2.214s] Level 1:colcon.colcon_core.shell:create_environment_hook('erc_gazebo_basics', 'cmake_prefix_path')
[2.215s] INFO:colcon.colcon_core.shell:Creating environment hook '/home/arnavb/erc_ws/src/install/erc_gazebo_basics/share/erc_gazebo_basics/hook/cmake_prefix_path.ps1'
[2.215s] INFO:colcon.colcon_core.shell:Creating environment descriptor '/home/arnavb/erc_ws/src/install/erc_gazebo_basics/share/erc_gazebo_basics/hook/cmake_prefix_path.dsv'
[2.216s] INFO:colcon.colcon_core.shell:Creating environment hook '/home/arnavb/erc_ws/src/install/erc_gazebo_basics/share/erc_gazebo_basics/hook/cmake_prefix_path.sh'
[2.216s] Level 1:colcon.colcon_core.environment:checking '/home/arnavb/erc_ws/src/install/erc_gazebo_basics/bin'
[2.216s] Level 1:colcon.colcon_core.environment:checking '/home/arnavb/erc_ws/src/install/erc_gazebo_basics/lib/pkgconfig/erc_gazebo_basics.pc'
[2.217s] Level 1:colcon.colcon_core.environment:checking '/home/arnavb/erc_ws/src/install/erc_gazebo_basics/lib/python3.12/site-packages'
[2.217s] Level 1:colcon.colcon_core.environment:checking '/home/arnavb/erc_ws/src/install/erc_gazebo_basics/bin'
[2.218s] INFO:colcon.colcon_core.shell:Creating package script '/home/arnavb/erc_ws/src/install/erc_gazebo_basics/share/erc_gazebo_basics/package.ps1'
[2.218s] INFO:colcon.colcon_core.shell:Creating package descriptor '/home/arnavb/erc_ws/src/install/erc_gazebo_basics/share/erc_gazebo_basics/package.dsv'
[2.219s] INFO:colcon.colcon_core.shell:Creating package script '/home/arnavb/erc_ws/src/install/erc_gazebo_basics/share/erc_gazebo_basics/package.sh'
[2.220s] INFO:colcon.colcon_core.shell:Creating package script '/home/arnavb/erc_ws/src/install/erc_gazebo_basics/share/erc_gazebo_basics/package.bash'
[2.220s] INFO:colcon.colcon_core.shell:Creating package script '/home/arnavb/erc_ws/src/install/erc_gazebo_basics/share/erc_gazebo_basics/package.zsh'
[2.220s] Level 1:colcon.colcon_core.environment:create_file_with_runtime_dependencies(/home/arnavb/erc_ws/src/install/erc_gazebo_basics/share/colcon-core/packages/erc_gazebo_basics)
[2.221s] Level 1:colcon.colcon_core.environment:create_environment_scripts_only(erc_gazebo_sensors)
[2.221s] Level 1:colcon.colcon_core.environment:checking '/home/arnavb/erc_ws/src/install/erc_gazebo_sensors' for CMake module files
[2.223s] DEBUG:colcon.colcon_core.event_handler.log_command:Invoked command in '/home/arnavb/erc_ws/src/build/erc_gazebo_sensors' returned '0': CMAKE_PREFIX_PATH=${CMAKE_PREFIX_PATH}:/home/arnavb/erc_ws/src/install/week1_tutorials:/home/arnavb/erc_ws/src/install/stark_os:/home/arnavb/erc_ws/src/install/mogi_trajectory_server:/home/arnavb/erc_ws/src/install/erc_trajectory_server:/home/arnavb/erc_ws/src/install/erc_ros2_simple_arm_py:/home/arnavb/erc_ws/src/install/erc_ros2_navigation_py:/home/arnavb/erc_ws/src/install/erc_gazebo_sensors_py:/home/arnavb/erc_ws/src/install/assgn:/home/arnavb/erc_ws/install/week1_tutorials:/home/arnavb/erc_ws/install/stark_os:/home/arnavb/erc_ws/install/mogi_trajectory_server:/opt/ros/jazzy CONDA_PROMPT_MODIFIER=(base) DEBUGINFOD_URLS=https://debuginfod.ubuntu.com /usr/bin/cmake --install /home/arnavb/erc_ws/src/build/erc_gazebo_sensors
[2.224s] Level 1:colcon.colcon_core.environment:checking '/home/arnavb/erc_ws/src/install/erc_gazebo_sensors' for CMake config files
[2.224s] Level 1:colcon.colcon_core.shell:create_environment_hook('erc_gazebo_sensors', 'cmake_prefix_path')
[2.225s] INFO:colcon.colcon_core.shell:Creating environment hook '/home/arnavb/erc_ws/src/install/erc_gazebo_sensors/share/erc_gazebo_sensors/hook/cmake_prefix_path.ps1'
[2.225s] INFO:colcon.colcon_core.shell:Creating environment descriptor '/home/arnavb/erc_ws/src/install/erc_gazebo_sensors/share/erc_gazebo_sensors/hook/cmake_prefix_path.dsv'
[2.226s] INFO:colcon.colcon_core.shell:Creating environment hook '/home/arnavb/erc_ws/src/install/erc_gazebo_sensors/share/erc_gazebo_sensors/hook/cmake_prefix_path.sh'
[2.227s] Level 1:colcon.colcon_core.environment:checking '/home/arnavb/erc_ws/src/install/erc_gazebo_sensors/bin'
[2.227s] Level 1:colcon.colcon_core.environment:checking '/home/arnavb/erc_ws/src/install/erc_gazebo_sensors/lib/pkgconfig/erc_gazebo_sensors.pc'
[2.227s] Level 1:colcon.colcon_core.environment:checking '/home/arnavb/erc_ws/src/install/erc_gazebo_sensors/lib/python3.12/site-packages'
[2.228s] Level 1:colcon.colcon_core.environment:checking '/home/arnavb/erc_ws/src/install/erc_gazebo_sensors/bin'
[2.228s] INFO:colcon.colcon_core.shell:Creating package script '/home/arnavb/erc_ws/src/install/erc_gazebo_sensors/share/erc_gazebo_sensors/package.ps1'
[2.229s] INFO:colcon.colcon_core.shell:Creating package descriptor '/home/arnavb/erc_ws/src/install/erc_gazebo_sensors/share/erc_gazebo_sensors/package.dsv'
[2.230s] INFO:colcon.colcon_core.shell:Creating package script '/home/arnavb/erc_ws/src/install/erc_gazebo_sensors/share/erc_gazebo_sensors/package.sh'
[2.230s] INFO:colcon.colcon_core.shell:Creating package script '/home/arnavb/erc_ws/src/install/erc_gazebo_sensors/share/erc_gazebo_sensors/package.bash'
[2.231s] INFO:colcon.colcon_core.shell:Creating package script '/home/arnavb/erc_ws/src/install/erc_gazebo_sensors/share/erc_gazebo_sensors/package.zsh'
[2.231s] Level 1:colcon.colcon_core.environment:create_file_with_runtime_dependencies(/home/arnavb/erc_ws/src/install/erc_gazebo_sensors/share/colcon-core/packages/erc_gazebo_sensors)
[2.232s] Level 1:colcon.colcon_core.environment:create_environment_scripts_only(erc_gazebo_sensors)
[2.232s] Level 1:colcon.colcon_core.environment:checking '/home/arnavb/erc_ws/src/install/erc_gazebo_sensors' for CMake module files
[2.233s] Level 1:colcon.colcon_core.environment:checking '/home/arnavb/erc_ws/src/install/erc_gazebo_sensors' for CMake config files
[2.233s] Level 1:colcon.colcon_core.shell:create_environment_hook('erc_gazebo_sensors', 'cmake_prefix_path')
[2.233s] INFO:colcon.colcon_core.shell:Creating environment hook '/home/arnavb/erc_ws/src/install/erc_gazebo_sensors/share/erc_gazebo_sensors/hook/cmake_prefix_path.ps1'
[2.234s] INFO:colcon.colcon_core.shell:Creating environment descriptor '/home/arnavb/erc_ws/src/install/erc_gazebo_sensors/share/erc_gazebo_sensors/hook/cmake_prefix_path.dsv'
[2.235s] INFO:colcon.colcon_core.shell:Creating environment hook '/home/arnavb/erc_ws/src/install/erc_gazebo_sensors/share/erc_gazebo_sensors/hook/cmake_prefix_path.sh'
[2.236s] Level 1:colcon.colcon_core.environment:checking '/home/arnavb/erc_ws/src/install/erc_gazebo_sensors/bin'
[2.236s] Level 1:colcon.colcon_core.environment:checking '/home/arnavb/erc_ws/src/install/erc_gazebo_sensors/lib/pkgconfig/erc_gazebo_sensors.pc'
[2.236s] Level 1:colcon.colcon_core.environment:checking '/home/arnavb/erc_ws/src/install/erc_gazebo_sensors/lib/python3.12/site-packages'
[2.237s] Level 1:colcon.colcon_core.environment:checking '/home/arnavb/erc_ws/src/install/erc_gazebo_sensors/bin'
[2.237s] INFO:colcon.colcon_core.shell:Creating package script '/home/arnavb/erc_ws/src/install/erc_gazebo_sensors/share/erc_gazebo_sensors/package.ps1'
[2.238s] INFO:colcon.colcon_core.shell:Creating package descriptor '/home/arnavb/erc_ws/src/install/erc_gazebo_sensors/share/erc_gazebo_sensors/package.dsv'
[2.240s] INFO:colcon.colcon_core.shell:Creating package script '/home/arnavb/erc_ws/src/install/erc_gazebo_sensors/share/erc_gazebo_sensors/package.sh'
[2.240s] INFO:colcon.colcon_core.shell:Creating package script '/home/arnavb/erc_ws/src/install/erc_gazebo_sensors/share/erc_gazebo_sensors/package.bash'
[2.241s] INFO:colcon.colcon_core.shell:Creating package script '/home/arnavb/erc_ws/src/install/erc_gazebo_sensors/share/erc_gazebo_sensors/package.zsh'
[2.242s] Level 1:colcon.colcon_core.environment:create_file_with_runtime_dependencies(/home/arnavb/erc_ws/src/install/erc_gazebo_sensors/share/colcon-core/packages/erc_gazebo_sensors)
[2.245s] DEBUG:colcon.colcon_core.event_handler.log_command:Invoked command in '/home/arnavb/erc_ws/src/build/explore_lite' returned '0': CMAKE_PREFIX_PATH=${CMAKE_PREFIX_PATH}:/home/arnavb/erc_ws/src/install/week1_tutorials:/home/arnavb/erc_ws/src/install/stark_os:/home/arnavb/erc_ws/src/install/mogi_trajectory_server:/home/arnavb/erc_ws/src/install/erc_trajectory_server:/home/arnavb/erc_ws/src/install/erc_ros2_simple_arm_py:/home/arnavb/erc_ws/src/install/erc_ros2_navigation_py:/home/arnavb/erc_ws/src/install/erc_gazebo_sensors_py:/home/arnavb/erc_ws/src/install/assgn:/home/arnavb/erc_ws/install/week1_tutorials:/home/arnavb/erc_ws/install/stark_os:/home/arnavb/erc_ws/install/mogi_trajectory_server:/opt/ros/jazzy CONDA_PROMPT_MODIFIER=(base) DEBUGINFOD_URLS=https://debuginfod.ubuntu.com /usr/bin/cmake --build /home/arnavb/erc_ws/src/build/explore_lite -- -j20 -l20
[2.246s] DEBUG:colcon.colcon_core.event_handler.log_command:Invoking command in '/home/arnavb/erc_ws/src/build/explore_lite': CMAKE_PREFIX_PATH=${CMAKE_PREFIX_PATH}:/home/arnavb/erc_ws/src/install/week1_tutorials:/home/arnavb/erc_ws/src/install/stark_os:/home/arnavb/erc_ws/src/install/mogi_trajectory_server:/home/arnavb/erc_ws/src/install/erc_trajectory_server:/home/arnavb/erc_ws/src/install/erc_ros2_simple_arm_py:/home/arnavb/erc_ws/src/install/erc_ros2_navigation_py:/home/arnavb/erc_ws/src/install/erc_gazebo_sensors_py:/home/arnavb/erc_ws/src/install/assgn:/home/arnavb/erc_ws/install/week1_tutorials:/home/arnavb/erc_ws/install/stark_os:/home/arnavb/erc_ws/install/mogi_trajectory_server:/opt/ros/jazzy CONDA_PROMPT_MODIFIER=(base) DEBUGINFOD_URLS=https://debuginfod.ubuntu.com /usr/bin/cmake --install /home/arnavb/erc_ws/src/build/explore_lite
[2.252s] Level 1:colcon.colcon_core.environment:create_environment_scripts_only(erc_ros2_navigation)
[2.252s] Level 1:colcon.colcon_core.environment:checking '/home/arnavb/erc_ws/src/install/erc_ros2_navigation' for CMake module files
[2.254s] DEBUG:colcon.colcon_core.event_handler.log_command:Invoked command in '/home/arnavb/erc_ws/src/build/erc_ros2_navigation' returned '0': CMAKE_PREFIX_PATH=${CMAKE_PREFIX_PATH}:/home/arnavb/erc_ws/src/install/week1_tutorials:/home/arnavb/erc_ws/src/install/stark_os:/home/arnavb/erc_ws/src/install/mogi_trajectory_server:/home/arnavb/erc_ws/src/install/erc_trajectory_server:/home/arnavb/erc_ws/src/install/erc_ros2_simple_arm_py:/home/arnavb/erc_ws/src/install/erc_ros2_navigation_py:/home/arnavb/erc_ws/src/install/erc_gazebo_sensors_py:/home/arnavb/erc_ws/src/install/assgn:/home/arnavb/erc_ws/install/week1_tutorials:/home/arnavb/erc_ws/install/stark_os:/home/arnavb/erc_ws/install/mogi_trajectory_server:/opt/ros/jazzy CONDA_PROMPT_MODIFIER=(base) DEBUGINFOD_URLS=https://debuginfod.ubuntu.com /usr/bin/cmake --install /home/arnavb/erc_ws/src/build/erc_ros2_navigation
[2.255s] Level 1:colcon.colcon_core.environment:checking '/home/arnavb/erc_ws/src/install/erc_ros2_navigation' for CMake config files
[2.256s] Level 1:colcon.colcon_core.shell:create_environment_hook('erc_ros2_navigation', 'cmake_prefix_path')
[2.256s] INFO:colcon.colcon_core.shell:Creating environment hook '/home/arnavb/erc_ws/src/install/erc_ros2_navigation/share/erc_ros2_navigation/hook/cmake_prefix_path.ps1'
[2.257s] INFO:colcon.colcon_core.shell:Creating environment descriptor '/home/arnavb/erc_ws/src/install/erc_ros2_navigation/share/erc_ros2_navigation/hook/cmake_prefix_path.dsv'
[2.258s] INFO:colcon.colcon_core.shell:Creating environment hook '/home/arnavb/erc_ws/src/install/erc_ros2_navigation/share/erc_ros2_navigation/hook/cmake_prefix_path.sh'
[2.259s] Level 1:colcon.colcon_core.environment:checking '/home/arnavb/erc_ws/src/install/erc_ros2_navigation/bin'
[2.259s] Level 1:colcon.colcon_core.environment:checking '/home/arnavb/erc_ws/src/install/erc_ros2_navigation/lib/pkgconfig/erc_ros2_navigation.pc'
[2.260s] Level 1:colcon.colcon_core.environment:checking '/home/arnavb/erc_ws/src/install/erc_ros2_navigation/lib/python3.12/site-packages'
[2.260s] Level 1:colcon.colcon_core.environment:checking '/home/arnavb/erc_ws/src/install/erc_ros2_navigation/bin'
[2.261s] INFO:colcon.colcon_core.shell:Creating package script '/home/arnavb/erc_ws/src/install/erc_ros2_navigation/share/erc_ros2_navigation/package.ps1'
[2.262s] INFO:colcon.colcon_core.shell:Creating package descriptor '/home/arnavb/erc_ws/src/install/erc_ros2_navigation/share/erc_ros2_navigation/package.dsv'
[2.262s] INFO:colcon.colcon_core.shell:Creating package script '/home/arnavb/erc_ws/src/install/erc_ros2_navigation/share/erc_ros2_navigation/package.sh'
[2.263s] INFO:colcon.colcon_core.shell:Creating package script '/home/arnavb/erc_ws/src/install/erc_ros2_navigation/share/erc_ros2_navigation/package.bash'
[2.264s] INFO:colcon.colcon_core.shell:Creating package script '/home/arnavb/erc_ws/src/install/erc_ros2_navigation/share/erc_ros2_navigation/package.zsh'
[2.264s] Level 1:colcon.colcon_core.environment:create_file_with_runtime_dependencies(/home/arnavb/erc_ws/src/install/erc_ros2_navigation/share/colcon-core/packages/erc_ros2_navigation)
[2.265s] Level 1:colcon.colcon_core.environment:create_environment_scripts_only(erc_ros2_navigation)
[2.266s] Level 1:colcon.colcon_core.environment:checking '/home/arnavb/erc_ws/src/install/erc_ros2_navigation' for CMake module files
[2.271s] Level 1:colcon.colcon_core.environment:checking '/home/arnavb/erc_ws/src/install/erc_ros2_navigation' for CMake config files
[2.272s] Level 1:colcon.colcon_core.shell:create_environment_hook('erc_ros2_navigation', 'cmake_prefix_path')
[2.273s] INFO:colcon.colcon_core.shell:Creating environment hook '/home/arnavb/erc_ws/src/install/erc_ros2_navigation/share/erc_ros2_navigation/hook/cmake_prefix_path.ps1'
[2.274s] INFO:colcon.colcon_core.shell:Creating environment descriptor '/home/arnavb/erc_ws/src/install/erc_ros2_navigation/share/erc_ros2_navigation/hook/cmake_prefix_path.dsv'
[2.275s] INFO:colcon.colcon_core.shell:Creating environment hook '/home/arnavb/erc_ws/src/install/erc_ros2_navigation/share/erc_ros2_navigation/hook/cmake_prefix_path.sh'
[2.276s] Level 1:colcon.colcon_core.environment:checking '/home/arnavb/erc_ws/src/install/erc_ros2_navigation/bin'
[2.277s] Level 1:colcon.colcon_core.environment:checking '/home/arnavb/erc_ws/src/install/erc_ros2_navigation/lib/pkgconfig/erc_ros2_navigation.pc'
[2.277s] Level 1:colcon.colcon_core.environment:checking '/home/arnavb/erc_ws/src/install/erc_ros2_navigation/lib/python3.12/site-packages'
[2.278s] Level 1:colcon.colcon_core.environment:checking '/home/arnavb/erc_ws/src/install/erc_ros2_navigation/bin'
[2.278s] INFO:colcon.colcon_core.shell:Creating package script '/home/arnavb/erc_ws/src/install/erc_ros2_navigation/share/erc_ros2_navigation/package.ps1'
[2.279s] INFO:colcon.colcon_core.shell:Creating package descriptor '/home/arnavb/erc_ws/src/install/erc_ros2_navigation/share/erc_ros2_navigation/package.dsv'
[2.280s] INFO:colcon.colcon_core.shell:Creating package script '/home/arnavb/erc_ws/src/install/erc_ros2_navigation/share/erc_ros2_navigation/package.sh'
[2.281s] INFO:colcon.colcon_core.shell:Creating package script '/home/arnavb/erc_ws/src/install/erc_ros2_navigation/share/erc_ros2_navigation/package.bash'
[2.282s] INFO:colcon.colcon_core.shell:Creating package script '/home/arnavb/erc_ws/src/install/erc_ros2_navigation/share/erc_ros2_navigation/package.zsh'
[2.282s] Level 1:colcon.colcon_core.environment:create_file_with_runtime_dependencies(/home/arnavb/erc_ws/src/install/erc_ros2_navigation/share/colcon-core/packages/erc_ros2_navigation)
[2.283s] Level 1:colcon.colcon_core.environment:create_environment_scripts_only(erc_ros2_simple_arm)
[2.283s] Level 1:colcon.colcon_core.environment:checking '/home/arnavb/erc_ws/src/install/erc_ros2_simple_arm' for CMake module files
[2.285s] DEBUG:colcon.colcon_core.event_handler.log_command:Invoked command in '/home/arnavb/erc_ws/src/build/erc_ros2_simple_arm' returned '0': CMAKE_PREFIX_PATH=${CMAKE_PREFIX_PATH}:/home/arnavb/erc_ws/src/install/week1_tutorials:/home/arnavb/erc_ws/src/install/stark_os:/home/arnavb/erc_ws/src/install/mogi_trajectory_server:/home/arnavb/erc_ws/src/install/erc_trajectory_server:/home/arnavb/erc_ws/src/install/erc_ros2_simple_arm_py:/home/arnavb/erc_ws/src/install/erc_ros2_navigation_py:/home/arnavb/erc_ws/src/install/erc_gazebo_sensors_py:/home/arnavb/erc_ws/src/install/assgn:/home/arnavb/erc_ws/install/week1_tutorials:/home/arnavb/erc_ws/install/stark_os:/home/arnavb/erc_ws/install/mogi_trajectory_server:/opt/ros/jazzy CONDA_PROMPT_MODIFIER=(base) DEBUGINFOD_URLS=https://debuginfod.ubuntu.com /usr/bin/cmake --install /home/arnavb/erc_ws/src/build/erc_ros2_simple_arm
[2.285s] Level 1:colcon.colcon_core.environment:checking '/home/arnavb/erc_ws/src/install/erc_ros2_simple_arm' for CMake config files
[2.285s] Level 1:colcon.colcon_core.shell:create_environment_hook('erc_ros2_simple_arm', 'cmake_prefix_path')
[2.286s] INFO:colcon.colcon_core.shell:Creating environment hook '/home/arnavb/erc_ws/src/install/erc_ros2_simple_arm/share/erc_ros2_simple_arm/hook/cmake_prefix_path.ps1'
[2.286s] INFO:colcon.colcon_core.shell:Creating environment descriptor '/home/arnavb/erc_ws/src/install/erc_ros2_simple_arm/share/erc_ros2_simple_arm/hook/cmake_prefix_path.dsv'
[2.287s] INFO:colcon.colcon_core.shell:Creating environment hook '/home/arnavb/erc_ws/src/install/erc_ros2_simple_arm/share/erc_ros2_simple_arm/hook/cmake_prefix_path.sh'
[2.288s] Level 1:colcon.colcon_core.environment:checking '/home/arnavb/erc_ws/src/install/erc_ros2_simple_arm/bin'
[2.288s] Level 1:colcon.colcon_core.environment:checking '/home/arnavb/erc_ws/src/install/erc_ros2_simple_arm/lib/pkgconfig/erc_ros2_simple_arm.pc'
[2.289s] Level 1:colcon.colcon_core.environment:checking '/home/arnavb/erc_ws/src/install/erc_ros2_simple_arm/lib/python3.12/site-packages'
[2.289s] Level 1:colcon.colcon_core.environment:checking '/home/arnavb/erc_ws/src/install/erc_ros2_simple_arm/bin'
[2.290s] INFO:colcon.colcon_core.shell:Creating package script '/home/arnavb/erc_ws/src/install/erc_ros2_simple_arm/share/erc_ros2_simple_arm/package.ps1'
[2.290s] INFO:colcon.colcon_core.shell:Creating package descriptor '/home/arnavb/erc_ws/src/install/erc_ros2_simple_arm/share/erc_ros2_simple_arm/package.dsv'
[2.291s] INFO:colcon.colcon_core.shell:Creating package script '/home/arnavb/erc_ws/src/install/erc_ros2_simple_arm/share/erc_ros2_simple_arm/package.sh'
[2.292s] INFO:colcon.colcon_core.shell:Creating package script '/home/arnavb/erc_ws/src/install/erc_ros2_simple_arm/share/erc_ros2_simple_arm/package.bash'
[2.292s] INFO:colcon.colcon_core.shell:Creating package script '/home/arnavb/erc_ws/src/install/erc_ros2_simple_arm/share/erc_ros2_simple_arm/package.zsh'
[2.293s] Level 1:colcon.colcon_core.environment:create_file_with_runtime_dependencies(/home/arnavb/erc_ws/src/install/erc_ros2_simple_arm/share/colcon-core/packages/erc_ros2_simple_arm)
[2.293s] Level 1:colcon.colcon_core.environment:create_environment_scripts_only(erc_ros2_simple_arm)
[2.294s] Level 1:colcon.colcon_core.environment:checking '/home/arnavb/erc_ws/src/install/erc_ros2_simple_arm' for CMake module files
[2.294s] Level 1:colcon.colcon_core.environment:checking '/home/arnavb/erc_ws/src/install/erc_ros2_simple_arm' for CMake config files
[2.295s] Level 1:colcon.colcon_core.shell:create_environment_hook('erc_ros2_simple_arm', 'cmake_prefix_path')
[2.295s] INFO:colcon.colcon_core.shell:Creating environment hook '/home/arnavb/erc_ws/src/install/erc_ros2_simple_arm/share/erc_ros2_simple_arm/hook/cmake_prefix_path.ps1'
[2.296s] INFO:colcon.colcon_core.shell:Creating environment descriptor '/home/arnavb/erc_ws/src/install/erc_ros2_simple_arm/share/erc_ros2_simple_arm/hook/cmake_prefix_path.dsv'
[2.296s] INFO:colcon.colcon_core.shell:Creating environment hook '/home/arnavb/erc_ws/src/install/erc_ros2_simple_arm/share/erc_ros2_simple_arm/hook/cmake_prefix_path.sh'
[2.297s] Level 1:colcon.colcon_core.environment:checking '/home/arnavb/erc_ws/src/install/erc_ros2_simple_arm/bin'
[2.297s] Level 1:colcon.colcon_core.environment:checking '/home/arnavb/erc_ws/src/install/erc_ros2_simple_arm/lib/pkgconfig/erc_ros2_simple_arm.pc'
[2.298s] Level 1:colcon.colcon_core.environment:checking '/home/arnavb/erc_ws/src/install/erc_ros2_simple_arm/lib/python3.12/site-packages'
[2.298s] Level 1:colcon.colcon_core.environment:checking '/home/arnavb/erc_ws/src/install/erc_ros2_simple_arm/bin'
[2.299s] INFO:colcon.colcon_core.shell:Creating package script '/home/arnavb/erc_ws/src/install/erc_ros2_simple_arm/share/erc_ros2_simple_arm/package.ps1'
[2.300s] INFO:colcon.colcon_core.shell:Creating package descriptor '/home/arnavb/erc_ws/src/install/erc_ros2_simple_arm/share/erc_ros2_simple_arm/package.dsv'
[2.300s] INFO:colcon.colcon_core.shell:Creating package script '/home/arnavb/erc_ws/src/install/erc_ros2_simple_arm/share/erc_ros2_simple_arm/package.sh'
[2.301s] INFO:colcon.colcon_core.shell:Creating package script '/home/arnavb/erc_ws/src/install/erc_ros2_simple_arm/share/erc_ros2_simple_arm/package.bash'
[2.301s] INFO:colcon.colcon_core.shell:Creating package script '/home/arnavb/erc_ws/src/install/erc_ros2_simple_arm/share/erc_ros2_simple_arm/package.zsh'
[2.302s] Level 1:colcon.colcon_core.environment:create_file_with_runtime_dependencies(/home/arnavb/erc_ws/src/install/erc_ros2_simple_arm/share/colcon-core/packages/erc_ros2_simple_arm)
[2.304s] Level 1:colcon.colcon_core.environment:create_environment_scripts_only(explore_lite)
[2.305s] Level 1:colcon.colcon_core.environment:checking '/home/arnavb/erc_ws/src/install/explore_lite' for CMake module files
[2.306s] DEBUG:colcon.colcon_core.event_handler.log_command:Invoked command in '/home/arnavb/erc_ws/src/build/explore_lite' returned '0': CMAKE_PREFIX_PATH=${CMAKE_PREFIX_PATH}:/home/arnavb/erc_ws/src/install/week1_tutorials:/home/arnavb/erc_ws/src/install/stark_os:/home/arnavb/erc_ws/src/install/mogi_trajectory_server:/home/arnavb/erc_ws/src/install/erc_trajectory_server:/home/arnavb/erc_ws/src/install/erc_ros2_simple_arm_py:/home/arnavb/erc_ws/src/install/erc_ros2_navigation_py:/home/arnavb/erc_ws/src/install/erc_gazebo_sensors_py:/home/arnavb/erc_ws/src/install/assgn:/home/arnavb/erc_ws/install/week1_tutorials:/home/arnavb/erc_ws/install/stark_os:/home/arnavb/erc_ws/install/mogi_trajectory_server:/opt/ros/jazzy CONDA_PROMPT_MODIFIER=(base) DEBUGINFOD_URLS=https://debuginfod.ubuntu.com /usr/bin/cmake --install /home/arnavb/erc_ws/src/build/explore_lite
[2.307s] Level 1:colcon.colcon_core.environment:checking '/home/arnavb/erc_ws/src/install/explore_lite' for CMake config files
[2.308s] Level 1:colcon.colcon_core.shell:create_environment_hook('explore_lite', 'cmake_prefix_path')
[2.308s] INFO:colcon.colcon_core.shell:Creating environment hook '/home/arnavb/erc_ws/src/install/explore_lite/share/explore_lite/hook/cmake_prefix_path.ps1'
[2.309s] INFO:colcon.colcon_core.shell:Creating environment descriptor '/home/arnavb/erc_ws/src/install/explore_lite/share/explore_lite/hook/cmake_prefix_path.dsv'
[2.310s] INFO:colcon.colcon_core.shell:Creating environment hook '/home/arnavb/erc_ws/src/install/explore_lite/share/explore_lite/hook/cmake_prefix_path.sh'
[2.311s] Level 1:colcon.colcon_core.environment:checking '/home/arnavb/erc_ws/src/install/explore_lite/lib'
[2.311s] Level 1:colcon.colcon_core.environment:checking '/home/arnavb/erc_ws/src/install/explore_lite/bin'
[2.311s] Level 1:colcon.colcon_core.environment:checking '/home/arnavb/erc_ws/src/install/explore_lite/lib/pkgconfig/explore_lite.pc'
[2.312s] Level 1:colcon.colcon_core.environment:checking '/home/arnavb/erc_ws/src/install/explore_lite/lib/python3.12/site-packages'
[2.313s] Level 1:colcon.colcon_core.environment:checking '/home/arnavb/erc_ws/src/install/explore_lite/bin'
[2.313s] INFO:colcon.colcon_core.shell:Creating package script '/home/arnavb/erc_ws/src/install/explore_lite/share/explore_lite/package.ps1'
[2.314s] INFO:colcon.colcon_core.shell:Creating package descriptor '/home/arnavb/erc_ws/src/install/explore_lite/share/explore_lite/package.dsv'
[2.315s] INFO:colcon.colcon_core.shell:Creating package script '/home/arnavb/erc_ws/src/install/explore_lite/share/explore_lite/package.sh'
[2.316s] INFO:colcon.colcon_core.shell:Creating package script '/home/arnavb/erc_ws/src/install/explore_lite/share/explore_lite/package.bash'
[2.316s] INFO:colcon.colcon_core.shell:Creating package script '/home/arnavb/erc_ws/src/install/explore_lite/share/explore_lite/package.zsh'
[2.317s] Level 1:colcon.colcon_core.environment:create_file_with_runtime_dependencies(/home/arnavb/erc_ws/src/install/explore_lite/share/colcon-core/packages/explore_lite)
[2.318s] Level 1:colcon.colcon_core.environment:create_environment_scripts_only(explore_lite)
[2.318s] Level 1:colcon.colcon_core.environment:checking '/home/arnavb/erc_ws/src/install/explore_lite' for CMake module files
[2.320s] Level 1:colcon.colcon_core.environment:checking '/home/arnavb/erc_ws/src/install/explore_lite' for CMake config files
[2.320s] Level 1:colcon.colcon_core.shell:create_environment_hook('explore_lite', 'cmake_prefix_path')
[2.320s] INFO:colcon.colcon_core.shell:Creating environment hook '/home/arnavb/erc_ws/src/install/explore_lite/share/explore_lite/hook/cmake_prefix_path.ps1'
[2.321s] INFO:colcon.colcon_core.shell:Creating environment descriptor '/home/arnavb/erc_ws/src/install/explore_lite/share/explore_lite/hook/cmake_prefix_path.dsv'
[2.322s] INFO:colcon.colcon_core.shell:Creating environment hook '/home/arnavb/erc_ws/src/install/explore_lite/share/explore_lite/hook/cmake_prefix_path.sh'
[2.324s] Level 1:colcon.colcon_core.environment:checking '/home/arnavb/erc_ws/src/install/explore_lite/lib'
[2.324s] Level 1:colcon.colcon_core.environment:checking '/home/arnavb/erc_ws/src/install/explore_lite/bin'
[2.324s] Level 1:colcon.colcon_core.environment:checking '/home/arnavb/erc_ws/src/install/explore_lite/lib/pkgconfig/explore_lite.pc'
[2.324s] Level 1:colcon.colcon_core.environment:checking '/home/arnavb/erc_ws/src/install/explore_lite/lib/python3.12/site-packages'
[2.325s] Level 1:colcon.colcon_core.environment:checking '/home/arnavb/erc_ws/src/install/explore_lite/bin'
[2.326s] INFO:colcon.colcon_core.shell:Creating package script '/home/arnavb/erc_ws/src/install/explore_lite/share/explore_lite/package.ps1'
[2.327s] INFO:colcon.colcon_core.shell:Creating package descriptor '/home/arnavb/erc_ws/src/install/explore_lite/share/explore_lite/package.dsv'
[2.328s] INFO:colcon.colcon_core.shell:Creating package script '/home/arnavb/erc_ws/src/install/explore_lite/share/explore_lite/package.sh'
[2.329s] INFO:colcon.colcon_core.shell:Creating package script '/home/arnavb/erc_ws/src/install/explore_lite/share/explore_lite/package.bash'
[2.330s] INFO:colcon.colcon_core.shell:Creating package script '/home/arnavb/erc_ws/src/install/explore_lite/share/explore_lite/package.zsh'
[2.331s] Level 1:colcon.colcon_core.environment:create_file_with_runtime_dependencies(/home/arnavb/erc_ws/src/install/explore_lite/share/colcon-core/packages/explore_lite)
[2.919s] DEBUG:colcon.colcon_core.event_handler.log_command:Invoking command in '/home/arnavb/erc_ws/src/assgn': CONDA_PROMPT_MODIFIER=(base) DEBUGINFOD_URLS=https://debuginfod.ubuntu.com PYTHONPATH=/home/arnavb/erc_ws/src/build/assgn/prefix_override:/usr/lib/python3/dist-packages/colcon_core/task/python/colcon_distutils_commands:/home/arnavb/erc_ws/src/install/assgn/lib/python3.12/site-packages:${PYTHONPATH} /usr/bin/python3 -W ignore:setup.py install is deprecated -W ignore:easy_install command is deprecated setup.py egg_info --egg-base ../build/assgn build --build-base /home/arnavb/erc_ws/src/build/assgn/build install --record /home/arnavb/erc_ws/src/build/assgn/install.log --single-version-externally-managed install_data
[2.953s] DEBUG:colcon.colcon_core.event_handler.log_command:Invoking command in '/home/arnavb/erc_ws/src/erc_trajectory_server': CONDA_PROMPT_MODIFIER=(base) DEBUGINFOD_URLS=https://debuginfod.ubuntu.com PYTHONPATH=/home/arnavb/erc_ws/src/build/erc_trajectory_server/prefix_override:/usr/lib/python3/dist-packages/colcon_core/task/python/colcon_distutils_commands:/home/arnavb/erc_ws/src/install/erc_trajectory_server/lib/python3.12/site-packages:${PYTHONPATH} /usr/bin/python3 -W ignore:setup.py install is deprecated -W ignore:easy_install command is deprecated setup.py egg_info --egg-base ../build/erc_trajectory_server build --build-base /home/arnavb/erc_ws/src/build/erc_trajectory_server/build install --record /home/arnavb/erc_ws/src/build/erc_trajectory_server/install.log --single-version-externally-managed install_data
[2.968s] DEBUG:colcon.colcon_core.event_handler.log_command:Invoking command in '/home/arnavb/erc_ws/src/erc_ros2_simple_arm_py': CONDA_PROMPT_MODIFIER=(base) DEBUGINFOD_URLS=https://debuginfod.ubuntu.com PYTHONPATH=/home/arnavb/erc_ws/src/build/erc_ros2_simple_arm_py/prefix_override:/usr/lib/python3/dist-packages/colcon_core/task/python/colcon_distutils_commands:/home/arnavb/erc_ws/src/install/erc_ros2_simple_arm_py/lib/python3.12/site-packages:${PYTHONPATH} /usr/bin/python3 -W ignore:setup.py install is deprecated -W ignore:easy_install command is deprecated setup.py egg_info --egg-base ../build/erc_ros2_simple_arm_py build --build-base /home/arnavb/erc_ws/src/build/erc_ros2_simple_arm_py/build install --record /home/arnavb/erc_ws/src/build/erc_ros2_simple_arm_py/install.log --single-version-externally-managed install_data
[2.970s] DEBUG:colcon.colcon_core.event_handler.log_command:Invoking command in '/home/arnavb/erc_ws/src/erc_gazebo_sensors_py': CONDA_PROMPT_MODIFIER=(base) DEBUGINFOD_URLS=https://debuginfod.ubuntu.com PYTHONPATH=/home/arnavb/erc_ws/src/build/erc_gazebo_sensors_py/prefix_override:/usr/lib/python3/dist-packages/colcon_core/task/python/colcon_distutils_commands:/home/arnavb/erc_ws/src/install/erc_gazebo_sensors_py/lib/python3.12/site-packages:${PYTHONPATH} /usr/bin/python3 -W ignore:setup.py install is deprecated -W ignore:easy_install command is deprecated setup.py egg_info --egg-base ../build/erc_gazebo_sensors_py build --build-base /home/arnavb/erc_ws/src/build/erc_gazebo_sensors_py/build install --record /home/arnavb/erc_ws/src/build/erc_gazebo_sensors_py/install.log --single-version-externally-managed install_data
[2.972s] DEBUG:colcon.colcon_core.event_handler.log_command:Invoking command in '/home/arnavb/erc_ws/src/erc_ros2_navigation_py': CONDA_PROMPT_MODIFIER=(base) DEBUGINFOD_URLS=https://debuginfod.ubuntu.com PYTHONPATH=/home/arnavb/erc_ws/src/build/erc_ros2_navigation_py/prefix_override:/usr/lib/python3/dist-packages/colcon_core/task/python/colcon_distutils_commands:/home/arnavb/erc_ws/src/install/erc_ros2_navigation_py/lib/python3.12/site-packages:${PYTHONPATH} /usr/bin/python3 -W ignore:setup.py install is deprecated -W ignore:easy_install command is deprecated setup.py egg_info --egg-base ../build/erc_ros2_navigation_py build --build-base /home/arnavb/erc_ws/src/build/erc_ros2_navigation_py/build install --record /home/arnavb/erc_ws/src/build/erc_ros2_navigation_py/install.log --single-version-externally-managed install_data
[3.002s] DEBUG:colcon.colcon_core.event_handler.log_command:Invoking command in '/home/arnavb/erc_ws/src/mogi_trajectory_server': CONDA_PROMPT_MODIFIER=(base) DEBUGINFOD_URLS=https://debuginfod.ubuntu.com PYTHONPATH=/home/arnavb/erc_ws/src/build/mogi_trajectory_server/prefix_override:/usr/lib/python3/dist-packages/colcon_core/task/python/colcon_distutils_commands:/home/arnavb/erc_ws/src/install/mogi_trajectory_server/lib/python3.12/site-packages:${PYTHONPATH} /usr/bin/python3 -W ignore:setup.py install is deprecated -W ignore:easy_install command is deprecated setup.py egg_info --egg-base ../build/mogi_trajectory_server build --build-base /home/arnavb/erc_ws/src/build/mogi_trajectory_server/build install --record /home/arnavb/erc_ws/src/build/mogi_trajectory_server/install.log --single-version-externally-managed install_data
[3.577s] Level 1:colcon.colcon_core.environment:checking '/home/arnavb/erc_ws/src/install/assgn' for CMake module files
[3.578s] DEBUG:colcon.colcon_core.event_handler.log_command:Invoked command in '/home/arnavb/erc_ws/src/assgn' returned '0': CONDA_PROMPT_MODIFIER=(base) DEBUGINFOD_URLS=https://debuginfod.ubuntu.com PYTHONPATH=/home/arnavb/erc_ws/src/build/assgn/prefix_override:/usr/lib/python3/dist-packages/colcon_core/task/python/colcon_distutils_commands:/home/arnavb/erc_ws/src/install/assgn/lib/python3.12/site-packages:${PYTHONPATH} /usr/bin/python3 -W ignore:setup.py install is deprecated -W ignore:easy_install command is deprecated setup.py egg_info --egg-base ../build/assgn build --build-base /home/arnavb/erc_ws/src/build/assgn/build install --record /home/arnavb/erc_ws/src/build/assgn/install.log --single-version-externally-managed install_data
[3.579s] Level 1:colcon.colcon_core.environment:checking '/home/arnavb/erc_ws/src/install/assgn' for CMake config files
[3.582s] Level 1:colcon.colcon_core.environment:checking '/home/arnavb/erc_ws/src/install/assgn/lib'
[3.582s] Level 1:colcon.colcon_core.environment:checking '/home/arnavb/erc_ws/src/install/assgn/bin'
[3.582s] Level 1:colcon.colcon_core.environment:checking '/home/arnavb/erc_ws/src/install/assgn/lib/pkgconfig/assgn.pc'
[3.583s] Level 1:colcon.colcon_core.environment:checking '/home/arnavb/erc_ws/src/install/assgn/lib/python3.12/site-packages'
[3.583s] Level 1:colcon.colcon_core.shell:create_environment_hook('assgn', 'pythonpath')
[3.583s] INFO:colcon.colcon_core.shell:Creating environment hook '/home/arnavb/erc_ws/src/install/assgn/share/assgn/hook/pythonpath.ps1'
[3.584s] INFO:colcon.colcon_core.shell:Creating environment descriptor '/home/arnavb/erc_ws/src/install/assgn/share/assgn/hook/pythonpath.dsv'
[3.585s] INFO:colcon.colcon_core.shell:Creating environment hook '/home/arnavb/erc_ws/src/install/assgn/share/assgn/hook/pythonpath.sh'
[3.587s] Level 1:colcon.colcon_core.environment:checking '/home/arnavb/erc_ws/src/install/assgn/bin'
[3.587s] Level 1:colcon.colcon_core.environment:create_environment_scripts_only(assgn)
[3.587s] INFO:colcon.colcon_core.shell:Creating package script '/home/arnavb/erc_ws/src/install/assgn/share/assgn/package.ps1'
[3.588s] INFO:colcon.colcon_core.shell:Creating package descriptor '/home/arnavb/erc_ws/src/install/assgn/share/assgn/package.dsv'
[3.589s] INFO:colcon.colcon_core.shell:Creating package script '/home/arnavb/erc_ws/src/install/assgn/share/assgn/package.sh'
[3.590s] INFO:colcon.colcon_core.shell:Creating package script '/home/arnavb/erc_ws/src/install/assgn/share/assgn/package.bash'
[3.591s] INFO:colcon.colcon_core.shell:Creating package script '/home/arnavb/erc_ws/src/install/assgn/share/assgn/package.zsh'
[3.591s] Level 1:colcon.colcon_core.environment:create_file_with_runtime_dependencies(/home/arnavb/erc_ws/src/install/assgn/share/colcon-core/packages/assgn)
[3.594s] Level 1:colcon.colcon_core.environment:checking '/home/arnavb/erc_ws/src/install/erc_trajectory_server' for CMake module files
[3.594s] DEBUG:colcon.colcon_core.event_handler.log_command:Invoked command in '/home/arnavb/erc_ws/src/erc_trajectory_server' returned '0': CONDA_PROMPT_MODIFIER=(base) DEBUGINFOD_URLS=https://debuginfod.ubuntu.com PYTHONPATH=/home/arnavb/erc_ws/src/build/erc_trajectory_server/prefix_override:/usr/lib/python3/dist-packages/colcon_core/task/python/colcon_distutils_commands:/home/arnavb/erc_ws/src/install/erc_trajectory_server/lib/python3.12/site-packages:${PYTHONPATH} /usr/bin/python3 -W ignore:setup.py install is deprecated -W ignore:easy_install command is deprecated setup.py egg_info --egg-base ../build/erc_trajectory_server build --build-base /home/arnavb/erc_ws/src/build/erc_trajectory_server/build install --record /home/arnavb/erc_ws/src/build/erc_trajectory_server/install.log --single-version-externally-managed install_data
[3.595s] Level 1:colcon.colcon_core.environment:checking '/home/arnavb/erc_ws/src/install/erc_trajectory_server' for CMake config files
[3.597s] Level 1:colcon.colcon_core.environment:checking '/home/arnavb/erc_ws/src/install/erc_trajectory_server/lib'
[3.597s] Level 1:colcon.colcon_core.environment:checking '/home/arnavb/erc_ws/src/install/erc_trajectory_server/bin'
[3.597s] Level 1:colcon.colcon_core.environment:checking '/home/arnavb/erc_ws/src/install/erc_trajectory_server/lib/pkgconfig/erc_trajectory_server.pc'
[3.597s] Level 1:colcon.colcon_core.environment:checking '/home/arnavb/erc_ws/src/install/erc_trajectory_server/lib/python3.12/site-packages'
[3.598s] Level 1:colcon.colcon_core.shell:create_environment_hook('erc_trajectory_server', 'pythonpath')
[3.598s] INFO:colcon.colcon_core.shell:Creating environment hook '/home/arnavb/erc_ws/src/install/erc_trajectory_server/share/erc_trajectory_server/hook/pythonpath.ps1'
[3.598s] INFO:colcon.colcon_core.shell:Creating environment descriptor '/home/arnavb/erc_ws/src/install/erc_trajectory_server/share/erc_trajectory_server/hook/pythonpath.dsv'
[3.599s] INFO:colcon.colcon_core.shell:Creating environment hook '/home/arnavb/erc_ws/src/install/erc_trajectory_server/share/erc_trajectory_server/hook/pythonpath.sh'
[3.599s] Level 1:colcon.colcon_core.environment:checking '/home/arnavb/erc_ws/src/install/erc_trajectory_server/bin'
[3.599s] Level 1:colcon.colcon_core.environment:create_environment_scripts_only(erc_trajectory_server)
[3.600s] INFO:colcon.colcon_core.shell:Creating package script '/home/arnavb/erc_ws/src/install/erc_trajectory_server/share/erc_trajectory_server/package.ps1'
[3.600s] INFO:colcon.colcon_core.shell:Creating package descriptor '/home/arnavb/erc_ws/src/install/erc_trajectory_server/share/erc_trajectory_server/package.dsv'
[3.601s] INFO:colcon.colcon_core.shell:Creating package script '/home/arnavb/erc_ws/src/install/erc_trajectory_server/share/erc_trajectory_server/package.sh'
[3.601s] INFO:colcon.colcon_core.shell:Creating package script '/home/arnavb/erc_ws/src/install/erc_trajectory_server/share/erc_trajectory_server/package.bash'
[3.601s] INFO:colcon.colcon_core.shell:Creating package script '/home/arnavb/erc_ws/src/install/erc_trajectory_server/share/erc_trajectory_server/package.zsh'
[3.602s] Level 1:colcon.colcon_core.environment:create_file_with_runtime_dependencies(/home/arnavb/erc_ws/src/install/erc_trajectory_server/share/colcon-core/packages/erc_trajectory_server)
[3.611s] Level 1:colcon.colcon_core.environment:checking '/home/arnavb/erc_ws/src/install/erc_ros2_simple_arm_py' for CMake module files
[3.612s] DEBUG:colcon.colcon_core.event_handler.log_command:Invoked command in '/home/arnavb/erc_ws/src/erc_ros2_simple_arm_py' returned '0': CONDA_PROMPT_MODIFIER=(base) DEBUGINFOD_URLS=https://debuginfod.ubuntu.com PYTHONPATH=/home/arnavb/erc_ws/src/build/erc_ros2_simple_arm_py/prefix_override:/usr/lib/python3/dist-packages/colcon_core/task/python/colcon_distutils_commands:/home/arnavb/erc_ws/src/install/erc_ros2_simple_arm_py/lib/python3.12/site-packages:${PYTHONPATH} /usr/bin/python3 -W ignore:setup.py install is deprecated -W ignore:easy_install command is deprecated setup.py egg_info --egg-base ../build/erc_ros2_simple_arm_py build --build-base /home/arnavb/erc_ws/src/build/erc_ros2_simple_arm_py/build install --record /home/arnavb/erc_ws/src/build/erc_ros2_simple_arm_py/install.log --single-version-externally-managed install_data
[3.612s] Level 1:colcon.colcon_core.environment:checking '/home/arnavb/erc_ws/src/install/erc_ros2_simple_arm_py' for CMake config files
[3.613s] Level 1:colcon.colcon_core.environment:checking '/home/arnavb/erc_ws/src/install/erc_ros2_simple_arm_py/lib'
[3.613s] Level 1:colcon.colcon_core.environment:checking '/home/arnavb/erc_ws/src/install/erc_ros2_simple_arm_py/bin'
[3.613s] Level 1:colcon.colcon_core.environment:checking '/home/arnavb/erc_ws/src/install/erc_ros2_simple_arm_py/lib/pkgconfig/erc_ros2_simple_arm_py.pc'
[3.613s] Level 1:colcon.colcon_core.environment:checking '/home/arnavb/erc_ws/src/install/erc_ros2_simple_arm_py/lib/python3.12/site-packages'
[3.613s] Level 1:colcon.colcon_core.shell:create_environment_hook('erc_ros2_simple_arm_py', 'pythonpath')
[3.614s] INFO:colcon.colcon_core.shell:Creating environment hook '/home/arnavb/erc_ws/src/install/erc_ros2_simple_arm_py/share/erc_ros2_simple_arm_py/hook/pythonpath.ps1'
[3.614s] INFO:colcon.colcon_core.shell:Creating environment descriptor '/home/arnavb/erc_ws/src/install/erc_ros2_simple_arm_py/share/erc_ros2_simple_arm_py/hook/pythonpath.dsv'
[3.614s] INFO:colcon.colcon_core.shell:Creating environment hook '/home/arnavb/erc_ws/src/install/erc_ros2_simple_arm_py/share/erc_ros2_simple_arm_py/hook/pythonpath.sh'
[3.615s] Level 1:colcon.colcon_core.environment:checking '/home/arnavb/erc_ws/src/install/erc_ros2_simple_arm_py/bin'
[3.615s] Level 1:colcon.colcon_core.environment:create_environment_scripts_only(erc_ros2_simple_arm_py)
[3.616s] INFO:colcon.colcon_core.shell:Creating package script '/home/arnavb/erc_ws/src/install/erc_ros2_simple_arm_py/share/erc_ros2_simple_arm_py/package.ps1'
[3.616s] INFO:colcon.colcon_core.shell:Creating package descriptor '/home/arnavb/erc_ws/src/install/erc_ros2_simple_arm_py/share/erc_ros2_simple_arm_py/package.dsv'
[3.616s] INFO:colcon.colcon_core.shell:Creating package script '/home/arnavb/erc_ws/src/install/erc_ros2_simple_arm_py/share/erc_ros2_simple_arm_py/package.sh'
[3.617s] INFO:colcon.colcon_core.shell:Creating package script '/home/arnavb/erc_ws/src/install/erc_ros2_simple_arm_py/share/erc_ros2_simple_arm_py/package.bash'
[3.617s] INFO:colcon.colcon_core.shell:Creating package script '/home/arnavb/erc_ws/src/install/erc_ros2_simple_arm_py/share/erc_ros2_simple_arm_py/package.zsh'
[3.617s] Level 1:colcon.colcon_core.environment:create_file_with_runtime_dependencies(/home/arnavb/erc_ws/src/install/erc_ros2_simple_arm_py/share/colcon-core/packages/erc_ros2_simple_arm_py)
[3.619s] Level 1:colcon.colcon_core.environment:checking '/home/arnavb/erc_ws/src/install/erc_gazebo_sensors_py' for CMake module files
[3.619s] DEBUG:colcon.colcon_core.event_handler.log_command:Invoked command in '/home/arnavb/erc_ws/src/erc_gazebo_sensors_py' returned '0': CONDA_PROMPT_MODIFIER=(base) DEBUGINFOD_URLS=https://debuginfod.ubuntu.com PYTHONPATH=/home/arnavb/erc_ws/src/build/erc_gazebo_sensors_py/prefix_override:/usr/lib/python3/dist-packages/colcon_core/task/python/colcon_distutils_commands:/home/arnavb/erc_ws/src/install/erc_gazebo_sensors_py/lib/python3.12/site-packages:${PYTHONPATH} /usr/bin/python3 -W ignore:setup.py install is deprecated -W ignore:easy_install command is deprecated setup.py egg_info --egg-base ../build/erc_gazebo_sensors_py build --build-base /home/arnavb/erc_ws/src/build/erc_gazebo_sensors_py/build install --record /home/arnavb/erc_ws/src/build/erc_gazebo_sensors_py/install.log --single-version-externally-managed install_data
[3.620s] Level 1:colcon.colcon_core.environment:checking '/home/arnavb/erc_ws/src/install/erc_gazebo_sensors_py' for CMake config files
[3.621s] Level 1:colcon.colcon_core.environment:checking '/home/arnavb/erc_ws/src/install/erc_gazebo_sensors_py/lib'
[3.621s] Level 1:colcon.colcon_core.environment:checking '/home/arnavb/erc_ws/src/install/erc_gazebo_sensors_py/bin'
[3.621s] Level 1:colcon.colcon_core.environment:checking '/home/arnavb/erc_ws/src/install/erc_gazebo_sensors_py/lib/pkgconfig/erc_gazebo_sensors_py.pc'
[3.621s] Level 1:colcon.colcon_core.environment:checking '/home/arnavb/erc_ws/src/install/erc_gazebo_sensors_py/lib/python3.12/site-packages'
[3.621s] Level 1:colcon.colcon_core.shell:create_environment_hook('erc_gazebo_sensors_py', 'pythonpath')
[3.621s] INFO:colcon.colcon_core.shell:Creating environment hook '/home/arnavb/erc_ws/src/install/erc_gazebo_sensors_py/share/erc_gazebo_sensors_py/hook/pythonpath.ps1'
[3.622s] INFO:colcon.colcon_core.shell:Creating environment descriptor '/home/arnavb/erc_ws/src/install/erc_gazebo_sensors_py/share/erc_gazebo_sensors_py/hook/pythonpath.dsv'
[3.622s] INFO:colcon.colcon_core.shell:Creating environment hook '/home/arnavb/erc_ws/src/install/erc_gazebo_sensors_py/share/erc_gazebo_sensors_py/hook/pythonpath.sh'
[3.623s] Level 1:colcon.colcon_core.environment:checking '/home/arnavb/erc_ws/src/install/erc_gazebo_sensors_py/bin'
[3.623s] Level 1:colcon.colcon_core.environment:create_environment_scripts_only(erc_gazebo_sensors_py)
[3.623s] INFO:colcon.colcon_core.shell:Creating package script '/home/arnavb/erc_ws/src/install/erc_gazebo_sensors_py/share/erc_gazebo_sensors_py/package.ps1'
[3.623s] INFO:colcon.colcon_core.shell:Creating package descriptor '/home/arnavb/erc_ws/src/install/erc_gazebo_sensors_py/share/erc_gazebo_sensors_py/package.dsv'
[3.624s] INFO:colcon.colcon_core.shell:Creating package script '/home/arnavb/erc_ws/src/install/erc_gazebo_sensors_py/share/erc_gazebo_sensors_py/package.sh'
[3.624s] INFO:colcon.colcon_core.shell:Creating package script '/home/arnavb/erc_ws/src/install/erc_gazebo_sensors_py/share/erc_gazebo_sensors_py/package.bash'
[3.625s] INFO:colcon.colcon_core.shell:Creating package script '/home/arnavb/erc_ws/src/install/erc_gazebo_sensors_py/share/erc_gazebo_sensors_py/package.zsh'
[3.625s] Level 1:colcon.colcon_core.environment:create_file_with_runtime_dependencies(/home/arnavb/erc_ws/src/install/erc_gazebo_sensors_py/share/colcon-core/packages/erc_gazebo_sensors_py)
[3.625s] Level 1:colcon.colcon_core.environment:checking '/home/arnavb/erc_ws/src/install/erc_ros2_navigation_py' for CMake module files
[3.626s] Level 1:colcon.colcon_core.environment:checking '/home/arnavb/erc_ws/src/install/erc_ros2_navigation_py' for CMake config files
[3.627s] DEBUG:colcon.colcon_core.event_handler.log_command:Invoked command in '/home/arnavb/erc_ws/src/erc_ros2_navigation_py' returned '0': CONDA_PROMPT_MODIFIER=(base) DEBUGINFOD_URLS=https://debuginfod.ubuntu.com PYTHONPATH=/home/arnavb/erc_ws/src/build/erc_ros2_navigation_py/prefix_override:/usr/lib/python3/dist-packages/colcon_core/task/python/colcon_distutils_commands:/home/arnavb/erc_ws/src/install/erc_ros2_navigation_py/lib/python3.12/site-packages:${PYTHONPATH} /usr/bin/python3 -W ignore:setup.py install is deprecated -W ignore:easy_install command is deprecated setup.py egg_info --egg-base ../build/erc_ros2_navigation_py build --build-base /home/arnavb/erc_ws/src/build/erc_ros2_navigation_py/build install --record /home/arnavb/erc_ws/src/build/erc_ros2_navigation_py/install.log --single-version-externally-managed install_data
[3.627s] Level 1:colcon.colcon_core.environment:checking '/home/arnavb/erc_ws/src/install/erc_ros2_navigation_py/lib'
[3.627s] Level 1:colcon.colcon_core.environment:checking '/home/arnavb/erc_ws/src/install/erc_ros2_navigation_py/bin'
[3.627s] Level 1:colcon.colcon_core.environment:checking '/home/arnavb/erc_ws/src/install/erc_ros2_navigation_py/lib/pkgconfig/erc_ros2_navigation_py.pc'
[3.628s] Level 1:colcon.colcon_core.environment:checking '/home/arnavb/erc_ws/src/install/erc_ros2_navigation_py/lib/python3.12/site-packages'
[3.628s] Level 1:colcon.colcon_core.shell:create_environment_hook('erc_ros2_navigation_py', 'pythonpath')
[3.628s] INFO:colcon.colcon_core.shell:Creating environment hook '/home/arnavb/erc_ws/src/install/erc_ros2_navigation_py/share/erc_ros2_navigation_py/hook/pythonpath.ps1'
[3.628s] INFO:colcon.colcon_core.shell:Creating environment descriptor '/home/arnavb/erc_ws/src/install/erc_ros2_navigation_py/share/erc_ros2_navigation_py/hook/pythonpath.dsv'
[3.629s] INFO:colcon.colcon_core.shell:Creating environment hook '/home/arnavb/erc_ws/src/install/erc_ros2_navigation_py/share/erc_ros2_navigation_py/hook/pythonpath.sh'
[3.629s] Level 1:colcon.colcon_core.environment:checking '/home/arnavb/erc_ws/src/install/erc_ros2_navigation_py/bin'
[3.629s] Level 1:colcon.colcon_core.environment:create_environment_scripts_only(erc_ros2_navigation_py)
[3.630s] INFO:colcon.colcon_core.shell:Creating package script '/home/arnavb/erc_ws/src/install/erc_ros2_navigation_py/share/erc_ros2_navigation_py/package.ps1'
[3.630s] INFO:colcon.colcon_core.shell:Creating package descriptor '/home/arnavb/erc_ws/src/install/erc_ros2_navigation_py/share/erc_ros2_navigation_py/package.dsv'
[3.631s] INFO:colcon.colcon_core.shell:Creating package script '/home/arnavb/erc_ws/src/install/erc_ros2_navigation_py/share/erc_ros2_navigation_py/package.sh'
[3.631s] INFO:colcon.colcon_core.shell:Creating package script '/home/arnavb/erc_ws/src/install/erc_ros2_navigation_py/share/erc_ros2_navigation_py/package.bash'
[3.631s] INFO:colcon.colcon_core.shell:Creating package script '/home/arnavb/erc_ws/src/install/erc_ros2_navigation_py/share/erc_ros2_navigation_py/package.zsh'
[3.632s] Level 1:colcon.colcon_core.environment:create_file_with_runtime_dependencies(/home/arnavb/erc_ws/src/install/erc_ros2_navigation_py/share/colcon-core/packages/erc_ros2_navigation_py)
[3.693s] Level 1:colcon.colcon_core.environment:checking '/home/arnavb/erc_ws/src/install/mogi_trajectory_server' for CMake module files
[3.693s] DEBUG:colcon.colcon_core.event_handler.log_command:Invoked command in '/home/arnavb/erc_ws/src/mogi_trajectory_server' returned '0': CONDA_PROMPT_MODIFIER=(base) DEBUGINFOD_URLS=https://debuginfod.ubuntu.com PYTHONPATH=/home/arnavb/erc_ws/src/build/mogi_trajectory_server/prefix_override:/usr/lib/python3/dist-packages/colcon_core/task/python/colcon_distutils_commands:/home/arnavb/erc_ws/src/install/mogi_trajectory_server/lib/python3.12/site-packages:${PYTHONPATH} /usr/bin/python3 -W ignore:setup.py install is deprecated -W ignore:easy_install command is deprecated setup.py egg_info --egg-base ../build/mogi_trajectory_server build --build-base /home/arnavb/erc_ws/src/build/mogi_trajectory_server/build install --record /home/arnavb/erc_ws/src/build/mogi_trajectory_server/install.log --single-version-externally-managed install_data
[3.694s] Level 1:colcon.colcon_core.environment:checking '/home/arnavb/erc_ws/src/install/mogi_trajectory_server' for CMake config files
[3.695s] Level 1:colcon.colcon_core.environment:checking '/home/arnavb/erc_ws/src/install/mogi_trajectory_server/lib'
[3.695s] Level 1:colcon.colcon_core.environment:checking '/home/arnavb/erc_ws/src/install/mogi_trajectory_server/bin'
[3.695s] Level 1:colcon.colcon_core.environment:checking '/home/arnavb/erc_ws/src/install/mogi_trajectory_server/lib/pkgconfig/mogi_trajectory_server.pc'
[3.695s] Level 1:colcon.colcon_core.environment:checking '/home/arnavb/erc_ws/src/install/mogi_trajectory_server/lib/python3.12/site-packages'
[3.695s] Level 1:colcon.colcon_core.shell:create_environment_hook('mogi_trajectory_server', 'pythonpath')
[3.696s] INFO:colcon.colcon_core.shell:Creating environment hook '/home/arnavb/erc_ws/src/install/mogi_trajectory_server/share/mogi_trajectory_server/hook/pythonpath.ps1'
[3.696s] INFO:colcon.colcon_core.shell:Creating environment descriptor '/home/arnavb/erc_ws/src/install/mogi_trajectory_server/share/mogi_trajectory_server/hook/pythonpath.dsv'
[3.697s] INFO:colcon.colcon_core.shell:Creating environment hook '/home/arnavb/erc_ws/src/install/mogi_trajectory_server/share/mogi_trajectory_server/hook/pythonpath.sh'
[3.698s] Level 1:colcon.colcon_core.environment:checking '/home/arnavb/erc_ws/src/install/mogi_trajectory_server/bin'
[3.698s] Level 1:colcon.colcon_core.environment:create_environment_scripts_only(mogi_trajectory_server)
[3.698s] INFO:colcon.colcon_core.shell:Creating package script '/home/arnavb/erc_ws/src/install/mogi_trajectory_server/share/mogi_trajectory_server/package.ps1'
[3.699s] INFO:colcon.colcon_core.shell:Creating package descriptor '/home/arnavb/erc_ws/src/install/mogi_trajectory_server/share/mogi_trajectory_server/package.dsv'
[3.699s] INFO:colcon.colcon_core.shell:Creating package script '/home/arnavb/erc_ws/src/install/mogi_trajectory_server/share/mogi_trajectory_server/package.sh'
[3.700s] INFO:colcon.colcon_core.shell:Creating package script '/home/arnavb/erc_ws/src/install/mogi_trajectory_server/share/mogi_trajectory_server/package.bash'
[3.700s] INFO:colcon.colcon_core.shell:Creating package script '/home/arnavb/erc_ws/src/install/mogi_trajectory_server/share/mogi_trajectory_server/package.zsh'
[3.700s] Level 1:colcon.colcon_core.environment:create_file_with_runtime_dependencies(/home/arnavb/erc_ws/src/install/mogi_trajectory_server/share/colcon-core/packages/mogi_trajectory_server)
[3.701s] DEBUG:colcon.colcon_parallel_executor.executor.parallel:closing loop
[3.701s] DEBUG:colcon.colcon_parallel_executor.executor.parallel:loop closed
[3.701s] DEBUG:colcon.colcon_parallel_executor.executor.parallel:run_until_complete finished with '0'
[3.701s] DEBUG:colcon.colcon_core.event_reactor:joining thread
[3.712s] INFO:colcon.colcon_core.plugin_system:Skipping extension 'colcon_notification.desktop_notification.terminal_notifier': Not used on non-Darwin systems
[3.712s] INFO:colcon.colcon_core.plugin_system:Skipping extension 'colcon_notification.desktop_notification.win32': Not used on non-Windows systems
[3.712s] INFO:colcon.colcon_notification.desktop_notification:Sending desktop notification using 'notify2'
[3.743s] DEBUG:colcon.colcon_core.event_reactor:joined thread
[3.743s] INFO:colcon.colcon_core.shell:Creating prefix script '/home/arnavb/erc_ws/src/install/local_setup.ps1'
[3.744s] INFO:colcon.colcon_core.shell:Creating prefix util module '/home/arnavb/erc_ws/src/install/_local_setup_util_ps1.py'
[3.745s] INFO:colcon.colcon_core.shell:Creating prefix chain script '/home/arnavb/erc_ws/src/install/setup.ps1'
[3.747s] INFO:colcon.colcon_core.shell:Creating prefix script '/home/arnavb/erc_ws/src/install/local_setup.sh'
[3.748s] INFO:colcon.colcon_core.shell:Creating prefix util module '/home/arnavb/erc_ws/src/install/_local_setup_util_sh.py'
[3.749s] INFO:colcon.colcon_core.shell:Creating prefix chain script '/home/arnavb/erc_ws/src/install/setup.sh'
[3.751s] INFO:colcon.colcon_core.shell:Creating prefix script '/home/arnavb/erc_ws/src/install/local_setup.bash'
[3.751s] INFO:colcon.colcon_core.shell:Creating prefix chain script '/home/arnavb/erc_ws/src/install/setup.bash'
[3.753s] INFO:colcon.colcon_core.shell:Creating prefix script '/home/arnavb/erc_ws/src/install/local_setup.zsh'
[3.754s] INFO:colcon.colcon_core.shell:Creating prefix chain script '/home/arnavb/erc_ws/src/install/setup.zsh'
