[0.072s] DEBUG:colcon:Command line arguments: ['/usr/bin/colcon', 'build']
[0.072s] DEBUG:colcon:Parsed command line arguments: Namespace(log_base=None, log_level=None, verb_name='build', build_base='build', install_base='install', merge_install=False, symlink_install=False, test_result_base=None, continue_on_error=False, executor='parallel', parallel_workers=20, event_handlers=None, ignore_user_meta=False, metas=['./colcon.meta'], base_paths=['.'], packages_ignore=None, packages_ignore_regex=None, paths=None, packages_up_to=None, packages_up_to_regex=None, packages_above=None, packages_above_and_dependencies=None, packages_above_depth=None, packages_select_by_dep=None, packages_skip_by_dep=None, packages_skip_up_to=None, packages_select_build_failed=False, packages_skip_build_finished=False, packages_select_test_failures=False, packages_skip_test_passed=False, packages_select=None, packages_skip=None, packages_select_regex=None, packages_skip_regex=None, packages_start=None, packages_end=None, allow_overriding=[], cmake_args=None, cmake_target=None, cmake_target_skip_unavailable=False, cmake_clean_cache=False, cmake_clean_first=False, cmake_force_configure=False, ament_cmake_args=None, catkin_cmake_args=None, catkin_skip_building_tests=False, mixin_files=None, mixin=None, verb_parser=<colcon_mixin.mixin.mixin_argument.MixinArgumentDecorator object at 0x7a41222802c0>, verb_extension=<colcon_core.verb.build.BuildVerb object at 0x7a412224fef0>, main=<bound method BuildVerb.main of <colcon_core.verb.build.BuildVerb object at 0x7a412224fef0>>, mixin_verb=('build',))
[0.097s] Level 1:colcon.colcon_core.package_discovery:discover_packages(colcon_meta) check parameters
[0.098s] Level 1:colcon.colcon_core.package_discovery:discover_packages(recursive) check parameters
[0.098s] Level 1:colcon.colcon_core.package_discovery:discover_packages(ignore) check parameters
[0.098s] Level 1:colcon.colcon_core.package_discovery:discover_packages(path) check parameters
[0.098s] Level 1:colcon.colcon_core.package_discovery:discover_packages(colcon_meta) discover
[0.098s] Level 1:colcon.colcon_core.package_discovery:discover_packages(recursive) discover
[0.098s] INFO:colcon.colcon_core.package_discovery:Crawling recursively for packages in '/home/arnavb/erc_ws/src'
[0.098s] Level 1:colcon.colcon_core.package_identification:_identify(.) by extensions ['ignore', 'ignore_ament_install']
[0.098s] Level 1:colcon.colcon_core.package_identification:_identify(.) by extension 'ignore'
[0.098s] Level 1:colcon.colcon_core.package_identification:_identify(.) by extension 'ignore_ament_install'
[0.098s] Level 1:colcon.colcon_core.package_identification:_identify(.) by extensions ['colcon_pkg']
[0.098s] Level 1:colcon.colcon_core.package_identification:_identify(.) by extension 'colcon_pkg'
[0.098s] Level 1:colcon.colcon_core.package_identification:_identify(.) by extensions ['colcon_meta']
[0.098s] Level 1:colcon.colcon_core.package_identification:_identify(.) by extension 'colcon_meta'
[0.098s] Level 1:colcon.colcon_core.package_identification:_identify(.) by extensions ['ros']
[0.098s] Level 1:colcon.colcon_core.package_identification:_identify(.) by extension 'ros'
[0.116s] Level 1:colcon.colcon_core.package_identification:_identify(.) by extensions ['cmake', 'python']
[0.116s] Level 1:colcon.colcon_core.package_identification:_identify(.) by extension 'cmake'
[0.116s] Level 1:colcon.colcon_core.package_identification:_identify(.) by extension 'python'
[0.116s] Level 1:colcon.colcon_core.package_identification:_identify(.) by extensions ['python_setup_py']
[0.116s] Level 1:colcon.colcon_core.package_identification:_identify(.) by extension 'python_setup_py'
[0.116s] Level 1:colcon.colcon_core.package_identification:_identify(assgn) by extensions ['ignore', 'ignore_ament_install']
[0.116s] Level 1:colcon.colcon_core.package_identification:_identify(assgn) by extension 'ignore'
[0.116s] Level 1:colcon.colcon_core.package_identification:_identify(assgn) by extension 'ignore_ament_install'
[0.116s] Level 1:colcon.colcon_core.package_identification:_identify(assgn) by extensions ['colcon_pkg']
[0.116s] Level 1:colcon.colcon_core.package_identification:_identify(assgn) by extension 'colcon_pkg'
[0.116s] Level 1:colcon.colcon_core.package_identification:_identify(assgn) by extensions ['colcon_meta']
[0.116s] Level 1:colcon.colcon_core.package_identification:_identify(assgn) by extension 'colcon_meta'
[0.116s] Level 1:colcon.colcon_core.package_identification:_identify(assgn) by extensions ['ros']
[0.116s] Level 1:colcon.colcon_core.package_identification:_identify(assgn) by extension 'ros'
[0.118s] DEBUG:colcon.colcon_core.package_identification:Package 'assgn' with type 'ros.ament_python' and name 'assgn'
[0.118s] Level 1:colcon.colcon_core.package_identification:_identify(build) by extensions ['ignore', 'ignore_ament_install']
[0.118s] Level 1:colcon.colcon_core.package_identification:_identify(build) by extension 'ignore'
[0.118s] Level 1:colcon.colcon_core.package_identification:_identify(build) ignored
[0.118s] Level 1:colcon.colcon_core.package_identification:_identify(erc_gazebo_basics) by extensions ['ignore', 'ignore_ament_install']
[0.118s] Level 1:colcon.colcon_core.package_identification:_identify(erc_gazebo_basics) by extension 'ignore'
[0.118s] Level 1:colcon.colcon_core.package_identification:_identify(erc_gazebo_basics) by extension 'ignore_ament_install'
[0.118s] Level 1:colcon.colcon_core.package_identification:_identify(erc_gazebo_basics) by extensions ['colcon_pkg']
[0.118s] Level 1:colcon.colcon_core.package_identification:_identify(erc_gazebo_basics) by extension 'colcon_pkg'
[0.118s] Level 1:colcon.colcon_core.package_identification:_identify(erc_gazebo_basics) by extensions ['colcon_meta']
[0.118s] Level 1:colcon.colcon_core.package_identification:_identify(erc_gazebo_basics) by extension 'colcon_meta'
[0.118s] Level 1:colcon.colcon_core.package_identification:_identify(erc_gazebo_basics) by extensions ['ros']
[0.118s] Level 1:colcon.colcon_core.package_identification:_identify(erc_gazebo_basics) by extension 'ros'
[0.118s] DEBUG:colcon.colcon_core.package_identification:Package 'erc_gazebo_basics' with type 'ros.ament_cmake' and name 'erc_gazebo_basics'
[0.118s] Level 1:colcon.colcon_core.package_identification:_identify(erc_gazebo_sensors) by extensions ['ignore', 'ignore_ament_install']
[0.118s] Level 1:colcon.colcon_core.package_identification:_identify(erc_gazebo_sensors) by extension 'ignore'
[0.118s] Level 1:colcon.colcon_core.package_identification:_identify(erc_gazebo_sensors) by extension 'ignore_ament_install'
[0.118s] Level 1:colcon.colcon_core.package_identification:_identify(erc_gazebo_sensors) by extensions ['colcon_pkg']
[0.119s] Level 1:colcon.colcon_core.package_identification:_identify(erc_gazebo_sensors) by extension 'colcon_pkg'
[0.119s] Level 1:colcon.colcon_core.package_identification:_identify(erc_gazebo_sensors) by extensions ['colcon_meta']
[0.119s] Level 1:colcon.colcon_core.package_identification:_identify(erc_gazebo_sensors) by extension 'colcon_meta'
[0.119s] Level 1:colcon.colcon_core.package_identification:_identify(erc_gazebo_sensors) by extensions ['ros']
[0.119s] Level 1:colcon.colcon_core.package_identification:_identify(erc_gazebo_sensors) by extension 'ros'
[0.119s] DEBUG:colcon.colcon_core.package_identification:Package 'erc_gazebo_sensors' with type 'ros.ament_cmake' and name 'erc_gazebo_sensors'
[0.119s] Level 1:colcon.colcon_core.package_identification:_identify(erc_gazebo_sensors_py) by extensions ['ignore', 'ignore_ament_install']
[0.119s] Level 1:colcon.colcon_core.package_identification:_identify(erc_gazebo_sensors_py) by extension 'ignore'
[0.119s] Level 1:colcon.colcon_core.package_identification:_identify(erc_gazebo_sensors_py) by extension 'ignore_ament_install'
[0.119s] Level 1:colcon.colcon_core.package_identification:_identify(erc_gazebo_sensors_py) by extensions ['colcon_pkg']
[0.119s] Level 1:colcon.colcon_core.package_identification:_identify(erc_gazebo_sensors_py) by extension 'colcon_pkg'
[0.119s] Level 1:colcon.colcon_core.package_identification:_identify(erc_gazebo_sensors_py) by extensions ['colcon_meta']
[0.119s] Level 1:colcon.colcon_core.package_identification:_identify(erc_gazebo_sensors_py) by extension 'colcon_meta'
[0.119s] Level 1:colcon.colcon_core.package_identification:_identify(erc_gazebo_sensors_py) by extensions ['ros']
[0.119s] Level 1:colcon.colcon_core.package_identification:_identify(erc_gazebo_sensors_py) by extension 'ros'
[0.119s] DEBUG:colcon.colcon_core.package_identification:Package 'erc_gazebo_sensors_py' with type 'ros.ament_python' and name 'erc_gazebo_sensors_py'
[0.119s] Level 1:colcon.colcon_core.package_identification:_identify(erc_ros2_navigation) by extensions ['ignore', 'ignore_ament_install']
[0.119s] Level 1:colcon.colcon_core.package_identification:_identify(erc_ros2_navigation) by extension 'ignore'
[0.119s] Level 1:colcon.colcon_core.package_identification:_identify(erc_ros2_navigation) by extension 'ignore_ament_install'
[0.119s] Level 1:colcon.colcon_core.package_identification:_identify(erc_ros2_navigation) by extensions ['colcon_pkg']
[0.119s] Level 1:colcon.colcon_core.package_identification:_identify(erc_ros2_navigation) by extension 'colcon_pkg'
[0.120s] Level 1:colcon.colcon_core.package_identification:_identify(erc_ros2_navigation) by extensions ['colcon_meta']
[0.120s] Level 1:colcon.colcon_core.package_identification:_identify(erc_ros2_navigation) by extension 'colcon_meta'
[0.120s] Level 1:colcon.colcon_core.package_identification:_identify(erc_ros2_navigation) by extensions ['ros']
[0.120s] Level 1:colcon.colcon_core.package_identification:_identify(erc_ros2_navigation) by extension 'ros'
[0.120s] DEBUG:colcon.colcon_core.package_identification:Package 'erc_ros2_navigation' with type 'ros.ament_cmake' and name 'erc_ros2_navigation'
[0.120s] Level 1:colcon.colcon_core.package_identification:_identify(erc_ros2_navigation_py) by extensions ['ignore', 'ignore_ament_install']
[0.120s] Level 1:colcon.colcon_core.package_identification:_identify(erc_ros2_navigation_py) by extension 'ignore'
[0.120s] Level 1:colcon.colcon_core.package_identification:_identify(erc_ros2_navigation_py) by extension 'ignore_ament_install'
[0.120s] Level 1:colcon.colcon_core.package_identification:_identify(erc_ros2_navigation_py) by extensions ['colcon_pkg']
[0.120s] Level 1:colcon.colcon_core.package_identification:_identify(erc_ros2_navigation_py) by extension 'colcon_pkg'
[0.120s] Level 1:colcon.colcon_core.package_identification:_identify(erc_ros2_navigation_py) by extensions ['colcon_meta']
[0.120s] Level 1:colcon.colcon_core.package_identification:_identify(erc_ros2_navigation_py) by extension 'colcon_meta'
[0.120s] Level 1:colcon.colcon_core.package_identification:_identify(erc_ros2_navigation_py) by extensions ['ros']
[0.120s] Level 1:colcon.colcon_core.package_identification:_identify(erc_ros2_navigation_py) by extension 'ros'
[0.120s] DEBUG:colcon.colcon_core.package_identification:Package 'erc_ros2_navigation_py' with type 'ros.ament_python' and name 'erc_ros2_navigation_py'
[0.120s] Level 1:colcon.colcon_core.package_identification:_identify(erc_ros2_simple_arm) by extensions ['ignore', 'ignore_ament_install']
[0.121s] Level 1:colcon.colcon_core.package_identification:_identify(erc_ros2_simple_arm) by extension 'ignore'
[0.121s] Level 1:colcon.colcon_core.package_identification:_identify(erc_ros2_simple_arm) by extension 'ignore_ament_install'
[0.121s] Level 1:colcon.colcon_core.package_identification:_identify(erc_ros2_simple_arm) by extensions ['colcon_pkg']
[0.121s] Level 1:colcon.colcon_core.package_identification:_identify(erc_ros2_simple_arm) by extension 'colcon_pkg'
[0.121s] Level 1:colcon.colcon_core.package_identification:_identify(erc_ros2_simple_arm) by extensions ['colcon_meta']
[0.121s] Level 1:colcon.colcon_core.package_identification:_identify(erc_ros2_simple_arm) by extension 'colcon_meta'
[0.121s] Level 1:colcon.colcon_core.package_identification:_identify(erc_ros2_simple_arm) by extensions ['ros']
[0.121s] Level 1:colcon.colcon_core.package_identification:_identify(erc_ros2_simple_arm) by extension 'ros'
[0.121s] DEBUG:colcon.colcon_core.package_identification:Package 'erc_ros2_simple_arm' with type 'ros.ament_cmake' and name 'erc_ros2_simple_arm'
[0.121s] Level 1:colcon.colcon_core.package_identification:_identify(erc_ros2_simple_arm_py) by extensions ['ignore', 'ignore_ament_install']
[0.121s] Level 1:colcon.colcon_core.package_identification:_identify(erc_ros2_simple_arm_py) by extension 'ignore'
[0.121s] Level 1:colcon.colcon_core.package_identification:_identify(erc_ros2_simple_arm_py) by extension 'ignore_ament_install'
[0.121s] Level 1:colcon.colcon_core.package_identification:_identify(erc_ros2_simple_arm_py) by extensions ['colcon_pkg']
[0.121s] Level 1:colcon.colcon_core.package_identification:_identify(erc_ros2_simple_arm_py) by extension 'colcon_pkg'
[0.121s] Level 1:colcon.colcon_core.package_identification:_identify(erc_ros2_simple_arm_py) by extensions ['colcon_meta']
[0.121s] Level 1:colcon.colcon_core.package_identification:_identify(erc_ros2_simple_arm_py) by extension 'colcon_meta'
[0.121s] Level 1:colcon.colcon_core.package_identification:_identify(erc_ros2_simple_arm_py) by extensions ['ros']
[0.121s] Level 1:colcon.colcon_core.package_identification:_identify(erc_ros2_simple_arm_py) by extension 'ros'
[0.121s] DEBUG:colcon.colcon_core.package_identification:Package 'erc_ros2_simple_arm_py' with type 'ros.ament_python' and name 'erc_ros2_simple_arm_py'
[0.121s] Level 1:colcon.colcon_core.package_identification:_identify(erc_trajectory_server) by extensions ['ignore', 'ignore_ament_install']
[0.121s] Level 1:colcon.colcon_core.package_identification:_identify(erc_trajectory_server) by extension 'ignore'
[0.122s] Level 1:colcon.colcon_core.package_identification:_identify(erc_trajectory_server) by extension 'ignore_ament_install'
[0.122s] Level 1:colcon.colcon_core.package_identification:_identify(erc_trajectory_server) by extensions ['colcon_pkg']
[0.122s] Level 1:colcon.colcon_core.package_identification:_identify(erc_trajectory_server) by extension 'colcon_pkg'
[0.122s] Level 1:colcon.colcon_core.package_identification:_identify(erc_trajectory_server) by extensions ['colcon_meta']
[0.122s] Level 1:colcon.colcon_core.package_identification:_identify(erc_trajectory_server) by extension 'colcon_meta'
[0.122s] Level 1:colcon.colcon_core.package_identification:_identify(erc_trajectory_server) by extensions ['ros']
[0.122s] Level 1:colcon.colcon_core.package_identification:_identify(erc_trajectory_server) by extension 'ros'
[0.122s] DEBUG:colcon.colcon_core.package_identification:Package 'erc_trajectory_server' with type 'ros.ament_python' and name 'erc_trajectory_server'
[0.122s] Level 1:colcon.colcon_core.package_identification:_identify(explore) by extensions ['ignore', 'ignore_ament_install']
[0.122s] Level 1:colcon.colcon_core.package_identification:_identify(explore) by extension 'ignore'
[0.122s] Level 1:colcon.colcon_core.package_identification:_identify(explore) by extension 'ignore_ament_install'
[0.122s] Level 1:colcon.colcon_core.package_identification:_identify(explore) by extensions ['colcon_pkg']
[0.122s] Level 1:colcon.colcon_core.package_identification:_identify(explore) by extension 'colcon_pkg'
[0.122s] Level 1:colcon.colcon_core.package_identification:_identify(explore) by extensions ['colcon_meta']
[0.122s] Level 1:colcon.colcon_core.package_identification:_identify(explore) by extension 'colcon_meta'
[0.122s] Level 1:colcon.colcon_core.package_identification:_identify(explore) by extensions ['ros']
[0.122s] Level 1:colcon.colcon_core.package_identification:_identify(explore) by extension 'ros'
[0.123s] DEBUG:colcon.colcon_core.package_identification:Package 'explore' with type 'ros.ament_cmake' and name 'explore_lite'
[0.123s] Level 1:colcon.colcon_core.package_identification:_identify(install) by extensions ['ignore', 'ignore_ament_install']
[0.123s] Level 1:colcon.colcon_core.package_identification:_identify(install) by extension 'ignore'
[0.123s] Level 1:colcon.colcon_core.package_identification:_identify(install) ignored
[0.123s] Level 1:colcon.colcon_core.package_identification:_identify(log) by extensions ['ignore', 'ignore_ament_install']
[0.123s] Level 1:colcon.colcon_core.package_identification:_identify(log) by extension 'ignore'
[0.123s] Level 1:colcon.colcon_core.package_identification:_identify(log) ignored
[0.123s] Level 1:colcon.colcon_core.package_identification:_identify(mogi_trajectory_server) by extensions ['ignore', 'ignore_ament_install']
[0.123s] Level 1:colcon.colcon_core.package_identification:_identify(mogi_trajectory_server) by extension 'ignore'
[0.123s] Level 1:colcon.colcon_core.package_identification:_identify(mogi_trajectory_server) by extension 'ignore_ament_install'
[0.123s] Level 1:colcon.colcon_core.package_identification:_identify(mogi_trajectory_server) by extensions ['colcon_pkg']
[0.123s] Level 1:colcon.colcon_core.package_identification:_identify(mogi_trajectory_server) by extension 'colcon_pkg'
[0.123s] Level 1:colcon.colcon_core.package_identification:_identify(mogi_trajectory_server) by extensions ['colcon_meta']
[0.123s] Level 1:colcon.colcon_core.package_identification:_identify(mogi_trajectory_server) by extension 'colcon_meta'
[0.123s] Level 1:colcon.colcon_core.package_identification:_identify(mogi_trajectory_server) by extensions ['ros']
[0.123s] Level 1:colcon.colcon_core.package_identification:_identify(mogi_trajectory_server) by extension 'ros'
[0.124s] DEBUG:colcon.colcon_core.package_identification:Package 'mogi_trajectory_server' with type 'ros.ament_python' and name 'mogi_trajectory_server'
[0.124s] Level 1:colcon.colcon_core.package_discovery:discover_packages(recursive) using defaults
[0.124s] Level 1:colcon.colcon_core.package_discovery:discover_packages(ignore) discover
[0.124s] Level 1:colcon.colcon_core.package_discovery:discover_packages(ignore) using defaults
[0.124s] Level 1:colcon.colcon_core.package_discovery:discover_packages(path) discover
[0.124s] Level 1:colcon.colcon_core.package_discovery:discover_packages(path) using defaults
[0.137s] Level 1:colcon.colcon_core.package_discovery:discover_packages(prefix_path) check parameters
[0.137s] Level 1:colcon.colcon_core.package_discovery:discover_packages(prefix_path) discover
[0.139s] DEBUG:colcon.colcon_installed_package_information.package_discovery:Found 13 installed packages in /home/arnavb/erc_ws/src/install
[0.139s] DEBUG:colcon.colcon_installed_package_information.package_discovery:Found 4 installed packages in /home/arnavb/erc_ws/install
[0.139s] DEBUG:colcon.colcon_installed_package_information.package_discovery:Found 1 installed packages in /home/arnavb/erc_ws/src/erc_gazebo_basics/install
[0.141s] DEBUG:colcon.colcon_installed_package_information.package_discovery:Found 434 installed packages in /opt/ros/jazzy
[0.141s] Level 1:colcon.colcon_core.package_discovery:discover_packages(prefix_path) using defaults
[0.176s] Level 5:colcon.colcon_core.verb:set package 'assgn' build argument 'cmake_args' from command line to 'None'
[0.176s] Level 5:colcon.colcon_core.verb:set package 'assgn' build argument 'cmake_target' from command line to 'None'
[0.176s] Level 5:colcon.colcon_core.verb:set package 'assgn' build argument 'cmake_target_skip_unavailable' from command line to 'False'
[0.176s] Level 5:colcon.colcon_core.verb:set package 'assgn' build argument 'cmake_clean_cache' from command line to 'False'
[0.176s] Level 5:colcon.colcon_core.verb:set package 'assgn' build argument 'cmake_clean_first' from command line to 'False'
[0.176s] Level 5:colcon.colcon_core.verb:set package 'assgn' build argument 'cmake_force_configure' from command line to 'False'
[0.176s] Level 5:colcon.colcon_core.verb:set package 'assgn' build argument 'ament_cmake_args' from command line to 'None'
[0.176s] Level 5:colcon.colcon_core.verb:set package 'assgn' build argument 'catkin_cmake_args' from command line to 'None'
[0.176s] Level 5:colcon.colcon_core.verb:set package 'assgn' build argument 'catkin_skip_building_tests' from command line to 'False'
[0.176s] DEBUG:colcon.colcon_core.verb:Building package 'assgn' with the following arguments: {'ament_cmake_args': None, 'build_base': '/home/arnavb/erc_ws/src/build/assgn', 'catkin_cmake_args': None, 'catkin_skip_building_tests': False, 'cmake_args': None, 'cmake_clean_cache': False, 'cmake_clean_first': False, 'cmake_force_configure': False, 'cmake_target': None, 'cmake_target_skip_unavailable': False, 'install_base': '/home/arnavb/erc_ws/src/install/assgn', 'merge_install': False, 'path': '/home/arnavb/erc_ws/src/assgn', 'symlink_install': False, 'test_result_base': None}
[0.177s] Level 5:colcon.colcon_core.verb:set package 'erc_gazebo_basics' build argument 'cmake_args' from command line to 'None'
[0.177s] Level 5:colcon.colcon_core.verb:set package 'erc_gazebo_basics' build argument 'cmake_target' from command line to 'None'
[0.177s] Level 5:colcon.colcon_core.verb:set package 'erc_gazebo_basics' build argument 'cmake_target_skip_unavailable' from command line to 'False'
[0.177s] Level 5:colcon.colcon_core.verb:set package 'erc_gazebo_basics' build argument 'cmake_clean_cache' from command line to 'False'
[0.177s] Level 5:colcon.colcon_core.verb:set package 'erc_gazebo_basics' build argument 'cmake_clean_first' from command line to 'False'
[0.177s] Level 5:colcon.colcon_core.verb:set package 'erc_gazebo_basics' build argument 'cmake_force_configure' from command line to 'False'
[0.177s] Level 5:colcon.colcon_core.verb:set package 'erc_gazebo_basics' build argument 'ament_cmake_args' from command line to 'None'
[0.177s] Level 5:colcon.colcon_core.verb:set package 'erc_gazebo_basics' build argument 'catkin_cmake_args' from command line to 'None'
[0.177s] Level 5:colcon.colcon_core.verb:set package 'erc_gazebo_basics' build argument 'catkin_skip_building_tests' from command line to 'False'
[0.177s] DEBUG:colcon.colcon_core.verb:Building package 'erc_gazebo_basics' with the following arguments: {'ament_cmake_args': None, 'build_base': '/home/arnavb/erc_ws/src/build/erc_gazebo_basics', 'catkin_cmake_args': None, 'catkin_skip_building_tests': False, 'cmake_args': None, 'cmake_clean_cache': False, 'cmake_clean_first': False, 'cmake_force_configure': False, 'cmake_target': None, 'cmake_target_skip_unavailable': False, 'install_base': '/home/arnavb/erc_ws/src/install/erc_gazebo_basics', 'merge_install': False, 'path': '/home/arnavb/erc_ws/src/erc_gazebo_basics', 'symlink_install': False, 'test_result_base': None}
[0.177s] Level 5:colcon.colcon_core.verb:set package 'erc_gazebo_sensors' build argument 'cmake_args' from command line to 'None'
[0.177s] Level 5:colcon.colcon_core.verb:set package 'erc_gazebo_sensors' build argument 'cmake_target' from command line to 'None'
[0.177s] Level 5:colcon.colcon_core.verb:set package 'erc_gazebo_sensors' build argument 'cmake_target_skip_unavailable' from command line to 'False'
[0.177s] Level 5:colcon.colcon_core.verb:set package 'erc_gazebo_sensors' build argument 'cmake_clean_cache' from command line to 'False'
[0.177s] Level 5:colcon.colcon_core.verb:set package 'erc_gazebo_sensors' build argument 'cmake_clean_first' from command line to 'False'
[0.177s] Level 5:colcon.colcon_core.verb:set package 'erc_gazebo_sensors' build argument 'cmake_force_configure' from command line to 'False'
[0.177s] Level 5:colcon.colcon_core.verb:set package 'erc_gazebo_sensors' build argument 'ament_cmake_args' from command line to 'None'
[0.177s] Level 5:colcon.colcon_core.verb:set package 'erc_gazebo_sensors' build argument 'catkin_cmake_args' from command line to 'None'
[0.177s] Level 5:colcon.colcon_core.verb:set package 'erc_gazebo_sensors' build argument 'catkin_skip_building_tests' from command line to 'False'
[0.177s] DEBUG:colcon.colcon_core.verb:Building package 'erc_gazebo_sensors' with the following arguments: {'ament_cmake_args': None, 'build_base': '/home/arnavb/erc_ws/src/build/erc_gazebo_sensors', 'catkin_cmake_args': None, 'catkin_skip_building_tests': False, 'cmake_args': None, 'cmake_clean_cache': False, 'cmake_clean_first': False, 'cmake_force_configure': False, 'cmake_target': None, 'cmake_target_skip_unavailable': False, 'install_base': '/home/arnavb/erc_ws/src/install/erc_gazebo_sensors', 'merge_install': False, 'path': '/home/arnavb/erc_ws/src/erc_gazebo_sensors', 'symlink_install': False, 'test_result_base': None}
[0.177s] Level 5:colcon.colcon_core.verb:set package 'erc_gazebo_sensors_py' build argument 'cmake_args' from command line to 'None'
[0.177s] Level 5:colcon.colcon_core.verb:set package 'erc_gazebo_sensors_py' build argument 'cmake_target' from command line to 'None'
[0.177s] Level 5:colcon.colcon_core.verb:set package 'erc_gazebo_sensors_py' build argument 'cmake_target_skip_unavailable' from command line to 'False'
[0.177s] Level 5:colcon.colcon_core.verb:set package 'erc_gazebo_sensors_py' build argument 'cmake_clean_cache' from command line to 'False'
[0.177s] Level 5:colcon.colcon_core.verb:set package 'erc_gazebo_sensors_py' build argument 'cmake_clean_first' from command line to 'False'
[0.177s] Level 5:colcon.colcon_core.verb:set package 'erc_gazebo_sensors_py' build argument 'cmake_force_configure' from command line to 'False'
[0.177s] Level 5:colcon.colcon_core.verb:set package 'erc_gazebo_sensors_py' build argument 'ament_cmake_args' from command line to 'None'
[0.177s] Level 5:colcon.colcon_core.verb:set package 'erc_gazebo_sensors_py' build argument 'catkin_cmake_args' from command line to 'None'
[0.177s] Level 5:colcon.colcon_core.verb:set package 'erc_gazebo_sensors_py' build argument 'catkin_skip_building_tests' from command line to 'False'
[0.177s] DEBUG:colcon.colcon_core.verb:Building package 'erc_gazebo_sensors_py' with the following arguments: {'ament_cmake_args': None, 'build_base': '/home/arnavb/erc_ws/src/build/erc_gazebo_sensors_py', 'catkin_cmake_args': None, 'catkin_skip_building_tests': False, 'cmake_args': None, 'cmake_clean_cache': False, 'cmake_clean_first': False, 'cmake_force_configure': False, 'cmake_target': None, 'cmake_target_skip_unavailable': False, 'install_base': '/home/arnavb/erc_ws/src/install/erc_gazebo_sensors_py', 'merge_install': False, 'path': '/home/arnavb/erc_ws/src/erc_gazebo_sensors_py', 'symlink_install': False, 'test_result_base': None}
[0.177s] Level 5:colcon.colcon_core.verb:set package 'erc_ros2_navigation' build argument 'cmake_args' from command line to 'None'
[0.177s] Level 5:colcon.colcon_core.verb:set package 'erc_ros2_navigation' build argument 'cmake_target' from command line to 'None'
[0.177s] Level 5:colcon.colcon_core.verb:set package 'erc_ros2_navigation' build argument 'cmake_target_skip_unavailable' from command line to 'False'
[0.177s] Level 5:colcon.colcon_core.verb:set package 'erc_ros2_navigation' build argument 'cmake_clean_cache' from command line to 'False'
[0.177s] Level 5:colcon.colcon_core.verb:set package 'erc_ros2_navigation' build argument 'cmake_clean_first' from command line to 'False'
[0.177s] Level 5:colcon.colcon_core.verb:set package 'erc_ros2_navigation' build argument 'cmake_force_configure' from command line to 'False'
[0.177s] Level 5:colcon.colcon_core.verb:set package 'erc_ros2_navigation' build argument 'ament_cmake_args' from command line to 'None'
[0.177s] Level 5:colcon.colcon_core.verb:set package 'erc_ros2_navigation' build argument 'catkin_cmake_args' from command line to 'None'
[0.177s] Level 5:colcon.colcon_core.verb:set package 'erc_ros2_navigation' build argument 'catkin_skip_building_tests' from command line to 'False'
[0.177s] DEBUG:colcon.colcon_core.verb:Building package 'erc_ros2_navigation' with the following arguments: {'ament_cmake_args': None, 'build_base': '/home/arnavb/erc_ws/src/build/erc_ros2_navigation', 'catkin_cmake_args': None, 'catkin_skip_building_tests': False, 'cmake_args': None, 'cmake_clean_cache': False, 'cmake_clean_first': False, 'cmake_force_configure': False, 'cmake_target': None, 'cmake_target_skip_unavailable': False, 'install_base': '/home/arnavb/erc_ws/src/install/erc_ros2_navigation', 'merge_install': False, 'path': '/home/arnavb/erc_ws/src/erc_ros2_navigation', 'symlink_install': False, 'test_result_base': None}
[0.178s] Level 5:colcon.colcon_core.verb:set package 'erc_ros2_navigation_py' build argument 'cmake_args' from command line to 'None'
[0.178s] Level 5:colcon.colcon_core.verb:set package 'erc_ros2_navigation_py' build argument 'cmake_target' from command line to 'None'
[0.178s] Level 5:colcon.colcon_core.verb:set package 'erc_ros2_navigation_py' build argument 'cmake_target_skip_unavailable' from command line to 'False'
[0.178s] Level 5:colcon.colcon_core.verb:set package 'erc_ros2_navigation_py' build argument 'cmake_clean_cache' from command line to 'False'
[0.178s] Level 5:colcon.colcon_core.verb:set package 'erc_ros2_navigation_py' build argument 'cmake_clean_first' from command line to 'False'
[0.178s] Level 5:colcon.colcon_core.verb:set package 'erc_ros2_navigation_py' build argument 'cmake_force_configure' from command line to 'False'
[0.178s] Level 5:colcon.colcon_core.verb:set package 'erc_ros2_navigation_py' build argument 'ament_cmake_args' from command line to 'None'
[0.178s] Level 5:colcon.colcon_core.verb:set package 'erc_ros2_navigation_py' build argument 'catkin_cmake_args' from command line to 'None'
[0.178s] Level 5:colcon.colcon_core.verb:set package 'erc_ros2_navigation_py' build argument 'catkin_skip_building_tests' from command line to 'False'
[0.178s] DEBUG:colcon.colcon_core.verb:Building package 'erc_ros2_navigation_py' with the following arguments: {'ament_cmake_args': None, 'build_base': '/home/arnavb/erc_ws/src/build/erc_ros2_navigation_py', 'catkin_cmake_args': None, 'catkin_skip_building_tests': False, 'cmake_args': None, 'cmake_clean_cache': False, 'cmake_clean_first': False, 'cmake_force_configure': False, 'cmake_target': None, 'cmake_target_skip_unavailable': False, 'install_base': '/home/arnavb/erc_ws/src/install/erc_ros2_navigation_py', 'merge_install': False, 'path': '/home/arnavb/erc_ws/src/erc_ros2_navigation_py', 'symlink_install': False, 'test_result_base': None}
[0.178s] Level 5:colcon.colcon_core.verb:set package 'erc_ros2_simple_arm' build argument 'cmake_args' from command line to 'None'
[0.178s] Level 5:colcon.colcon_core.verb:set package 'erc_ros2_simple_arm' build argument 'cmake_target' from command line to 'None'
[0.178s] Level 5:colcon.colcon_core.verb:set package 'erc_ros2_simple_arm' build argument 'cmake_target_skip_unavailable' from command line to 'False'
[0.178s] Level 5:colcon.colcon_core.verb:set package 'erc_ros2_simple_arm' build argument 'cmake_clean_cache' from command line to 'False'
[0.178s] Level 5:colcon.colcon_core.verb:set package 'erc_ros2_simple_arm' build argument 'cmake_clean_first' from command line to 'False'
[0.178s] Level 5:colcon.colcon_core.verb:set package 'erc_ros2_simple_arm' build argument 'cmake_force_configure' from command line to 'False'
[0.178s] Level 5:colcon.colcon_core.verb:set package 'erc_ros2_simple_arm' build argument 'ament_cmake_args' from command line to 'None'
[0.178s] Level 5:colcon.colcon_core.verb:set package 'erc_ros2_simple_arm' build argument 'catkin_cmake_args' from command line to 'None'
[0.178s] Level 5:colcon.colcon_core.verb:set package 'erc_ros2_simple_arm' build argument 'catkin_skip_building_tests' from command line to 'False'
[0.178s] DEBUG:colcon.colcon_core.verb:Building package 'erc_ros2_simple_arm' with the following arguments: {'ament_cmake_args': None, 'build_base': '/home/arnavb/erc_ws/src/build/erc_ros2_simple_arm', 'catkin_cmake_args': None, 'catkin_skip_building_tests': False, 'cmake_args': None, 'cmake_clean_cache': False, 'cmake_clean_first': False, 'cmake_force_configure': False, 'cmake_target': None, 'cmake_target_skip_unavailable': False, 'install_base': '/home/arnavb/erc_ws/src/install/erc_ros2_simple_arm', 'merge_install': False, 'path': '/home/arnavb/erc_ws/src/erc_ros2_simple_arm', 'symlink_install': False, 'test_result_base': None}
[0.178s] Level 5:colcon.colcon_core.verb:set package 'erc_ros2_simple_arm_py' build argument 'cmake_args' from command line to 'None'
[0.178s] Level 5:colcon.colcon_core.verb:set package 'erc_ros2_simple_arm_py' build argument 'cmake_target' from command line to 'None'
[0.178s] Level 5:colcon.colcon_core.verb:set package 'erc_ros2_simple_arm_py' build argument 'cmake_target_skip_unavailable' from command line to 'False'
[0.178s] Level 5:colcon.colcon_core.verb:set package 'erc_ros2_simple_arm_py' build argument 'cmake_clean_cache' from command line to 'False'
[0.178s] Level 5:colcon.colcon_core.verb:set package 'erc_ros2_simple_arm_py' build argument 'cmake_clean_first' from command line to 'False'
[0.178s] Level 5:colcon.colcon_core.verb:set package 'erc_ros2_simple_arm_py' build argument 'cmake_force_configure' from command line to 'False'
[0.178s] Level 5:colcon.colcon_core.verb:set package 'erc_ros2_simple_arm_py' build argument 'ament_cmake_args' from command line to 'None'
[0.178s] Level 5:colcon.colcon_core.verb:set package 'erc_ros2_simple_arm_py' build argument 'catkin_cmake_args' from command line to 'None'
[0.178s] Level 5:colcon.colcon_core.verb:set package 'erc_ros2_simple_arm_py' build argument 'catkin_skip_building_tests' from command line to 'False'
[0.178s] DEBUG:colcon.colcon_core.verb:Building package 'erc_ros2_simple_arm_py' with the following arguments: {'ament_cmake_args': None, 'build_base': '/home/arnavb/erc_ws/src/build/erc_ros2_simple_arm_py', 'catkin_cmake_args': None, 'catkin_skip_building_tests': False, 'cmake_args': None, 'cmake_clean_cache': False, 'cmake_clean_first': False, 'cmake_force_configure': False, 'cmake_target': None, 'cmake_target_skip_unavailable': False, 'install_base': '/home/arnavb/erc_ws/src/install/erc_ros2_simple_arm_py', 'merge_install': False, 'path': '/home/arnavb/erc_ws/src/erc_ros2_simple_arm_py', 'symlink_install': False, 'test_result_base': None}
[0.178s] Level 5:colcon.colcon_core.verb:set package 'erc_trajectory_server' build argument 'cmake_args' from command line to 'None'
[0.178s] Level 5:colcon.colcon_core.verb:set package 'erc_trajectory_server' build argument 'cmake_target' from command line to 'None'
[0.178s] Level 5:colcon.colcon_core.verb:set package 'erc_trajectory_server' build argument 'cmake_target_skip_unavailable' from command line to 'False'
[0.178s] Level 5:colcon.colcon_core.verb:set package 'erc_trajectory_server' build argument 'cmake_clean_cache' from command line to 'False'
[0.178s] Level 5:colcon.colcon_core.verb:set package 'erc_trajectory_server' build argument 'cmake_clean_first' from command line to 'False'
[0.178s] Level 5:colcon.colcon_core.verb:set package 'erc_trajectory_server' build argument 'cmake_force_configure' from command line to 'False'
[0.178s] Level 5:colcon.colcon_core.verb:set package 'erc_trajectory_server' build argument 'ament_cmake_args' from command line to 'None'
[0.178s] Level 5:colcon.colcon_core.verb:set package 'erc_trajectory_server' build argument 'catkin_cmake_args' from command line to 'None'
[0.178s] Level 5:colcon.colcon_core.verb:set package 'erc_trajectory_server' build argument 'catkin_skip_building_tests' from command line to 'False'
[0.178s] DEBUG:colcon.colcon_core.verb:Building package 'erc_trajectory_server' with the following arguments: {'ament_cmake_args': None, 'build_base': '/home/arnavb/erc_ws/src/build/erc_trajectory_server', 'catkin_cmake_args': None, 'catkin_skip_building_tests': False, 'cmake_args': None, 'cmake_clean_cache': False, 'cmake_clean_first': False, 'cmake_force_configure': False, 'cmake_target': None, 'cmake_target_skip_unavailable': False, 'install_base': '/home/arnavb/erc_ws/src/install/erc_trajectory_server', 'merge_install': False, 'path': '/home/arnavb/erc_ws/src/erc_trajectory_server', 'symlink_install': False, 'test_result_base': None}
[0.179s] Level 5:colcon.colcon_core.verb:set package 'explore_lite' build argument 'cmake_args' from command line to 'None'
[0.179s] Level 5:colcon.colcon_core.verb:set package 'explore_lite' build argument 'cmake_target' from command line to 'None'
[0.179s] Level 5:colcon.colcon_core.verb:set package 'explore_lite' build argument 'cmake_target_skip_unavailable' from command line to 'False'
[0.179s] Level 5:colcon.colcon_core.verb:set package 'explore_lite' build argument 'cmake_clean_cache' from command line to 'False'
[0.179s] Level 5:colcon.colcon_core.verb:set package 'explore_lite' build argument 'cmake_clean_first' from command line to 'False'
[0.179s] Level 5:colcon.colcon_core.verb:set package 'explore_lite' build argument 'cmake_force_configure' from command line to 'False'
[0.179s] Level 5:colcon.colcon_core.verb:set package 'explore_lite' build argument 'ament_cmake_args' from command line to 'None'
[0.179s] Level 5:colcon.colcon_core.verb:set package 'explore_lite' build argument 'catkin_cmake_args' from command line to 'None'
[0.179s] Level 5:colcon.colcon_core.verb:set package 'explore_lite' build argument 'catkin_skip_building_tests' from command line to 'False'
[0.179s] DEBUG:colcon.colcon_core.verb:Building package 'explore_lite' with the following arguments: {'ament_cmake_args': None, 'build_base': '/home/arnavb/erc_ws/src/build/explore_lite', 'catkin_cmake_args': None, 'catkin_skip_building_tests': False, 'cmake_args': None, 'cmake_clean_cache': False, 'cmake_clean_first': False, 'cmake_force_configure': False, 'cmake_target': None, 'cmake_target_skip_unavailable': False, 'install_base': '/home/arnavb/erc_ws/src/install/explore_lite', 'merge_install': False, 'path': '/home/arnavb/erc_ws/src/explore', 'symlink_install': False, 'test_result_base': None}
[0.179s] Level 5:colcon.colcon_core.verb:set package 'mogi_trajectory_server' build argument 'cmake_args' from command line to 'None'
[0.179s] Level 5:colcon.colcon_core.verb:set package 'mogi_trajectory_server' build argument 'cmake_target' from command line to 'None'
[0.179s] Level 5:colcon.colcon_core.verb:set package 'mogi_trajectory_server' build argument 'cmake_target_skip_unavailable' from command line to 'False'
[0.179s] Level 5:colcon.colcon_core.verb:set package 'mogi_trajectory_server' build argument 'cmake_clean_cache' from command line to 'False'
[0.179s] Level 5:colcon.colcon_core.verb:set package 'mogi_trajectory_server' build argument 'cmake_clean_first' from command line to 'False'
[0.179s] Level 5:colcon.colcon_core.verb:set package 'mogi_trajectory_server' build argument 'cmake_force_configure' from command line to 'False'
[0.179s] Level 5:colcon.colcon_core.verb:set package 'mogi_trajectory_server' build argument 'ament_cmake_args' from command line to 'None'
[0.179s] Level 5:colcon.colcon_core.verb:set package 'mogi_trajectory_server' build argument 'catkin_cmake_args' from command line to 'None'
[0.179s] Level 5:colcon.colcon_core.verb:set package 'mogi_trajectory_server' build argument 'catkin_skip_building_tests' from command line to 'False'
[0.179s] DEBUG:colcon.colcon_core.verb:Building package 'mogi_trajectory_server' with the following arguments: {'ament_cmake_args': None, 'build_base': '/home/arnavb/erc_ws/src/build/mogi_trajectory_server', 'catkin_cmake_args': None, 'catkin_skip_building_tests': False, 'cmake_args': None, 'cmake_clean_cache': False, 'cmake_clean_first': False, 'cmake_force_configure': False, 'cmake_target': None, 'cmake_target_skip_unavailable': False, 'install_base': '/home/arnavb/erc_ws/src/install/mogi_trajectory_server', 'merge_install': False, 'path': '/home/arnavb/erc_ws/src/mogi_trajectory_server', 'symlink_install': False, 'test_result_base': None}
[0.179s] INFO:colcon.colcon_core.executor:Executing jobs using 'parallel' executor
[0.180s] DEBUG:colcon.colcon_parallel_executor.executor.parallel:run_until_complete
[0.180s] INFO:colcon.colcon_ros.task.ament_python.build:Building ROS package in '/home/arnavb/erc_ws/src/assgn' with build type 'ament_python'
[0.180s] Level 1:colcon.colcon_core.shell:create_environment_hook('assgn', 'ament_prefix_path')
[0.181s] INFO:colcon.colcon_core.plugin_system:Skipping extension 'colcon_core.shell.bat': Not used on non-Windows systems
[0.182s] INFO:colcon.colcon_core.shell:Creating environment hook '/home/arnavb/erc_ws/src/install/assgn/share/assgn/hook/ament_prefix_path.ps1'
[0.182s] INFO:colcon.colcon_core.shell:Creating environment descriptor '/home/arnavb/erc_ws/src/install/assgn/share/assgn/hook/ament_prefix_path.dsv'
[0.182s] INFO:colcon.colcon_core.shell:Creating environment hook '/home/arnavb/erc_ws/src/install/assgn/share/assgn/hook/ament_prefix_path.sh'
[0.183s] INFO:colcon.colcon_core.shell:Skip shell extension 'powershell' for command environment: Not usable outside of PowerShell
[0.183s] DEBUG:colcon.colcon_core.shell:Skip shell extension 'dsv' for command environment
[0.186s] INFO:colcon.colcon_ros.task.ament_cmake.build:Building ROS package in '/home/arnavb/erc_ws/src/erc_gazebo_basics' with build type 'ament_cmake'
[0.186s] INFO:colcon.colcon_cmake.task.cmake.build:Building CMake package in '/home/arnavb/erc_ws/src/erc_gazebo_basics'
[0.186s] INFO:colcon.colcon_core.shell:Skip shell extension 'powershell' for command environment: Not usable outside of PowerShell
[0.186s] DEBUG:colcon.colcon_core.shell:Skip shell extension 'dsv' for command environment
[0.189s] INFO:colcon.colcon_ros.task.ament_cmake.build:Building ROS package in '/home/arnavb/erc_ws/src/erc_gazebo_sensors' with build type 'ament_cmake'
[0.189s] INFO:colcon.colcon_cmake.task.cmake.build:Building CMake package in '/home/arnavb/erc_ws/src/erc_gazebo_sensors'
[0.189s] INFO:colcon.colcon_core.shell:Skip shell extension 'powershell' for command environment: Not usable outside of PowerShell
[0.189s] DEBUG:colcon.colcon_core.shell:Skip shell extension 'dsv' for command environment
[0.192s] INFO:colcon.colcon_ros.task.ament_python.build:Building ROS package in '/home/arnavb/erc_ws/src/erc_gazebo_sensors_py' with build type 'ament_python'
[0.192s] Level 1:colcon.colcon_core.shell:create_environment_hook('erc_gazebo_sensors_py', 'ament_prefix_path')
[0.193s] INFO:colcon.colcon_core.shell:Creating environment hook '/home/arnavb/erc_ws/src/install/erc_gazebo_sensors_py/share/erc_gazebo_sensors_py/hook/ament_prefix_path.ps1'
[0.193s] INFO:colcon.colcon_core.shell:Creating environment descriptor '/home/arnavb/erc_ws/src/install/erc_gazebo_sensors_py/share/erc_gazebo_sensors_py/hook/ament_prefix_path.dsv'
[0.193s] INFO:colcon.colcon_core.shell:Creating environment hook '/home/arnavb/erc_ws/src/install/erc_gazebo_sensors_py/share/erc_gazebo_sensors_py/hook/ament_prefix_path.sh'
[0.193s] INFO:colcon.colcon_core.shell:Skip shell extension 'powershell' for command environment: Not usable outside of PowerShell
[0.193s] DEBUG:colcon.colcon_core.shell:Skip shell extension 'dsv' for command environment
[0.196s] INFO:colcon.colcon_ros.task.ament_cmake.build:Building ROS package in '/home/arnavb/erc_ws/src/erc_ros2_navigation' with build type 'ament_cmake'
[0.196s] INFO:colcon.colcon_cmake.task.cmake.build:Building CMake package in '/home/arnavb/erc_ws/src/erc_ros2_navigation'
[0.196s] INFO:colcon.colcon_core.shell:Skip shell extension 'powershell' for command environment: Not usable outside of PowerShell
[0.196s] DEBUG:colcon.colcon_core.shell:Skip shell extension 'dsv' for command environment
[0.199s] INFO:colcon.colcon_ros.task.ament_python.build:Building ROS package in '/home/arnavb/erc_ws/src/erc_ros2_navigation_py' with build type 'ament_python'
[0.199s] Level 1:colcon.colcon_core.shell:create_environment_hook('erc_ros2_navigation_py', 'ament_prefix_path')
[0.199s] INFO:colcon.colcon_core.shell:Creating environment hook '/home/arnavb/erc_ws/src/install/erc_ros2_navigation_py/share/erc_ros2_navigation_py/hook/ament_prefix_path.ps1'
[0.200s] INFO:colcon.colcon_core.shell:Creating environment descriptor '/home/arnavb/erc_ws/src/install/erc_ros2_navigation_py/share/erc_ros2_navigation_py/hook/ament_prefix_path.dsv'
[0.200s] INFO:colcon.colcon_core.shell:Creating environment hook '/home/arnavb/erc_ws/src/install/erc_ros2_navigation_py/share/erc_ros2_navigation_py/hook/ament_prefix_path.sh'
[0.200s] INFO:colcon.colcon_core.shell:Skip shell extension 'powershell' for command environment: Not usable outside of PowerShell
[0.200s] DEBUG:colcon.colcon_core.shell:Skip shell extension 'dsv' for command environment
[0.203s] INFO:colcon.colcon_ros.task.ament_cmake.build:Building ROS package in '/home/arnavb/erc_ws/src/erc_ros2_simple_arm' with build type 'ament_cmake'
[0.203s] INFO:colcon.colcon_cmake.task.cmake.build:Building CMake package in '/home/arnavb/erc_ws/src/erc_ros2_simple_arm'
[0.203s] INFO:colcon.colcon_core.shell:Skip shell extension 'powershell' for command environment: Not usable outside of PowerShell
[0.203s] DEBUG:colcon.colcon_core.shell:Skip shell extension 'dsv' for command environment
[0.206s] INFO:colcon.colcon_ros.task.ament_python.build:Building ROS package in '/home/arnavb/erc_ws/src/erc_ros2_simple_arm_py' with build type 'ament_python'
[0.206s] Level 1:colcon.colcon_core.shell:create_environment_hook('erc_ros2_simple_arm_py', 'ament_prefix_path')
[0.206s] INFO:colcon.colcon_core.shell:Creating environment hook '/home/arnavb/erc_ws/src/install/erc_ros2_simple_arm_py/share/erc_ros2_simple_arm_py/hook/ament_prefix_path.ps1'
[0.206s] INFO:colcon.colcon_core.shell:Creating environment descriptor '/home/arnavb/erc_ws/src/install/erc_ros2_simple_arm_py/share/erc_ros2_simple_arm_py/hook/ament_prefix_path.dsv'
[0.206s] INFO:colcon.colcon_core.shell:Creating environment hook '/home/arnavb/erc_ws/src/install/erc_ros2_simple_arm_py/share/erc_ros2_simple_arm_py/hook/ament_prefix_path.sh'
[0.207s] INFO:colcon.colcon_core.shell:Skip shell extension 'powershell' for command environment: Not usable outside of PowerShell
[0.207s] DEBUG:colcon.colcon_core.shell:Skip shell extension 'dsv' for command environment
[0.217s] INFO:colcon.colcon_ros.task.ament_python.build:Building ROS package in '/home/arnavb/erc_ws/src/erc_trajectory_server' with build type 'ament_python'
[0.217s] Level 1:colcon.colcon_core.shell:create_environment_hook('erc_trajectory_server', 'ament_prefix_path')
[0.217s] INFO:colcon.colcon_core.shell:Creating environment hook '/home/arnavb/erc_ws/src/install/erc_trajectory_server/share/erc_trajectory_server/hook/ament_prefix_path.ps1'
[0.217s] INFO:colcon.colcon_core.shell:Creating environment descriptor '/home/arnavb/erc_ws/src/install/erc_trajectory_server/share/erc_trajectory_server/hook/ament_prefix_path.dsv'
[0.217s] INFO:colcon.colcon_core.shell:Creating environment hook '/home/arnavb/erc_ws/src/install/erc_trajectory_server/share/erc_trajectory_server/hook/ament_prefix_path.sh'
[0.218s] INFO:colcon.colcon_core.shell:Skip shell extension 'powershell' for command environment: Not usable outside of PowerShell
[0.218s] DEBUG:colcon.colcon_core.shell:Skip shell extension 'dsv' for command environment
[0.221s] INFO:colcon.colcon_ros.task.ament_cmake.build:Building ROS package in '/home/arnavb/erc_ws/src/explore' with build type 'ament_cmake'
[0.221s] INFO:colcon.colcon_cmake.task.cmake.build:Building CMake package in '/home/arnavb/erc_ws/src/explore'
[0.221s] INFO:colcon.colcon_core.shell:Skip shell extension 'powershell' for command environment: Not usable outside of PowerShell
[0.221s] DEBUG:colcon.colcon_core.shell:Skip shell extension 'dsv' for command environment
[0.224s] INFO:colcon.colcon_ros.task.ament_python.build:Building ROS package in '/home/arnavb/erc_ws/src/mogi_trajectory_server' with build type 'ament_python'
[0.224s] Level 1:colcon.colcon_core.shell:create_environment_hook('mogi_trajectory_server', 'ament_prefix_path')
[0.224s] INFO:colcon.colcon_core.shell:Creating environment hook '/home/arnavb/erc_ws/src/install/mogi_trajectory_server/share/mogi_trajectory_server/hook/ament_prefix_path.ps1'
[0.224s] INFO:colcon.colcon_core.shell:Creating environment descriptor '/home/arnavb/erc_ws/src/install/mogi_trajectory_server/share/mogi_trajectory_server/hook/ament_prefix_path.dsv'
[0.224s] INFO:colcon.colcon_core.shell:Creating environment hook '/home/arnavb/erc_ws/src/install/mogi_trajectory_server/share/mogi_trajectory_server/hook/ament_prefix_path.sh'
[0.224s] INFO:colcon.colcon_core.shell:Skip shell extension 'powershell' for command environment: Not usable outside of PowerShell
[0.224s] DEBUG:colcon.colcon_core.shell:Skip shell extension 'dsv' for command environment
[0.381s] INFO:colcon.colcon_core.task.python.build:Building Python package in '/home/arnavb/erc_ws/src/assgn'
[0.382s] INFO:colcon.colcon_core.shell:Skip shell extension 'powershell' for command environment: Not usable outside of PowerShell
[0.382s] DEBUG:colcon.colcon_core.shell:Skip shell extension 'dsv' for command environment
[0.387s] DEBUG:colcon.colcon_core.event_handler.log_command:Invoking command in '/home/arnavb/erc_ws/src/build/erc_gazebo_basics': CMAKE_PREFIX_PATH=${CMAKE_PREFIX_PATH}:/home/arnavb/erc_ws/src/install/week1_tutorials:/home/arnavb/erc_ws/src/install/stark_os:/home/arnavb/erc_ws/src/install/mogi_trajectory_server:/home/arnavb/erc_ws/src/install/erc_trajectory_server:/home/arnavb/erc_ws/src/install/erc_ros2_simple_arm_py:/home/arnavb/erc_ws/src/install/erc_ros2_navigation_py:/home/arnavb/erc_ws/src/install/erc_gazebo_sensors_py:/home/arnavb/erc_ws/src/install/assgn:/home/arnavb/erc_ws/install/week1_tutorials:/home/arnavb/erc_ws/install/stark_os:/home/arnavb/erc_ws/install/mogi_trajectory_server:/opt/ros/jazzy DEBUGINFOD_URLS=https://debuginfod.ubuntu.com /usr/bin/cmake --build /home/arnavb/erc_ws/src/build/erc_gazebo_basics -- -j20 -l20
[0.388s] DEBUG:colcon.colcon_core.event_handler.log_command:Invoking command in '/home/arnavb/erc_ws/src/build/erc_gazebo_sensors': CMAKE_PREFIX_PATH=${CMAKE_PREFIX_PATH}:/home/arnavb/erc_ws/src/install/week1_tutorials:/home/arnavb/erc_ws/src/install/stark_os:/home/arnavb/erc_ws/src/install/mogi_trajectory_server:/home/arnavb/erc_ws/src/install/erc_trajectory_server:/home/arnavb/erc_ws/src/install/erc_ros2_simple_arm_py:/home/arnavb/erc_ws/src/install/erc_ros2_navigation_py:/home/arnavb/erc_ws/src/install/erc_gazebo_sensors_py:/home/arnavb/erc_ws/src/install/assgn:/home/arnavb/erc_ws/install/week1_tutorials:/home/arnavb/erc_ws/install/stark_os:/home/arnavb/erc_ws/install/mogi_trajectory_server:/opt/ros/jazzy DEBUGINFOD_URLS=https://debuginfod.ubuntu.com /usr/bin/cmake --build /home/arnavb/erc_ws/src/build/erc_gazebo_sensors -- -j20 -l20
[0.549s] INFO:colcon.colcon_core.task.python.build:Building Python package in '/home/arnavb/erc_ws/src/erc_gazebo_sensors_py'
[0.549s] INFO:colcon.colcon_core.shell:Skip shell extension 'powershell' for command environment: Not usable outside of PowerShell
[0.549s] DEBUG:colcon.colcon_core.shell:Skip shell extension 'dsv' for command environment
[0.554s] DEBUG:colcon.colcon_core.event_handler.log_command:Invoking command in '/home/arnavb/erc_ws/src/build/erc_ros2_navigation': CMAKE_PREFIX_PATH=${CMAKE_PREFIX_PATH}:/home/arnavb/erc_ws/src/install/week1_tutorials:/home/arnavb/erc_ws/src/install/stark_os:/home/arnavb/erc_ws/src/install/mogi_trajectory_server:/home/arnavb/erc_ws/src/install/erc_trajectory_server:/home/arnavb/erc_ws/src/install/erc_ros2_simple_arm_py:/home/arnavb/erc_ws/src/install/erc_ros2_navigation_py:/home/arnavb/erc_ws/src/install/erc_gazebo_sensors_py:/home/arnavb/erc_ws/src/install/assgn:/home/arnavb/erc_ws/install/week1_tutorials:/home/arnavb/erc_ws/install/stark_os:/home/arnavb/erc_ws/install/mogi_trajectory_server:/opt/ros/jazzy DEBUGINFOD_URLS=https://debuginfod.ubuntu.com /usr/bin/cmake --build /home/arnavb/erc_ws/src/build/erc_ros2_navigation -- -j20 -l20
[0.710s] INFO:colcon.colcon_core.task.python.build:Building Python package in '/home/arnavb/erc_ws/src/erc_ros2_navigation_py'
[0.710s] INFO:colcon.colcon_core.shell:Skip shell extension 'powershell' for command environment: Not usable outside of PowerShell
[0.710s] DEBUG:colcon.colcon_core.shell:Skip shell extension 'dsv' for command environment
[0.715s] DEBUG:colcon.colcon_core.event_handler.log_command:Invoking command in '/home/arnavb/erc_ws/src/build/erc_ros2_simple_arm': CMAKE_PREFIX_PATH=${CMAKE_PREFIX_PATH}:/home/arnavb/erc_ws/src/install/week1_tutorials:/home/arnavb/erc_ws/src/install/stark_os:/home/arnavb/erc_ws/src/install/mogi_trajectory_server:/home/arnavb/erc_ws/src/install/erc_trajectory_server:/home/arnavb/erc_ws/src/install/erc_ros2_simple_arm_py:/home/arnavb/erc_ws/src/install/erc_ros2_navigation_py:/home/arnavb/erc_ws/src/install/erc_gazebo_sensors_py:/home/arnavb/erc_ws/src/install/assgn:/home/arnavb/erc_ws/install/week1_tutorials:/home/arnavb/erc_ws/install/stark_os:/home/arnavb/erc_ws/install/mogi_trajectory_server:/opt/ros/jazzy DEBUGINFOD_URLS=https://debuginfod.ubuntu.com /usr/bin/cmake --build /home/arnavb/erc_ws/src/build/erc_ros2_simple_arm -- -j20 -l20
[0.861s] INFO:colcon.colcon_core.task.python.build:Building Python package in '/home/arnavb/erc_ws/src/erc_ros2_simple_arm_py'
[0.862s] INFO:colcon.colcon_core.shell:Skip shell extension 'powershell' for command environment: Not usable outside of PowerShell
[0.862s] DEBUG:colcon.colcon_core.shell:Skip shell extension 'dsv' for command environment
[1.020s] INFO:colcon.colcon_core.task.python.build:Building Python package in '/home/arnavb/erc_ws/src/erc_trajectory_server'
[1.021s] INFO:colcon.colcon_core.shell:Skip shell extension 'powershell' for command environment: Not usable outside of PowerShell
[1.021s] DEBUG:colcon.colcon_core.shell:Skip shell extension 'dsv' for command environment
[1.026s] DEBUG:colcon.colcon_core.event_handler.log_command:Invoking command in '/home/arnavb/erc_ws/src/build/explore_lite': CMAKE_PREFIX_PATH=${CMAKE_PREFIX_PATH}:/home/arnavb/erc_ws/src/install/week1_tutorials:/home/arnavb/erc_ws/src/install/stark_os:/home/arnavb/erc_ws/src/install/mogi_trajectory_server:/home/arnavb/erc_ws/src/install/erc_trajectory_server:/home/arnavb/erc_ws/src/install/erc_ros2_simple_arm_py:/home/arnavb/erc_ws/src/install/erc_ros2_navigation_py:/home/arnavb/erc_ws/src/install/erc_gazebo_sensors_py:/home/arnavb/erc_ws/src/install/assgn:/home/arnavb/erc_ws/install/week1_tutorials:/home/arnavb/erc_ws/install/stark_os:/home/arnavb/erc_ws/install/mogi_trajectory_server:/opt/ros/jazzy DEBUGINFOD_URLS=https://debuginfod.ubuntu.com /usr/bin/cmake --build /home/arnavb/erc_ws/src/build/explore_lite -- -j20 -l20
[1.181s] INFO:colcon.colcon_core.task.python.build:Building Python package in '/home/arnavb/erc_ws/src/mogi_trajectory_server'
[1.181s] INFO:colcon.colcon_core.shell:Skip shell extension 'powershell' for command environment: Not usable outside of PowerShell
[1.181s] DEBUG:colcon.colcon_core.shell:Skip shell extension 'dsv' for command environment
[1.186s] DEBUG:colcon.colcon_core.event_handler.log_command:Invoked command in '/home/arnavb/erc_ws/src/build/erc_gazebo_basics' returned '0': CMAKE_PREFIX_PATH=${CMAKE_PREFIX_PATH}:/home/arnavb/erc_ws/src/install/week1_tutorials:/home/arnavb/erc_ws/src/install/stark_os:/home/arnavb/erc_ws/src/install/mogi_trajectory_server:/home/arnavb/erc_ws/src/install/erc_trajectory_server:/home/arnavb/erc_ws/src/install/erc_ros2_simple_arm_py:/home/arnavb/erc_ws/src/install/erc_ros2_navigation_py:/home/arnavb/erc_ws/src/install/erc_gazebo_sensors_py:/home/arnavb/erc_ws/src/install/assgn:/home/arnavb/erc_ws/install/week1_tutorials:/home/arnavb/erc_ws/install/stark_os:/home/arnavb/erc_ws/install/mogi_trajectory_server:/opt/ros/jazzy DEBUGINFOD_URLS=https://debuginfod.ubuntu.com /usr/bin/cmake --build /home/arnavb/erc_ws/src/build/erc_gazebo_basics -- -j20 -l20
[1.196s] DEBUG:colcon.colcon_core.event_handler.log_command:Invoking command in '/home/arnavb/erc_ws/src/build/erc_gazebo_basics': CMAKE_PREFIX_PATH=${CMAKE_PREFIX_PATH}:/home/arnavb/erc_ws/src/install/week1_tutorials:/home/arnavb/erc_ws/src/install/stark_os:/home/arnavb/erc_ws/src/install/mogi_trajectory_server:/home/arnavb/erc_ws/src/install/erc_trajectory_server:/home/arnavb/erc_ws/src/install/erc_ros2_simple_arm_py:/home/arnavb/erc_ws/src/install/erc_ros2_navigation_py:/home/arnavb/erc_ws/src/install/erc_gazebo_sensors_py:/home/arnavb/erc_ws/src/install/assgn:/home/arnavb/erc_ws/install/week1_tutorials:/home/arnavb/erc_ws/install/stark_os:/home/arnavb/erc_ws/install/mogi_trajectory_server:/opt/ros/jazzy DEBUGINFOD_URLS=https://debuginfod.ubuntu.com /usr/bin/cmake --install /home/arnavb/erc_ws/src/build/erc_gazebo_basics
[1.196s] DEBUG:colcon.colcon_core.event_handler.log_command:Invoked command in '/home/arnavb/erc_ws/src/build/erc_gazebo_sensors' returned '0': CMAKE_PREFIX_PATH=${CMAKE_PREFIX_PATH}:/home/arnavb/erc_ws/src/install/week1_tutorials:/home/arnavb/erc_ws/src/install/stark_os:/home/arnavb/erc_ws/src/install/mogi_trajectory_server:/home/arnavb/erc_ws/src/install/erc_trajectory_server:/home/arnavb/erc_ws/src/install/erc_ros2_simple_arm_py:/home/arnavb/erc_ws/src/install/erc_ros2_navigation_py:/home/arnavb/erc_ws/src/install/erc_gazebo_sensors_py:/home/arnavb/erc_ws/src/install/assgn:/home/arnavb/erc_ws/install/week1_tutorials:/home/arnavb/erc_ws/install/stark_os:/home/arnavb/erc_ws/install/mogi_trajectory_server:/opt/ros/jazzy DEBUGINFOD_URLS=https://debuginfod.ubuntu.com /usr/bin/cmake --build /home/arnavb/erc_ws/src/build/erc_gazebo_sensors -- -j20 -l20
[1.197s] DEBUG:colcon.colcon_core.event_handler.log_command:Invoking command in '/home/arnavb/erc_ws/src/build/erc_gazebo_sensors': CMAKE_PREFIX_PATH=${CMAKE_PREFIX_PATH}:/home/arnavb/erc_ws/src/install/week1_tutorials:/home/arnavb/erc_ws/src/install/stark_os:/home/arnavb/erc_ws/src/install/mogi_trajectory_server:/home/arnavb/erc_ws/src/install/erc_trajectory_server:/home/arnavb/erc_ws/src/install/erc_ros2_simple_arm_py:/home/arnavb/erc_ws/src/install/erc_ros2_navigation_py:/home/arnavb/erc_ws/src/install/erc_gazebo_sensors_py:/home/arnavb/erc_ws/src/install/assgn:/home/arnavb/erc_ws/install/week1_tutorials:/home/arnavb/erc_ws/install/stark_os:/home/arnavb/erc_ws/install/mogi_trajectory_server:/opt/ros/jazzy DEBUGINFOD_URLS=https://debuginfod.ubuntu.com /usr/bin/cmake --install /home/arnavb/erc_ws/src/build/erc_gazebo_sensors
[1.198s] DEBUG:colcon.colcon_core.event_handler.log_command:Invoked command in '/home/arnavb/erc_ws/src/build/erc_ros2_navigation' returned '0': CMAKE_PREFIX_PATH=${CMAKE_PREFIX_PATH}:/home/arnavb/erc_ws/src/install/week1_tutorials:/home/arnavb/erc_ws/src/install/stark_os:/home/arnavb/erc_ws/src/install/mogi_trajectory_server:/home/arnavb/erc_ws/src/install/erc_trajectory_server:/home/arnavb/erc_ws/src/install/erc_ros2_simple_arm_py:/home/arnavb/erc_ws/src/install/erc_ros2_navigation_py:/home/arnavb/erc_ws/src/install/erc_gazebo_sensors_py:/home/arnavb/erc_ws/src/install/assgn:/home/arnavb/erc_ws/install/week1_tutorials:/home/arnavb/erc_ws/install/stark_os:/home/arnavb/erc_ws/install/mogi_trajectory_server:/opt/ros/jazzy DEBUGINFOD_URLS=https://debuginfod.ubuntu.com /usr/bin/cmake --build /home/arnavb/erc_ws/src/build/erc_ros2_navigation -- -j20 -l20
[1.198s] DEBUG:colcon.colcon_core.event_handler.log_command:Invoking command in '/home/arnavb/erc_ws/src/build/erc_ros2_navigation': CMAKE_PREFIX_PATH=${CMAKE_PREFIX_PATH}:/home/arnavb/erc_ws/src/install/week1_tutorials:/home/arnavb/erc_ws/src/install/stark_os:/home/arnavb/erc_ws/src/install/mogi_trajectory_server:/home/arnavb/erc_ws/src/install/erc_trajectory_server:/home/arnavb/erc_ws/src/install/erc_ros2_simple_arm_py:/home/arnavb/erc_ws/src/install/erc_ros2_navigation_py:/home/arnavb/erc_ws/src/install/erc_gazebo_sensors_py:/home/arnavb/erc_ws/src/install/assgn:/home/arnavb/erc_ws/install/week1_tutorials:/home/arnavb/erc_ws/install/stark_os:/home/arnavb/erc_ws/install/mogi_trajectory_server:/opt/ros/jazzy DEBUGINFOD_URLS=https://debuginfod.ubuntu.com /usr/bin/cmake --install /home/arnavb/erc_ws/src/build/erc_ros2_navigation
[1.199s] DEBUG:colcon.colcon_core.event_handler.log_command:Invoked command in '/home/arnavb/erc_ws/src/build/erc_ros2_simple_arm' returned '0': CMAKE_PREFIX_PATH=${CMAKE_PREFIX_PATH}:/home/arnavb/erc_ws/src/install/week1_tutorials:/home/arnavb/erc_ws/src/install/stark_os:/home/arnavb/erc_ws/src/install/mogi_trajectory_server:/home/arnavb/erc_ws/src/install/erc_trajectory_server:/home/arnavb/erc_ws/src/install/erc_ros2_simple_arm_py:/home/arnavb/erc_ws/src/install/erc_ros2_navigation_py:/home/arnavb/erc_ws/src/install/erc_gazebo_sensors_py:/home/arnavb/erc_ws/src/install/assgn:/home/arnavb/erc_ws/install/week1_tutorials:/home/arnavb/erc_ws/install/stark_os:/home/arnavb/erc_ws/install/mogi_trajectory_server:/opt/ros/jazzy DEBUGINFOD_URLS=https://debuginfod.ubuntu.com /usr/bin/cmake --build /home/arnavb/erc_ws/src/build/erc_ros2_simple_arm -- -j20 -l20
[1.199s] DEBUG:colcon.colcon_core.event_handler.log_command:Invoking command in '/home/arnavb/erc_ws/src/build/erc_ros2_simple_arm': CMAKE_PREFIX_PATH=${CMAKE_PREFIX_PATH}:/home/arnavb/erc_ws/src/install/week1_tutorials:/home/arnavb/erc_ws/src/install/stark_os:/home/arnavb/erc_ws/src/install/mogi_trajectory_server:/home/arnavb/erc_ws/src/install/erc_trajectory_server:/home/arnavb/erc_ws/src/install/erc_ros2_simple_arm_py:/home/arnavb/erc_ws/src/install/erc_ros2_navigation_py:/home/arnavb/erc_ws/src/install/erc_gazebo_sensors_py:/home/arnavb/erc_ws/src/install/assgn:/home/arnavb/erc_ws/install/week1_tutorials:/home/arnavb/erc_ws/install/stark_os:/home/arnavb/erc_ws/install/mogi_trajectory_server:/opt/ros/jazzy DEBUGINFOD_URLS=https://debuginfod.ubuntu.com /usr/bin/cmake --install /home/arnavb/erc_ws/src/build/erc_ros2_simple_arm
[1.218s] DEBUG:colcon.colcon_core.event_handler.log_command:Invoked command in '/home/arnavb/erc_ws/src/build/explore_lite' returned '0': CMAKE_PREFIX_PATH=${CMAKE_PREFIX_PATH}:/home/arnavb/erc_ws/src/install/week1_tutorials:/home/arnavb/erc_ws/src/install/stark_os:/home/arnavb/erc_ws/src/install/mogi_trajectory_server:/home/arnavb/erc_ws/src/install/erc_trajectory_server:/home/arnavb/erc_ws/src/install/erc_ros2_simple_arm_py:/home/arnavb/erc_ws/src/install/erc_ros2_navigation_py:/home/arnavb/erc_ws/src/install/erc_gazebo_sensors_py:/home/arnavb/erc_ws/src/install/assgn:/home/arnavb/erc_ws/install/week1_tutorials:/home/arnavb/erc_ws/install/stark_os:/home/arnavb/erc_ws/install/mogi_trajectory_server:/opt/ros/jazzy DEBUGINFOD_URLS=https://debuginfod.ubuntu.com /usr/bin/cmake --build /home/arnavb/erc_ws/src/build/explore_lite -- -j20 -l20
[1.219s] DEBUG:colcon.colcon_core.event_handler.log_command:Invoking command in '/home/arnavb/erc_ws/src/build/explore_lite': CMAKE_PREFIX_PATH=${CMAKE_PREFIX_PATH}:/home/arnavb/erc_ws/src/install/week1_tutorials:/home/arnavb/erc_ws/src/install/stark_os:/home/arnavb/erc_ws/src/install/mogi_trajectory_server:/home/arnavb/erc_ws/src/install/erc_trajectory_server:/home/arnavb/erc_ws/src/install/erc_ros2_simple_arm_py:/home/arnavb/erc_ws/src/install/erc_ros2_navigation_py:/home/arnavb/erc_ws/src/install/erc_gazebo_sensors_py:/home/arnavb/erc_ws/src/install/assgn:/home/arnavb/erc_ws/install/week1_tutorials:/home/arnavb/erc_ws/install/stark_os:/home/arnavb/erc_ws/install/mogi_trajectory_server:/opt/ros/jazzy DEBUGINFOD_URLS=https://debuginfod.ubuntu.com /usr/bin/cmake --install /home/arnavb/erc_ws/src/build/explore_lite
[1.222s] Level 1:colcon.colcon_core.environment:create_environment_scripts_only(erc_gazebo_sensors)
[1.223s] DEBUG:colcon.colcon_core.event_handler.log_command:Invoked command in '/home/arnavb/erc_ws/src/build/erc_gazebo_sensors' returned '0': CMAKE_PREFIX_PATH=${CMAKE_PREFIX_PATH}:/home/arnavb/erc_ws/src/install/week1_tutorials:/home/arnavb/erc_ws/src/install/stark_os:/home/arnavb/erc_ws/src/install/mogi_trajectory_server:/home/arnavb/erc_ws/src/install/erc_trajectory_server:/home/arnavb/erc_ws/src/install/erc_ros2_simple_arm_py:/home/arnavb/erc_ws/src/install/erc_ros2_navigation_py:/home/arnavb/erc_ws/src/install/erc_gazebo_sensors_py:/home/arnavb/erc_ws/src/install/assgn:/home/arnavb/erc_ws/install/week1_tutorials:/home/arnavb/erc_ws/install/stark_os:/home/arnavb/erc_ws/install/mogi_trajectory_server:/opt/ros/jazzy DEBUGINFOD_URLS=https://debuginfod.ubuntu.com /usr/bin/cmake --install /home/arnavb/erc_ws/src/build/erc_gazebo_sensors
[1.226s] Level 1:colcon.colcon_core.environment:checking '/home/arnavb/erc_ws/src/install/erc_gazebo_sensors' for CMake module files
[1.226s] Level 1:colcon.colcon_core.environment:checking '/home/arnavb/erc_ws/src/install/erc_gazebo_sensors' for CMake config files
[1.227s] Level 1:colcon.colcon_core.shell:create_environment_hook('erc_gazebo_sensors', 'cmake_prefix_path')
[1.227s] INFO:colcon.colcon_core.shell:Creating environment hook '/home/arnavb/erc_ws/src/install/erc_gazebo_sensors/share/erc_gazebo_sensors/hook/cmake_prefix_path.ps1'
[1.227s] INFO:colcon.colcon_core.shell:Creating environment descriptor '/home/arnavb/erc_ws/src/install/erc_gazebo_sensors/share/erc_gazebo_sensors/hook/cmake_prefix_path.dsv'
[1.228s] INFO:colcon.colcon_core.shell:Creating environment hook '/home/arnavb/erc_ws/src/install/erc_gazebo_sensors/share/erc_gazebo_sensors/hook/cmake_prefix_path.sh'
[1.229s] Level 1:colcon.colcon_core.environment:checking '/home/arnavb/erc_ws/src/install/erc_gazebo_sensors/bin'
[1.229s] Level 1:colcon.colcon_core.environment:checking '/home/arnavb/erc_ws/src/install/erc_gazebo_sensors/lib/pkgconfig/erc_gazebo_sensors.pc'
[1.229s] Level 1:colcon.colcon_core.environment:checking '/home/arnavb/erc_ws/src/install/erc_gazebo_sensors/lib/python3.12/site-packages'
[1.229s] Level 1:colcon.colcon_core.environment:checking '/home/arnavb/erc_ws/src/install/erc_gazebo_sensors/bin'
[1.230s] INFO:colcon.colcon_core.shell:Creating package script '/home/arnavb/erc_ws/src/install/erc_gazebo_sensors/share/erc_gazebo_sensors/package.ps1'
[1.232s] INFO:colcon.colcon_core.shell:Creating package descriptor '/home/arnavb/erc_ws/src/install/erc_gazebo_sensors/share/erc_gazebo_sensors/package.dsv'
[1.234s] INFO:colcon.colcon_core.shell:Creating package script '/home/arnavb/erc_ws/src/install/erc_gazebo_sensors/share/erc_gazebo_sensors/package.sh'
[1.235s] INFO:colcon.colcon_core.shell:Creating package script '/home/arnavb/erc_ws/src/install/erc_gazebo_sensors/share/erc_gazebo_sensors/package.bash'
[1.236s] INFO:colcon.colcon_core.shell:Creating package script '/home/arnavb/erc_ws/src/install/erc_gazebo_sensors/share/erc_gazebo_sensors/package.zsh'
[1.236s] Level 1:colcon.colcon_core.environment:create_file_with_runtime_dependencies(/home/arnavb/erc_ws/src/install/erc_gazebo_sensors/share/colcon-core/packages/erc_gazebo_sensors)
[1.237s] Level 1:colcon.colcon_core.environment:create_environment_scripts_only(erc_gazebo_sensors)
[1.237s] Level 1:colcon.colcon_core.environment:checking '/home/arnavb/erc_ws/src/install/erc_gazebo_sensors' for CMake module files
[1.238s] Level 1:colcon.colcon_core.environment:checking '/home/arnavb/erc_ws/src/install/erc_gazebo_sensors' for CMake config files
[1.238s] Level 1:colcon.colcon_core.shell:create_environment_hook('erc_gazebo_sensors', 'cmake_prefix_path')
[1.238s] INFO:colcon.colcon_core.shell:Creating environment hook '/home/arnavb/erc_ws/src/install/erc_gazebo_sensors/share/erc_gazebo_sensors/hook/cmake_prefix_path.ps1'
[1.239s] INFO:colcon.colcon_core.shell:Creating environment descriptor '/home/arnavb/erc_ws/src/install/erc_gazebo_sensors/share/erc_gazebo_sensors/hook/cmake_prefix_path.dsv'
[1.239s] INFO:colcon.colcon_core.shell:Creating environment hook '/home/arnavb/erc_ws/src/install/erc_gazebo_sensors/share/erc_gazebo_sensors/hook/cmake_prefix_path.sh'
[1.240s] Level 1:colcon.colcon_core.environment:checking '/home/arnavb/erc_ws/src/install/erc_gazebo_sensors/bin'
[1.240s] Level 1:colcon.colcon_core.environment:checking '/home/arnavb/erc_ws/src/install/erc_gazebo_sensors/lib/pkgconfig/erc_gazebo_sensors.pc'
[1.240s] Level 1:colcon.colcon_core.environment:checking '/home/arnavb/erc_ws/src/install/erc_gazebo_sensors/lib/python3.12/site-packages'
[1.241s] Level 1:colcon.colcon_core.environment:checking '/home/arnavb/erc_ws/src/install/erc_gazebo_sensors/bin'
[1.241s] INFO:colcon.colcon_core.shell:Creating package script '/home/arnavb/erc_ws/src/install/erc_gazebo_sensors/share/erc_gazebo_sensors/package.ps1'
[1.241s] INFO:colcon.colcon_core.shell:Creating package descriptor '/home/arnavb/erc_ws/src/install/erc_gazebo_sensors/share/erc_gazebo_sensors/package.dsv'
[1.242s] INFO:colcon.colcon_core.shell:Creating package script '/home/arnavb/erc_ws/src/install/erc_gazebo_sensors/share/erc_gazebo_sensors/package.sh'
[1.242s] INFO:colcon.colcon_core.shell:Creating package script '/home/arnavb/erc_ws/src/install/erc_gazebo_sensors/share/erc_gazebo_sensors/package.bash'
[1.243s] INFO:colcon.colcon_core.shell:Creating package script '/home/arnavb/erc_ws/src/install/erc_gazebo_sensors/share/erc_gazebo_sensors/package.zsh'
[1.243s] Level 1:colcon.colcon_core.environment:create_file_with_runtime_dependencies(/home/arnavb/erc_ws/src/install/erc_gazebo_sensors/share/colcon-core/packages/erc_gazebo_sensors)
[1.244s] Level 1:colcon.colcon_core.environment:create_environment_scripts_only(erc_gazebo_basics)
[1.244s] Level 1:colcon.colcon_core.environment:checking '/home/arnavb/erc_ws/src/install/erc_gazebo_basics' for CMake module files
[1.245s] Level 1:colcon.colcon_core.environment:checking '/home/arnavb/erc_ws/src/install/erc_gazebo_basics' for CMake config files
[1.246s] DEBUG:colcon.colcon_core.event_handler.log_command:Invoked command in '/home/arnavb/erc_ws/src/build/erc_gazebo_basics' returned '0': CMAKE_PREFIX_PATH=${CMAKE_PREFIX_PATH}:/home/arnavb/erc_ws/src/install/week1_tutorials:/home/arnavb/erc_ws/src/install/stark_os:/home/arnavb/erc_ws/src/install/mogi_trajectory_server:/home/arnavb/erc_ws/src/install/erc_trajectory_server:/home/arnavb/erc_ws/src/install/erc_ros2_simple_arm_py:/home/arnavb/erc_ws/src/install/erc_ros2_navigation_py:/home/arnavb/erc_ws/src/install/erc_gazebo_sensors_py:/home/arnavb/erc_ws/src/install/assgn:/home/arnavb/erc_ws/install/week1_tutorials:/home/arnavb/erc_ws/install/stark_os:/home/arnavb/erc_ws/install/mogi_trajectory_server:/opt/ros/jazzy DEBUGINFOD_URLS=https://debuginfod.ubuntu.com /usr/bin/cmake --install /home/arnavb/erc_ws/src/build/erc_gazebo_basics
[1.246s] Level 1:colcon.colcon_core.shell:create_environment_hook('erc_gazebo_basics', 'cmake_prefix_path')
[1.247s] INFO:colcon.colcon_core.shell:Creating environment hook '/home/arnavb/erc_ws/src/install/erc_gazebo_basics/share/erc_gazebo_basics/hook/cmake_prefix_path.ps1'
[1.247s] INFO:colcon.colcon_core.shell:Creating environment descriptor '/home/arnavb/erc_ws/src/install/erc_gazebo_basics/share/erc_gazebo_basics/hook/cmake_prefix_path.dsv'
[1.248s] INFO:colcon.colcon_core.shell:Creating environment hook '/home/arnavb/erc_ws/src/install/erc_gazebo_basics/share/erc_gazebo_basics/hook/cmake_prefix_path.sh'
[1.249s] Level 1:colcon.colcon_core.environment:checking '/home/arnavb/erc_ws/src/install/erc_gazebo_basics/bin'
[1.249s] Level 1:colcon.colcon_core.environment:checking '/home/arnavb/erc_ws/src/install/erc_gazebo_basics/lib/pkgconfig/erc_gazebo_basics.pc'
[1.249s] Level 1:colcon.colcon_core.environment:checking '/home/arnavb/erc_ws/src/install/erc_gazebo_basics/lib/python3.12/site-packages'
[1.249s] Level 1:colcon.colcon_core.environment:checking '/home/arnavb/erc_ws/src/install/erc_gazebo_basics/bin'
[1.250s] INFO:colcon.colcon_core.shell:Creating package script '/home/arnavb/erc_ws/src/install/erc_gazebo_basics/share/erc_gazebo_basics/package.ps1'
[1.250s] INFO:colcon.colcon_core.shell:Creating package descriptor '/home/arnavb/erc_ws/src/install/erc_gazebo_basics/share/erc_gazebo_basics/package.dsv'
[1.251s] INFO:colcon.colcon_core.shell:Creating package script '/home/arnavb/erc_ws/src/install/erc_gazebo_basics/share/erc_gazebo_basics/package.sh'
[1.251s] INFO:colcon.colcon_core.shell:Creating package script '/home/arnavb/erc_ws/src/install/erc_gazebo_basics/share/erc_gazebo_basics/package.bash'
[1.251s] INFO:colcon.colcon_core.shell:Creating package script '/home/arnavb/erc_ws/src/install/erc_gazebo_basics/share/erc_gazebo_basics/package.zsh'
[1.252s] Level 1:colcon.colcon_core.environment:create_file_with_runtime_dependencies(/home/arnavb/erc_ws/src/install/erc_gazebo_basics/share/colcon-core/packages/erc_gazebo_basics)
[1.252s] Level 1:colcon.colcon_core.environment:create_environment_scripts_only(erc_gazebo_basics)
[1.252s] Level 1:colcon.colcon_core.environment:checking '/home/arnavb/erc_ws/src/install/erc_gazebo_basics' for CMake module files
[1.254s] Level 1:colcon.colcon_core.environment:checking '/home/arnavb/erc_ws/src/install/erc_gazebo_basics' for CMake config files
[1.254s] Level 1:colcon.colcon_core.shell:create_environment_hook('erc_gazebo_basics', 'cmake_prefix_path')
[1.254s] INFO:colcon.colcon_core.shell:Creating environment hook '/home/arnavb/erc_ws/src/install/erc_gazebo_basics/share/erc_gazebo_basics/hook/cmake_prefix_path.ps1'
[1.255s] INFO:colcon.colcon_core.shell:Creating environment descriptor '/home/arnavb/erc_ws/src/install/erc_gazebo_basics/share/erc_gazebo_basics/hook/cmake_prefix_path.dsv'
[1.255s] INFO:colcon.colcon_core.shell:Creating environment hook '/home/arnavb/erc_ws/src/install/erc_gazebo_basics/share/erc_gazebo_basics/hook/cmake_prefix_path.sh'
[1.256s] Level 1:colcon.colcon_core.environment:checking '/home/arnavb/erc_ws/src/install/erc_gazebo_basics/bin'
[1.256s] Level 1:colcon.colcon_core.environment:checking '/home/arnavb/erc_ws/src/install/erc_gazebo_basics/lib/pkgconfig/erc_gazebo_basics.pc'
[1.256s] Level 1:colcon.colcon_core.environment:checking '/home/arnavb/erc_ws/src/install/erc_gazebo_basics/lib/python3.12/site-packages'
[1.256s] Level 1:colcon.colcon_core.environment:checking '/home/arnavb/erc_ws/src/install/erc_gazebo_basics/bin'
[1.257s] INFO:colcon.colcon_core.shell:Creating package script '/home/arnavb/erc_ws/src/install/erc_gazebo_basics/share/erc_gazebo_basics/package.ps1'
[1.257s] INFO:colcon.colcon_core.shell:Creating package descriptor '/home/arnavb/erc_ws/src/install/erc_gazebo_basics/share/erc_gazebo_basics/package.dsv'
[1.258s] INFO:colcon.colcon_core.shell:Creating package script '/home/arnavb/erc_ws/src/install/erc_gazebo_basics/share/erc_gazebo_basics/package.sh'
[1.258s] INFO:colcon.colcon_core.shell:Creating package script '/home/arnavb/erc_ws/src/install/erc_gazebo_basics/share/erc_gazebo_basics/package.bash'
[1.259s] INFO:colcon.colcon_core.shell:Creating package script '/home/arnavb/erc_ws/src/install/erc_gazebo_basics/share/erc_gazebo_basics/package.zsh'
[1.259s] Level 1:colcon.colcon_core.environment:create_file_with_runtime_dependencies(/home/arnavb/erc_ws/src/install/erc_gazebo_basics/share/colcon-core/packages/erc_gazebo_basics)
[1.259s] Level 1:colcon.colcon_core.environment:create_environment_scripts_only(erc_ros2_simple_arm)
[1.259s] Level 1:colcon.colcon_core.environment:checking '/home/arnavb/erc_ws/src/install/erc_ros2_simple_arm' for CMake module files
[1.260s] Level 1:colcon.colcon_core.environment:checking '/home/arnavb/erc_ws/src/install/erc_ros2_simple_arm' for CMake config files
[1.261s] DEBUG:colcon.colcon_core.event_handler.log_command:Invoked command in '/home/arnavb/erc_ws/src/build/erc_ros2_simple_arm' returned '0': CMAKE_PREFIX_PATH=${CMAKE_PREFIX_PATH}:/home/arnavb/erc_ws/src/install/week1_tutorials:/home/arnavb/erc_ws/src/install/stark_os:/home/arnavb/erc_ws/src/install/mogi_trajectory_server:/home/arnavb/erc_ws/src/install/erc_trajectory_server:/home/arnavb/erc_ws/src/install/erc_ros2_simple_arm_py:/home/arnavb/erc_ws/src/install/erc_ros2_navigation_py:/home/arnavb/erc_ws/src/install/erc_gazebo_sensors_py:/home/arnavb/erc_ws/src/install/assgn:/home/arnavb/erc_ws/install/week1_tutorials:/home/arnavb/erc_ws/install/stark_os:/home/arnavb/erc_ws/install/mogi_trajectory_server:/opt/ros/jazzy DEBUGINFOD_URLS=https://debuginfod.ubuntu.com /usr/bin/cmake --install /home/arnavb/erc_ws/src/build/erc_ros2_simple_arm
[1.261s] Level 1:colcon.colcon_core.shell:create_environment_hook('erc_ros2_simple_arm', 'cmake_prefix_path')
[1.261s] INFO:colcon.colcon_core.shell:Creating environment hook '/home/arnavb/erc_ws/src/install/erc_ros2_simple_arm/share/erc_ros2_simple_arm/hook/cmake_prefix_path.ps1'
[1.262s] INFO:colcon.colcon_core.shell:Creating environment descriptor '/home/arnavb/erc_ws/src/install/erc_ros2_simple_arm/share/erc_ros2_simple_arm/hook/cmake_prefix_path.dsv'
[1.262s] INFO:colcon.colcon_core.shell:Creating environment hook '/home/arnavb/erc_ws/src/install/erc_ros2_simple_arm/share/erc_ros2_simple_arm/hook/cmake_prefix_path.sh'
[1.263s] Level 1:colcon.colcon_core.environment:checking '/home/arnavb/erc_ws/src/install/erc_ros2_simple_arm/bin'
[1.263s] Level 1:colcon.colcon_core.environment:checking '/home/arnavb/erc_ws/src/install/erc_ros2_simple_arm/lib/pkgconfig/erc_ros2_simple_arm.pc'
[1.263s] Level 1:colcon.colcon_core.environment:checking '/home/arnavb/erc_ws/src/install/erc_ros2_simple_arm/lib/python3.12/site-packages'
[1.264s] Level 1:colcon.colcon_core.environment:checking '/home/arnavb/erc_ws/src/install/erc_ros2_simple_arm/bin'
[1.264s] INFO:colcon.colcon_core.shell:Creating package script '/home/arnavb/erc_ws/src/install/erc_ros2_simple_arm/share/erc_ros2_simple_arm/package.ps1'
[1.265s] INFO:colcon.colcon_core.shell:Creating package descriptor '/home/arnavb/erc_ws/src/install/erc_ros2_simple_arm/share/erc_ros2_simple_arm/package.dsv'
[1.265s] INFO:colcon.colcon_core.shell:Creating package script '/home/arnavb/erc_ws/src/install/erc_ros2_simple_arm/share/erc_ros2_simple_arm/package.sh'
[1.265s] INFO:colcon.colcon_core.shell:Creating package script '/home/arnavb/erc_ws/src/install/erc_ros2_simple_arm/share/erc_ros2_simple_arm/package.bash'
[1.266s] INFO:colcon.colcon_core.shell:Creating package script '/home/arnavb/erc_ws/src/install/erc_ros2_simple_arm/share/erc_ros2_simple_arm/package.zsh'
[1.266s] Level 1:colcon.colcon_core.environment:create_file_with_runtime_dependencies(/home/arnavb/erc_ws/src/install/erc_ros2_simple_arm/share/colcon-core/packages/erc_ros2_simple_arm)
[1.267s] Level 1:colcon.colcon_core.environment:create_environment_scripts_only(erc_ros2_simple_arm)
[1.267s] Level 1:colcon.colcon_core.environment:checking '/home/arnavb/erc_ws/src/install/erc_ros2_simple_arm' for CMake module files
[1.268s] Level 1:colcon.colcon_core.environment:checking '/home/arnavb/erc_ws/src/install/erc_ros2_simple_arm' for CMake config files
[1.268s] Level 1:colcon.colcon_core.shell:create_environment_hook('erc_ros2_simple_arm', 'cmake_prefix_path')
[1.268s] INFO:colcon.colcon_core.shell:Creating environment hook '/home/arnavb/erc_ws/src/install/erc_ros2_simple_arm/share/erc_ros2_simple_arm/hook/cmake_prefix_path.ps1'
[1.269s] INFO:colcon.colcon_core.shell:Creating environment descriptor '/home/arnavb/erc_ws/src/install/erc_ros2_simple_arm/share/erc_ros2_simple_arm/hook/cmake_prefix_path.dsv'
[1.269s] INFO:colcon.colcon_core.shell:Creating environment hook '/home/arnavb/erc_ws/src/install/erc_ros2_simple_arm/share/erc_ros2_simple_arm/hook/cmake_prefix_path.sh'
[1.269s] Level 1:colcon.colcon_core.environment:checking '/home/arnavb/erc_ws/src/install/erc_ros2_simple_arm/bin'
[1.270s] Level 1:colcon.colcon_core.environment:checking '/home/arnavb/erc_ws/src/install/erc_ros2_simple_arm/lib/pkgconfig/erc_ros2_simple_arm.pc'
[1.270s] Level 1:colcon.colcon_core.environment:checking '/home/arnavb/erc_ws/src/install/erc_ros2_simple_arm/lib/python3.12/site-packages'
[1.270s] Level 1:colcon.colcon_core.environment:checking '/home/arnavb/erc_ws/src/install/erc_ros2_simple_arm/bin'
[1.270s] INFO:colcon.colcon_core.shell:Creating package script '/home/arnavb/erc_ws/src/install/erc_ros2_simple_arm/share/erc_ros2_simple_arm/package.ps1'
[1.271s] INFO:colcon.colcon_core.shell:Creating package descriptor '/home/arnavb/erc_ws/src/install/erc_ros2_simple_arm/share/erc_ros2_simple_arm/package.dsv'
[1.271s] INFO:colcon.colcon_core.shell:Creating package script '/home/arnavb/erc_ws/src/install/erc_ros2_simple_arm/share/erc_ros2_simple_arm/package.sh'
[1.272s] INFO:colcon.colcon_core.shell:Creating package script '/home/arnavb/erc_ws/src/install/erc_ros2_simple_arm/share/erc_ros2_simple_arm/package.bash'
[1.272s] INFO:colcon.colcon_core.shell:Creating package script '/home/arnavb/erc_ws/src/install/erc_ros2_simple_arm/share/erc_ros2_simple_arm/package.zsh'
[1.273s] Level 1:colcon.colcon_core.environment:create_file_with_runtime_dependencies(/home/arnavb/erc_ws/src/install/erc_ros2_simple_arm/share/colcon-core/packages/erc_ros2_simple_arm)
[1.273s] Level 1:colcon.colcon_core.environment:create_environment_scripts_only(erc_ros2_navigation)
[1.273s] Level 1:colcon.colcon_core.environment:checking '/home/arnavb/erc_ws/src/install/erc_ros2_navigation' for CMake module files
[1.274s] Level 1:colcon.colcon_core.environment:checking '/home/arnavb/erc_ws/src/install/erc_ros2_navigation' for CMake config files
[1.274s] DEBUG:colcon.colcon_core.event_handler.log_command:Invoked command in '/home/arnavb/erc_ws/src/build/erc_ros2_navigation' returned '0': CMAKE_PREFIX_PATH=${CMAKE_PREFIX_PATH}:/home/arnavb/erc_ws/src/install/week1_tutorials:/home/arnavb/erc_ws/src/install/stark_os:/home/arnavb/erc_ws/src/install/mogi_trajectory_server:/home/arnavb/erc_ws/src/install/erc_trajectory_server:/home/arnavb/erc_ws/src/install/erc_ros2_simple_arm_py:/home/arnavb/erc_ws/src/install/erc_ros2_navigation_py:/home/arnavb/erc_ws/src/install/erc_gazebo_sensors_py:/home/arnavb/erc_ws/src/install/assgn:/home/arnavb/erc_ws/install/week1_tutorials:/home/arnavb/erc_ws/install/stark_os:/home/arnavb/erc_ws/install/mogi_trajectory_server:/opt/ros/jazzy DEBUGINFOD_URLS=https://debuginfod.ubuntu.com /usr/bin/cmake --install /home/arnavb/erc_ws/src/build/erc_ros2_navigation
[1.275s] Level 1:colcon.colcon_core.shell:create_environment_hook('erc_ros2_navigation', 'cmake_prefix_path')
[1.275s] INFO:colcon.colcon_core.shell:Creating environment hook '/home/arnavb/erc_ws/src/install/erc_ros2_navigation/share/erc_ros2_navigation/hook/cmake_prefix_path.ps1'
[1.275s] INFO:colcon.colcon_core.shell:Creating environment descriptor '/home/arnavb/erc_ws/src/install/erc_ros2_navigation/share/erc_ros2_navigation/hook/cmake_prefix_path.dsv'
[1.276s] INFO:colcon.colcon_core.shell:Creating environment hook '/home/arnavb/erc_ws/src/install/erc_ros2_navigation/share/erc_ros2_navigation/hook/cmake_prefix_path.sh'
[1.276s] Level 1:colcon.colcon_core.environment:checking '/home/arnavb/erc_ws/src/install/erc_ros2_navigation/bin'
[1.276s] Level 1:colcon.colcon_core.environment:checking '/home/arnavb/erc_ws/src/install/erc_ros2_navigation/lib/pkgconfig/erc_ros2_navigation.pc'
[1.277s] Level 1:colcon.colcon_core.environment:checking '/home/arnavb/erc_ws/src/install/erc_ros2_navigation/lib/python3.12/site-packages'
[1.277s] Level 1:colcon.colcon_core.environment:checking '/home/arnavb/erc_ws/src/install/erc_ros2_navigation/bin'
[1.277s] INFO:colcon.colcon_core.shell:Creating package script '/home/arnavb/erc_ws/src/install/erc_ros2_navigation/share/erc_ros2_navigation/package.ps1'
[1.278s] INFO:colcon.colcon_core.shell:Creating package descriptor '/home/arnavb/erc_ws/src/install/erc_ros2_navigation/share/erc_ros2_navigation/package.dsv'
[1.278s] INFO:colcon.colcon_core.shell:Creating package script '/home/arnavb/erc_ws/src/install/erc_ros2_navigation/share/erc_ros2_navigation/package.sh'
[1.279s] INFO:colcon.colcon_core.shell:Creating package script '/home/arnavb/erc_ws/src/install/erc_ros2_navigation/share/erc_ros2_navigation/package.bash'
[1.279s] INFO:colcon.colcon_core.shell:Creating package script '/home/arnavb/erc_ws/src/install/erc_ros2_navigation/share/erc_ros2_navigation/package.zsh'
[1.279s] Level 1:colcon.colcon_core.environment:create_file_with_runtime_dependencies(/home/arnavb/erc_ws/src/install/erc_ros2_navigation/share/colcon-core/packages/erc_ros2_navigation)
[1.280s] Level 1:colcon.colcon_core.environment:create_environment_scripts_only(erc_ros2_navigation)
[1.280s] Level 1:colcon.colcon_core.environment:checking '/home/arnavb/erc_ws/src/install/erc_ros2_navigation' for CMake module files
[1.280s] Level 1:colcon.colcon_core.environment:checking '/home/arnavb/erc_ws/src/install/erc_ros2_navigation' for CMake config files
[1.281s] Level 1:colcon.colcon_core.shell:create_environment_hook('erc_ros2_navigation', 'cmake_prefix_path')
[1.281s] INFO:colcon.colcon_core.shell:Creating environment hook '/home/arnavb/erc_ws/src/install/erc_ros2_navigation/share/erc_ros2_navigation/hook/cmake_prefix_path.ps1'
[1.281s] INFO:colcon.colcon_core.shell:Creating environment descriptor '/home/arnavb/erc_ws/src/install/erc_ros2_navigation/share/erc_ros2_navigation/hook/cmake_prefix_path.dsv'
[1.282s] INFO:colcon.colcon_core.shell:Creating environment hook '/home/arnavb/erc_ws/src/install/erc_ros2_navigation/share/erc_ros2_navigation/hook/cmake_prefix_path.sh'
[1.283s] Level 1:colcon.colcon_core.environment:checking '/home/arnavb/erc_ws/src/install/erc_ros2_navigation/bin'
[1.283s] Level 1:colcon.colcon_core.environment:checking '/home/arnavb/erc_ws/src/install/erc_ros2_navigation/lib/pkgconfig/erc_ros2_navigation.pc'
[1.283s] Level 1:colcon.colcon_core.environment:checking '/home/arnavb/erc_ws/src/install/erc_ros2_navigation/lib/python3.12/site-packages'
[1.283s] Level 1:colcon.colcon_core.environment:checking '/home/arnavb/erc_ws/src/install/erc_ros2_navigation/bin'
[1.284s] INFO:colcon.colcon_core.shell:Creating package script '/home/arnavb/erc_ws/src/install/erc_ros2_navigation/share/erc_ros2_navigation/package.ps1'
[1.284s] INFO:colcon.colcon_core.shell:Creating package descriptor '/home/arnavb/erc_ws/src/install/erc_ros2_navigation/share/erc_ros2_navigation/package.dsv'
[1.285s] INFO:colcon.colcon_core.shell:Creating package script '/home/arnavb/erc_ws/src/install/erc_ros2_navigation/share/erc_ros2_navigation/package.sh'
[1.285s] INFO:colcon.colcon_core.shell:Creating package script '/home/arnavb/erc_ws/src/install/erc_ros2_navigation/share/erc_ros2_navigation/package.bash'
[1.286s] INFO:colcon.colcon_core.shell:Creating package script '/home/arnavb/erc_ws/src/install/erc_ros2_navigation/share/erc_ros2_navigation/package.zsh'
[1.286s] Level 1:colcon.colcon_core.environment:create_file_with_runtime_dependencies(/home/arnavb/erc_ws/src/install/erc_ros2_navigation/share/colcon-core/packages/erc_ros2_navigation)
[1.287s] Level 1:colcon.colcon_core.environment:create_environment_scripts_only(explore_lite)
[1.287s] Level 1:colcon.colcon_core.environment:checking '/home/arnavb/erc_ws/src/install/explore_lite' for CMake module files
[1.288s] DEBUG:colcon.colcon_core.event_handler.log_command:Invoked command in '/home/arnavb/erc_ws/src/build/explore_lite' returned '0': CMAKE_PREFIX_PATH=${CMAKE_PREFIX_PATH}:/home/arnavb/erc_ws/src/install/week1_tutorials:/home/arnavb/erc_ws/src/install/stark_os:/home/arnavb/erc_ws/src/install/mogi_trajectory_server:/home/arnavb/erc_ws/src/install/erc_trajectory_server:/home/arnavb/erc_ws/src/install/erc_ros2_simple_arm_py:/home/arnavb/erc_ws/src/install/erc_ros2_navigation_py:/home/arnavb/erc_ws/src/install/erc_gazebo_sensors_py:/home/arnavb/erc_ws/src/install/assgn:/home/arnavb/erc_ws/install/week1_tutorials:/home/arnavb/erc_ws/install/stark_os:/home/arnavb/erc_ws/install/mogi_trajectory_server:/opt/ros/jazzy DEBUGINFOD_URLS=https://debuginfod.ubuntu.com /usr/bin/cmake --install /home/arnavb/erc_ws/src/build/explore_lite
[1.288s] Level 1:colcon.colcon_core.environment:checking '/home/arnavb/erc_ws/src/install/explore_lite' for CMake config files
[1.289s] Level 1:colcon.colcon_core.shell:create_environment_hook('explore_lite', 'cmake_prefix_path')
[1.289s] INFO:colcon.colcon_core.shell:Creating environment hook '/home/arnavb/erc_ws/src/install/explore_lite/share/explore_lite/hook/cmake_prefix_path.ps1'
[1.289s] INFO:colcon.colcon_core.shell:Creating environment descriptor '/home/arnavb/erc_ws/src/install/explore_lite/share/explore_lite/hook/cmake_prefix_path.dsv'
[1.290s] INFO:colcon.colcon_core.shell:Creating environment hook '/home/arnavb/erc_ws/src/install/explore_lite/share/explore_lite/hook/cmake_prefix_path.sh'
[1.290s] Level 1:colcon.colcon_core.environment:checking '/home/arnavb/erc_ws/src/install/explore_lite/lib'
[1.291s] Level 1:colcon.colcon_core.environment:checking '/home/arnavb/erc_ws/src/install/explore_lite/bin'
[1.291s] Level 1:colcon.colcon_core.environment:checking '/home/arnavb/erc_ws/src/install/explore_lite/lib/pkgconfig/explore_lite.pc'
[1.291s] Level 1:colcon.colcon_core.environment:checking '/home/arnavb/erc_ws/src/install/explore_lite/lib/python3.12/site-packages'
[1.292s] Level 1:colcon.colcon_core.environment:checking '/home/arnavb/erc_ws/src/install/explore_lite/bin'
[1.292s] INFO:colcon.colcon_core.shell:Creating package script '/home/arnavb/erc_ws/src/install/explore_lite/share/explore_lite/package.ps1'
[1.292s] INFO:colcon.colcon_core.shell:Creating package descriptor '/home/arnavb/erc_ws/src/install/explore_lite/share/explore_lite/package.dsv'
[1.293s] INFO:colcon.colcon_core.shell:Creating package script '/home/arnavb/erc_ws/src/install/explore_lite/share/explore_lite/package.sh'
[1.293s] INFO:colcon.colcon_core.shell:Creating package script '/home/arnavb/erc_ws/src/install/explore_lite/share/explore_lite/package.bash'
[1.294s] INFO:colcon.colcon_core.shell:Creating package script '/home/arnavb/erc_ws/src/install/explore_lite/share/explore_lite/package.zsh'
[1.294s] Level 1:colcon.colcon_core.environment:create_file_with_runtime_dependencies(/home/arnavb/erc_ws/src/install/explore_lite/share/colcon-core/packages/explore_lite)
[1.294s] Level 1:colcon.colcon_core.environment:create_environment_scripts_only(explore_lite)
[1.295s] Level 1:colcon.colcon_core.environment:checking '/home/arnavb/erc_ws/src/install/explore_lite' for CMake module files
[1.295s] Level 1:colcon.colcon_core.environment:checking '/home/arnavb/erc_ws/src/install/explore_lite' for CMake config files
[1.296s] Level 1:colcon.colcon_core.shell:create_environment_hook('explore_lite', 'cmake_prefix_path')
[1.296s] INFO:colcon.colcon_core.shell:Creating environment hook '/home/arnavb/erc_ws/src/install/explore_lite/share/explore_lite/hook/cmake_prefix_path.ps1'
[1.297s] INFO:colcon.colcon_core.shell:Creating environment descriptor '/home/arnavb/erc_ws/src/install/explore_lite/share/explore_lite/hook/cmake_prefix_path.dsv'
[1.297s] INFO:colcon.colcon_core.shell:Creating environment hook '/home/arnavb/erc_ws/src/install/explore_lite/share/explore_lite/hook/cmake_prefix_path.sh'
[1.298s] Level 1:colcon.colcon_core.environment:checking '/home/arnavb/erc_ws/src/install/explore_lite/lib'
[1.298s] Level 1:colcon.colcon_core.environment:checking '/home/arnavb/erc_ws/src/install/explore_lite/bin'
[1.298s] Level 1:colcon.colcon_core.environment:checking '/home/arnavb/erc_ws/src/install/explore_lite/lib/pkgconfig/explore_lite.pc'
[1.298s] Level 1:colcon.colcon_core.environment:checking '/home/arnavb/erc_ws/src/install/explore_lite/lib/python3.12/site-packages'
[1.299s] Level 1:colcon.colcon_core.environment:checking '/home/arnavb/erc_ws/src/install/explore_lite/bin'
[1.299s] INFO:colcon.colcon_core.shell:Creating package script '/home/arnavb/erc_ws/src/install/explore_lite/share/explore_lite/package.ps1'
[1.299s] INFO:colcon.colcon_core.shell:Creating package descriptor '/home/arnavb/erc_ws/src/install/explore_lite/share/explore_lite/package.dsv'
[1.300s] INFO:colcon.colcon_core.shell:Creating package script '/home/arnavb/erc_ws/src/install/explore_lite/share/explore_lite/package.sh'
[1.300s] INFO:colcon.colcon_core.shell:Creating package script '/home/arnavb/erc_ws/src/install/explore_lite/share/explore_lite/package.bash'
[1.301s] INFO:colcon.colcon_core.shell:Creating package script '/home/arnavb/erc_ws/src/install/explore_lite/share/explore_lite/package.zsh'
[1.301s] Level 1:colcon.colcon_core.environment:create_file_with_runtime_dependencies(/home/arnavb/erc_ws/src/install/explore_lite/share/colcon-core/packages/explore_lite)
[1.622s] DEBUG:colcon.colcon_core.event_handler.log_command:Invoking command in '/home/arnavb/erc_ws/src/erc_gazebo_sensors_py': DEBUGINFOD_URLS=https://debuginfod.ubuntu.com PYTHONPATH=/home/arnavb/erc_ws/src/build/erc_gazebo_sensors_py/prefix_override:/usr/lib/python3/dist-packages/colcon_core/task/python/colcon_distutils_commands:/home/arnavb/erc_ws/src/install/erc_gazebo_sensors_py/lib/python3.12/site-packages:${PYTHONPATH} /usr/bin/python3 -W ignore:setup.py install is deprecated -W ignore:easy_install command is deprecated setup.py egg_info --egg-base ../build/erc_gazebo_sensors_py build --build-base /home/arnavb/erc_ws/src/build/erc_gazebo_sensors_py/build install --record /home/arnavb/erc_ws/src/build/erc_gazebo_sensors_py/install.log --single-version-externally-managed install_data
[1.656s] DEBUG:colcon.colcon_core.event_handler.log_command:Invoking command in '/home/arnavb/erc_ws/src/erc_trajectory_server': DEBUGINFOD_URLS=https://debuginfod.ubuntu.com PYTHONPATH=/home/arnavb/erc_ws/src/build/erc_trajectory_server/prefix_override:/usr/lib/python3/dist-packages/colcon_core/task/python/colcon_distutils_commands:/home/arnavb/erc_ws/src/install/erc_trajectory_server/lib/python3.12/site-packages:${PYTHONPATH} /usr/bin/python3 -W ignore:setup.py install is deprecated -W ignore:easy_install command is deprecated setup.py egg_info --egg-base ../build/erc_trajectory_server build --build-base /home/arnavb/erc_ws/src/build/erc_trajectory_server/build install --record /home/arnavb/erc_ws/src/build/erc_trajectory_server/install.log --single-version-externally-managed install_data
[1.658s] DEBUG:colcon.colcon_core.event_handler.log_command:Invoking command in '/home/arnavb/erc_ws/src/erc_ros2_simple_arm_py': DEBUGINFOD_URLS=https://debuginfod.ubuntu.com PYTHONPATH=/home/arnavb/erc_ws/src/build/erc_ros2_simple_arm_py/prefix_override:/usr/lib/python3/dist-packages/colcon_core/task/python/colcon_distutils_commands:/home/arnavb/erc_ws/src/install/erc_ros2_simple_arm_py/lib/python3.12/site-packages:${PYTHONPATH} /usr/bin/python3 -W ignore:setup.py install is deprecated -W ignore:easy_install command is deprecated setup.py egg_info --egg-base ../build/erc_ros2_simple_arm_py build --build-base /home/arnavb/erc_ws/src/build/erc_ros2_simple_arm_py/build install --record /home/arnavb/erc_ws/src/build/erc_ros2_simple_arm_py/install.log --single-version-externally-managed install_data
[1.662s] DEBUG:colcon.colcon_core.event_handler.log_command:Invoking command in '/home/arnavb/erc_ws/src/mogi_trajectory_server': DEBUGINFOD_URLS=https://debuginfod.ubuntu.com PYTHONPATH=/home/arnavb/erc_ws/src/build/mogi_trajectory_server/prefix_override:/usr/lib/python3/dist-packages/colcon_core/task/python/colcon_distutils_commands:/home/arnavb/erc_ws/src/install/mogi_trajectory_server/lib/python3.12/site-packages:${PYTHONPATH} /usr/bin/python3 -W ignore:setup.py install is deprecated -W ignore:easy_install command is deprecated setup.py egg_info --egg-base ../build/mogi_trajectory_server build --build-base /home/arnavb/erc_ws/src/build/mogi_trajectory_server/build install --record /home/arnavb/erc_ws/src/build/mogi_trajectory_server/install.log --single-version-externally-managed install_data
[1.673s] DEBUG:colcon.colcon_core.event_handler.log_command:Invoking command in '/home/arnavb/erc_ws/src/assgn': DEBUGINFOD_URLS=https://debuginfod.ubuntu.com PYTHONPATH=/home/arnavb/erc_ws/src/build/assgn/prefix_override:/usr/lib/python3/dist-packages/colcon_core/task/python/colcon_distutils_commands:/home/arnavb/erc_ws/src/install/assgn/lib/python3.12/site-packages:${PYTHONPATH} /usr/bin/python3 -W ignore:setup.py install is deprecated -W ignore:easy_install command is deprecated setup.py egg_info --egg-base ../build/assgn build --build-base /home/arnavb/erc_ws/src/build/assgn/build install --record /home/arnavb/erc_ws/src/build/assgn/install.log --single-version-externally-managed install_data
[1.676s] DEBUG:colcon.colcon_core.event_handler.log_command:Invoking command in '/home/arnavb/erc_ws/src/erc_ros2_navigation_py': DEBUGINFOD_URLS=https://debuginfod.ubuntu.com PYTHONPATH=/home/arnavb/erc_ws/src/build/erc_ros2_navigation_py/prefix_override:/usr/lib/python3/dist-packages/colcon_core/task/python/colcon_distutils_commands:/home/arnavb/erc_ws/src/install/erc_ros2_navigation_py/lib/python3.12/site-packages:${PYTHONPATH} /usr/bin/python3 -W ignore:setup.py install is deprecated -W ignore:easy_install command is deprecated setup.py egg_info --egg-base ../build/erc_ros2_navigation_py build --build-base /home/arnavb/erc_ws/src/build/erc_ros2_navigation_py/build install --record /home/arnavb/erc_ws/src/build/erc_ros2_navigation_py/install.log --single-version-externally-managed install_data
[2.021s] Level 1:colcon.colcon_core.environment:checking '/home/arnavb/erc_ws/src/install/erc_gazebo_sensors_py' for CMake module files
[2.022s] Level 1:colcon.colcon_core.environment:checking '/home/arnavb/erc_ws/src/install/erc_gazebo_sensors_py' for CMake config files
[2.022s] DEBUG:colcon.colcon_core.event_handler.log_command:Invoked command in '/home/arnavb/erc_ws/src/erc_gazebo_sensors_py' returned '0': DEBUGINFOD_URLS=https://debuginfod.ubuntu.com PYTHONPATH=/home/arnavb/erc_ws/src/build/erc_gazebo_sensors_py/prefix_override:/usr/lib/python3/dist-packages/colcon_core/task/python/colcon_distutils_commands:/home/arnavb/erc_ws/src/install/erc_gazebo_sensors_py/lib/python3.12/site-packages:${PYTHONPATH} /usr/bin/python3 -W ignore:setup.py install is deprecated -W ignore:easy_install command is deprecated setup.py egg_info --egg-base ../build/erc_gazebo_sensors_py build --build-base /home/arnavb/erc_ws/src/build/erc_gazebo_sensors_py/build install --record /home/arnavb/erc_ws/src/build/erc_gazebo_sensors_py/install.log --single-version-externally-managed install_data
[2.023s] Level 1:colcon.colcon_core.environment:checking '/home/arnavb/erc_ws/src/install/erc_gazebo_sensors_py/lib'
[2.023s] Level 1:colcon.colcon_core.environment:checking '/home/arnavb/erc_ws/src/install/erc_gazebo_sensors_py/bin'
[2.023s] Level 1:colcon.colcon_core.environment:checking '/home/arnavb/erc_ws/src/install/erc_gazebo_sensors_py/lib/pkgconfig/erc_gazebo_sensors_py.pc'
[2.023s] Level 1:colcon.colcon_core.environment:checking '/home/arnavb/erc_ws/src/install/erc_gazebo_sensors_py/lib/python3.12/site-packages'
[2.023s] Level 1:colcon.colcon_core.shell:create_environment_hook('erc_gazebo_sensors_py', 'pythonpath')
[2.024s] INFO:colcon.colcon_core.shell:Creating environment hook '/home/arnavb/erc_ws/src/install/erc_gazebo_sensors_py/share/erc_gazebo_sensors_py/hook/pythonpath.ps1'
[2.024s] INFO:colcon.colcon_core.shell:Creating environment descriptor '/home/arnavb/erc_ws/src/install/erc_gazebo_sensors_py/share/erc_gazebo_sensors_py/hook/pythonpath.dsv'
[2.025s] INFO:colcon.colcon_core.shell:Creating environment hook '/home/arnavb/erc_ws/src/install/erc_gazebo_sensors_py/share/erc_gazebo_sensors_py/hook/pythonpath.sh'
[2.026s] Level 1:colcon.colcon_core.environment:checking '/home/arnavb/erc_ws/src/install/erc_gazebo_sensors_py/bin'
[2.026s] Level 1:colcon.colcon_core.environment:create_environment_scripts_only(erc_gazebo_sensors_py)
[2.026s] INFO:colcon.colcon_core.shell:Creating package script '/home/arnavb/erc_ws/src/install/erc_gazebo_sensors_py/share/erc_gazebo_sensors_py/package.ps1'
[2.027s] INFO:colcon.colcon_core.shell:Creating package descriptor '/home/arnavb/erc_ws/src/install/erc_gazebo_sensors_py/share/erc_gazebo_sensors_py/package.dsv'
[2.027s] INFO:colcon.colcon_core.shell:Creating package script '/home/arnavb/erc_ws/src/install/erc_gazebo_sensors_py/share/erc_gazebo_sensors_py/package.sh'
[2.028s] INFO:colcon.colcon_core.shell:Creating package script '/home/arnavb/erc_ws/src/install/erc_gazebo_sensors_py/share/erc_gazebo_sensors_py/package.bash'
[2.028s] INFO:colcon.colcon_core.shell:Creating package script '/home/arnavb/erc_ws/src/install/erc_gazebo_sensors_py/share/erc_gazebo_sensors_py/package.zsh'
[2.028s] Level 1:colcon.colcon_core.environment:create_file_with_runtime_dependencies(/home/arnavb/erc_ws/src/install/erc_gazebo_sensors_py/share/colcon-core/packages/erc_gazebo_sensors_py)
[2.046s] Level 1:colcon.colcon_core.environment:checking '/home/arnavb/erc_ws/src/install/erc_trajectory_server' for CMake module files
[2.046s] DEBUG:colcon.colcon_core.event_handler.log_command:Invoked command in '/home/arnavb/erc_ws/src/erc_trajectory_server' returned '0': DEBUGINFOD_URLS=https://debuginfod.ubuntu.com PYTHONPATH=/home/arnavb/erc_ws/src/build/erc_trajectory_server/prefix_override:/usr/lib/python3/dist-packages/colcon_core/task/python/colcon_distutils_commands:/home/arnavb/erc_ws/src/install/erc_trajectory_server/lib/python3.12/site-packages:${PYTHONPATH} /usr/bin/python3 -W ignore:setup.py install is deprecated -W ignore:easy_install command is deprecated setup.py egg_info --egg-base ../build/erc_trajectory_server build --build-base /home/arnavb/erc_ws/src/build/erc_trajectory_server/build install --record /home/arnavb/erc_ws/src/build/erc_trajectory_server/install.log --single-version-externally-managed install_data
[2.047s] Level 1:colcon.colcon_core.environment:checking '/home/arnavb/erc_ws/src/install/erc_trajectory_server' for CMake config files
[2.048s] Level 1:colcon.colcon_core.environment:checking '/home/arnavb/erc_ws/src/install/erc_trajectory_server/lib'
[2.048s] Level 1:colcon.colcon_core.environment:checking '/home/arnavb/erc_ws/src/install/erc_trajectory_server/bin'
[2.048s] Level 1:colcon.colcon_core.environment:checking '/home/arnavb/erc_ws/src/install/erc_trajectory_server/lib/pkgconfig/erc_trajectory_server.pc'
[2.048s] Level 1:colcon.colcon_core.environment:checking '/home/arnavb/erc_ws/src/install/erc_trajectory_server/lib/python3.12/site-packages'
[2.048s] Level 1:colcon.colcon_core.shell:create_environment_hook('erc_trajectory_server', 'pythonpath')
[2.049s] INFO:colcon.colcon_core.shell:Creating environment hook '/home/arnavb/erc_ws/src/install/erc_trajectory_server/share/erc_trajectory_server/hook/pythonpath.ps1'
[2.049s] INFO:colcon.colcon_core.shell:Creating environment descriptor '/home/arnavb/erc_ws/src/install/erc_trajectory_server/share/erc_trajectory_server/hook/pythonpath.dsv'
[2.050s] INFO:colcon.colcon_core.shell:Creating environment hook '/home/arnavb/erc_ws/src/install/erc_trajectory_server/share/erc_trajectory_server/hook/pythonpath.sh'
[2.050s] Level 1:colcon.colcon_core.environment:checking '/home/arnavb/erc_ws/src/install/erc_trajectory_server/bin'
[2.050s] Level 1:colcon.colcon_core.environment:create_environment_scripts_only(erc_trajectory_server)
[2.051s] INFO:colcon.colcon_core.shell:Creating package script '/home/arnavb/erc_ws/src/install/erc_trajectory_server/share/erc_trajectory_server/package.ps1'
[2.051s] INFO:colcon.colcon_core.shell:Creating package descriptor '/home/arnavb/erc_ws/src/install/erc_trajectory_server/share/erc_trajectory_server/package.dsv'
[2.052s] INFO:colcon.colcon_core.shell:Creating package script '/home/arnavb/erc_ws/src/install/erc_trajectory_server/share/erc_trajectory_server/package.sh'
[2.052s] INFO:colcon.colcon_core.shell:Creating package script '/home/arnavb/erc_ws/src/install/erc_trajectory_server/share/erc_trajectory_server/package.bash'
[2.052s] INFO:colcon.colcon_core.shell:Creating package script '/home/arnavb/erc_ws/src/install/erc_trajectory_server/share/erc_trajectory_server/package.zsh'
[2.053s] Level 1:colcon.colcon_core.environment:create_file_with_runtime_dependencies(/home/arnavb/erc_ws/src/install/erc_trajectory_server/share/colcon-core/packages/erc_trajectory_server)
[2.062s] Level 1:colcon.colcon_core.environment:checking '/home/arnavb/erc_ws/src/install/mogi_trajectory_server' for CMake module files
[2.062s] DEBUG:colcon.colcon_core.event_handler.log_command:Invoked command in '/home/arnavb/erc_ws/src/mogi_trajectory_server' returned '0': DEBUGINFOD_URLS=https://debuginfod.ubuntu.com PYTHONPATH=/home/arnavb/erc_ws/src/build/mogi_trajectory_server/prefix_override:/usr/lib/python3/dist-packages/colcon_core/task/python/colcon_distutils_commands:/home/arnavb/erc_ws/src/install/mogi_trajectory_server/lib/python3.12/site-packages:${PYTHONPATH} /usr/bin/python3 -W ignore:setup.py install is deprecated -W ignore:easy_install command is deprecated setup.py egg_info --egg-base ../build/mogi_trajectory_server build --build-base /home/arnavb/erc_ws/src/build/mogi_trajectory_server/build install --record /home/arnavb/erc_ws/src/build/mogi_trajectory_server/install.log --single-version-externally-managed install_data
[2.063s] Level 1:colcon.colcon_core.environment:checking '/home/arnavb/erc_ws/src/install/mogi_trajectory_server' for CMake config files
[2.063s] Level 1:colcon.colcon_core.environment:checking '/home/arnavb/erc_ws/src/install/mogi_trajectory_server/lib'
[2.063s] Level 1:colcon.colcon_core.environment:checking '/home/arnavb/erc_ws/src/install/mogi_trajectory_server/bin'
[2.063s] Level 1:colcon.colcon_core.environment:checking '/home/arnavb/erc_ws/src/install/mogi_trajectory_server/lib/pkgconfig/mogi_trajectory_server.pc'
[2.063s] Level 1:colcon.colcon_core.environment:checking '/home/arnavb/erc_ws/src/install/mogi_trajectory_server/lib/python3.12/site-packages'
[2.063s] Level 1:colcon.colcon_core.shell:create_environment_hook('mogi_trajectory_server', 'pythonpath')
[2.064s] INFO:colcon.colcon_core.shell:Creating environment hook '/home/arnavb/erc_ws/src/install/mogi_trajectory_server/share/mogi_trajectory_server/hook/pythonpath.ps1'
[2.064s] INFO:colcon.colcon_core.shell:Creating environment descriptor '/home/arnavb/erc_ws/src/install/mogi_trajectory_server/share/mogi_trajectory_server/hook/pythonpath.dsv'
[2.064s] INFO:colcon.colcon_core.shell:Creating environment hook '/home/arnavb/erc_ws/src/install/mogi_trajectory_server/share/mogi_trajectory_server/hook/pythonpath.sh'
[2.065s] Level 1:colcon.colcon_core.environment:checking '/home/arnavb/erc_ws/src/install/mogi_trajectory_server/bin'
[2.065s] Level 1:colcon.colcon_core.environment:create_environment_scripts_only(mogi_trajectory_server)
[2.065s] INFO:colcon.colcon_core.shell:Creating package script '/home/arnavb/erc_ws/src/install/mogi_trajectory_server/share/mogi_trajectory_server/package.ps1'
[2.066s] INFO:colcon.colcon_core.shell:Creating package descriptor '/home/arnavb/erc_ws/src/install/mogi_trajectory_server/share/mogi_trajectory_server/package.dsv'
[2.066s] INFO:colcon.colcon_core.shell:Creating package script '/home/arnavb/erc_ws/src/install/mogi_trajectory_server/share/mogi_trajectory_server/package.sh'
[2.066s] INFO:colcon.colcon_core.shell:Creating package script '/home/arnavb/erc_ws/src/install/mogi_trajectory_server/share/mogi_trajectory_server/package.bash'
[2.066s] INFO:colcon.colcon_core.shell:Creating package script '/home/arnavb/erc_ws/src/install/mogi_trajectory_server/share/mogi_trajectory_server/package.zsh'
[2.067s] Level 1:colcon.colcon_core.environment:create_file_with_runtime_dependencies(/home/arnavb/erc_ws/src/install/mogi_trajectory_server/share/colcon-core/packages/mogi_trajectory_server)
[2.069s] Level 1:colcon.colcon_core.environment:checking '/home/arnavb/erc_ws/src/install/erc_ros2_simple_arm_py' for CMake module files
[2.069s] DEBUG:colcon.colcon_core.event_handler.log_command:Invoked command in '/home/arnavb/erc_ws/src/erc_ros2_simple_arm_py' returned '0': DEBUGINFOD_URLS=https://debuginfod.ubuntu.com PYTHONPATH=/home/arnavb/erc_ws/src/build/erc_ros2_simple_arm_py/prefix_override:/usr/lib/python3/dist-packages/colcon_core/task/python/colcon_distutils_commands:/home/arnavb/erc_ws/src/install/erc_ros2_simple_arm_py/lib/python3.12/site-packages:${PYTHONPATH} /usr/bin/python3 -W ignore:setup.py install is deprecated -W ignore:easy_install command is deprecated setup.py egg_info --egg-base ../build/erc_ros2_simple_arm_py build --build-base /home/arnavb/erc_ws/src/build/erc_ros2_simple_arm_py/build install --record /home/arnavb/erc_ws/src/build/erc_ros2_simple_arm_py/install.log --single-version-externally-managed install_data
[2.070s] Level 1:colcon.colcon_core.environment:checking '/home/arnavb/erc_ws/src/install/erc_ros2_simple_arm_py' for CMake config files
[2.070s] Level 1:colcon.colcon_core.environment:checking '/home/arnavb/erc_ws/src/install/erc_ros2_simple_arm_py/lib'
[2.071s] Level 1:colcon.colcon_core.environment:checking '/home/arnavb/erc_ws/src/install/erc_ros2_simple_arm_py/bin'
[2.071s] Level 1:colcon.colcon_core.environment:checking '/home/arnavb/erc_ws/src/install/erc_ros2_simple_arm_py/lib/pkgconfig/erc_ros2_simple_arm_py.pc'
[2.071s] Level 1:colcon.colcon_core.environment:checking '/home/arnavb/erc_ws/src/install/erc_ros2_simple_arm_py/lib/python3.12/site-packages'
[2.071s] Level 1:colcon.colcon_core.shell:create_environment_hook('erc_ros2_simple_arm_py', 'pythonpath')
[2.071s] INFO:colcon.colcon_core.shell:Creating environment hook '/home/arnavb/erc_ws/src/install/erc_ros2_simple_arm_py/share/erc_ros2_simple_arm_py/hook/pythonpath.ps1'
[2.072s] INFO:colcon.colcon_core.shell:Creating environment descriptor '/home/arnavb/erc_ws/src/install/erc_ros2_simple_arm_py/share/erc_ros2_simple_arm_py/hook/pythonpath.dsv'
[2.072s] INFO:colcon.colcon_core.shell:Creating environment hook '/home/arnavb/erc_ws/src/install/erc_ros2_simple_arm_py/share/erc_ros2_simple_arm_py/hook/pythonpath.sh'
[2.073s] Level 1:colcon.colcon_core.environment:checking '/home/arnavb/erc_ws/src/install/erc_ros2_simple_arm_py/bin'
[2.073s] Level 1:colcon.colcon_core.environment:create_environment_scripts_only(erc_ros2_simple_arm_py)
[2.074s] INFO:colcon.colcon_core.shell:Creating package script '/home/arnavb/erc_ws/src/install/erc_ros2_simple_arm_py/share/erc_ros2_simple_arm_py/package.ps1'
[2.074s] INFO:colcon.colcon_core.shell:Creating package descriptor '/home/arnavb/erc_ws/src/install/erc_ros2_simple_arm_py/share/erc_ros2_simple_arm_py/package.dsv'
[2.075s] INFO:colcon.colcon_core.shell:Creating package script '/home/arnavb/erc_ws/src/install/erc_ros2_simple_arm_py/share/erc_ros2_simple_arm_py/package.sh'
[2.075s] INFO:colcon.colcon_core.shell:Creating package script '/home/arnavb/erc_ws/src/install/erc_ros2_simple_arm_py/share/erc_ros2_simple_arm_py/package.bash'
[2.076s] INFO:colcon.colcon_core.shell:Creating package script '/home/arnavb/erc_ws/src/install/erc_ros2_simple_arm_py/share/erc_ros2_simple_arm_py/package.zsh'
[2.076s] Level 1:colcon.colcon_core.environment:create_file_with_runtime_dependencies(/home/arnavb/erc_ws/src/install/erc_ros2_simple_arm_py/share/colcon-core/packages/erc_ros2_simple_arm_py)
[2.078s] Level 1:colcon.colcon_core.environment:checking '/home/arnavb/erc_ws/src/install/erc_ros2_navigation_py' for CMake module files
[2.079s] DEBUG:colcon.colcon_core.event_handler.log_command:Invoked command in '/home/arnavb/erc_ws/src/erc_ros2_navigation_py' returned '0': DEBUGINFOD_URLS=https://debuginfod.ubuntu.com PYTHONPATH=/home/arnavb/erc_ws/src/build/erc_ros2_navigation_py/prefix_override:/usr/lib/python3/dist-packages/colcon_core/task/python/colcon_distutils_commands:/home/arnavb/erc_ws/src/install/erc_ros2_navigation_py/lib/python3.12/site-packages:${PYTHONPATH} /usr/bin/python3 -W ignore:setup.py install is deprecated -W ignore:easy_install command is deprecated setup.py egg_info --egg-base ../build/erc_ros2_navigation_py build --build-base /home/arnavb/erc_ws/src/build/erc_ros2_navigation_py/build install --record /home/arnavb/erc_ws/src/build/erc_ros2_navigation_py/install.log --single-version-externally-managed install_data
[2.079s] Level 1:colcon.colcon_core.environment:checking '/home/arnavb/erc_ws/src/install/erc_ros2_navigation_py' for CMake config files
[2.079s] Level 1:colcon.colcon_core.environment:checking '/home/arnavb/erc_ws/src/install/erc_ros2_navigation_py/lib'
[2.079s] Level 1:colcon.colcon_core.environment:checking '/home/arnavb/erc_ws/src/install/erc_ros2_navigation_py/bin'
[2.079s] Level 1:colcon.colcon_core.environment:checking '/home/arnavb/erc_ws/src/install/erc_ros2_navigation_py/lib/pkgconfig/erc_ros2_navigation_py.pc'
[2.080s] Level 1:colcon.colcon_core.environment:checking '/home/arnavb/erc_ws/src/install/erc_ros2_navigation_py/lib/python3.12/site-packages'
[2.080s] Level 1:colcon.colcon_core.shell:create_environment_hook('erc_ros2_navigation_py', 'pythonpath')
[2.080s] INFO:colcon.colcon_core.shell:Creating environment hook '/home/arnavb/erc_ws/src/install/erc_ros2_navigation_py/share/erc_ros2_navigation_py/hook/pythonpath.ps1'
[2.080s] INFO:colcon.colcon_core.shell:Creating environment descriptor '/home/arnavb/erc_ws/src/install/erc_ros2_navigation_py/share/erc_ros2_navigation_py/hook/pythonpath.dsv'
[2.080s] INFO:colcon.colcon_core.shell:Creating environment hook '/home/arnavb/erc_ws/src/install/erc_ros2_navigation_py/share/erc_ros2_navigation_py/hook/pythonpath.sh'
[2.081s] Level 1:colcon.colcon_core.environment:checking '/home/arnavb/erc_ws/src/install/erc_ros2_navigation_py/bin'
[2.081s] Level 1:colcon.colcon_core.environment:create_environment_scripts_only(erc_ros2_navigation_py)
[2.081s] INFO:colcon.colcon_core.shell:Creating package script '/home/arnavb/erc_ws/src/install/erc_ros2_navigation_py/share/erc_ros2_navigation_py/package.ps1'
[2.081s] INFO:colcon.colcon_core.shell:Creating package descriptor '/home/arnavb/erc_ws/src/install/erc_ros2_navigation_py/share/erc_ros2_navigation_py/package.dsv'
[2.081s] INFO:colcon.colcon_core.shell:Creating package script '/home/arnavb/erc_ws/src/install/erc_ros2_navigation_py/share/erc_ros2_navigation_py/package.sh'
[2.082s] INFO:colcon.colcon_core.shell:Creating package script '/home/arnavb/erc_ws/src/install/erc_ros2_navigation_py/share/erc_ros2_navigation_py/package.bash'
[2.082s] INFO:colcon.colcon_core.shell:Creating package script '/home/arnavb/erc_ws/src/install/erc_ros2_navigation_py/share/erc_ros2_navigation_py/package.zsh'
[2.082s] Level 1:colcon.colcon_core.environment:create_file_with_runtime_dependencies(/home/arnavb/erc_ws/src/install/erc_ros2_navigation_py/share/colcon-core/packages/erc_ros2_navigation_py)
[2.083s] Level 1:colcon.colcon_core.environment:checking '/home/arnavb/erc_ws/src/install/assgn' for CMake module files
[2.083s] DEBUG:colcon.colcon_core.event_handler.log_command:Invoked command in '/home/arnavb/erc_ws/src/assgn' returned '0': DEBUGINFOD_URLS=https://debuginfod.ubuntu.com PYTHONPATH=/home/arnavb/erc_ws/src/build/assgn/prefix_override:/usr/lib/python3/dist-packages/colcon_core/task/python/colcon_distutils_commands:/home/arnavb/erc_ws/src/install/assgn/lib/python3.12/site-packages:${PYTHONPATH} /usr/bin/python3 -W ignore:setup.py install is deprecated -W ignore:easy_install command is deprecated setup.py egg_info --egg-base ../build/assgn build --build-base /home/arnavb/erc_ws/src/build/assgn/build install --record /home/arnavb/erc_ws/src/build/assgn/install.log --single-version-externally-managed install_data
[2.084s] Level 1:colcon.colcon_core.environment:checking '/home/arnavb/erc_ws/src/install/assgn' for CMake config files
[2.084s] Level 1:colcon.colcon_core.environment:checking '/home/arnavb/erc_ws/src/install/assgn/lib'
[2.084s] Level 1:colcon.colcon_core.environment:checking '/home/arnavb/erc_ws/src/install/assgn/bin'
[2.084s] Level 1:colcon.colcon_core.environment:checking '/home/arnavb/erc_ws/src/install/assgn/lib/pkgconfig/assgn.pc'
[2.084s] Level 1:colcon.colcon_core.environment:checking '/home/arnavb/erc_ws/src/install/assgn/lib/python3.12/site-packages'
[2.084s] Level 1:colcon.colcon_core.shell:create_environment_hook('assgn', 'pythonpath')
[2.084s] INFO:colcon.colcon_core.shell:Creating environment hook '/home/arnavb/erc_ws/src/install/assgn/share/assgn/hook/pythonpath.ps1'
[2.085s] INFO:colcon.colcon_core.shell:Creating environment descriptor '/home/arnavb/erc_ws/src/install/assgn/share/assgn/hook/pythonpath.dsv'
[2.085s] INFO:colcon.colcon_core.shell:Creating environment hook '/home/arnavb/erc_ws/src/install/assgn/share/assgn/hook/pythonpath.sh'
[2.085s] Level 1:colcon.colcon_core.environment:checking '/home/arnavb/erc_ws/src/install/assgn/bin'
[2.085s] Level 1:colcon.colcon_core.environment:create_environment_scripts_only(assgn)
[2.086s] INFO:colcon.colcon_core.shell:Creating package script '/home/arnavb/erc_ws/src/install/assgn/share/assgn/package.ps1'
[2.086s] INFO:colcon.colcon_core.shell:Creating package descriptor '/home/arnavb/erc_ws/src/install/assgn/share/assgn/package.dsv'
[2.086s] INFO:colcon.colcon_core.shell:Creating package script '/home/arnavb/erc_ws/src/install/assgn/share/assgn/package.sh'
[2.086s] INFO:colcon.colcon_core.shell:Creating package script '/home/arnavb/erc_ws/src/install/assgn/share/assgn/package.bash'
[2.087s] INFO:colcon.colcon_core.shell:Creating package script '/home/arnavb/erc_ws/src/install/assgn/share/assgn/package.zsh'
[2.087s] Level 1:colcon.colcon_core.environment:create_file_with_runtime_dependencies(/home/arnavb/erc_ws/src/install/assgn/share/colcon-core/packages/assgn)
[2.087s] DEBUG:colcon.colcon_parallel_executor.executor.parallel:closing loop
[2.087s] DEBUG:colcon.colcon_parallel_executor.executor.parallel:loop closed
[2.087s] DEBUG:colcon.colcon_parallel_executor.executor.parallel:run_until_complete finished with '0'
[2.087s] DEBUG:colcon.colcon_core.event_reactor:joining thread
[2.095s] INFO:colcon.colcon_core.plugin_system:Skipping extension 'colcon_notification.desktop_notification.terminal_notifier': Not used on non-Darwin systems
[2.095s] INFO:colcon.colcon_core.plugin_system:Skipping extension 'colcon_notification.desktop_notification.win32': Not used on non-Windows systems
[2.095s] INFO:colcon.colcon_notification.desktop_notification:Sending desktop notification using 'notify2'
[2.104s] DEBUG:colcon.colcon_core.event_reactor:joined thread
[2.105s] INFO:colcon.colcon_core.shell:Creating prefix script '/home/arnavb/erc_ws/src/install/local_setup.ps1'
[2.105s] INFO:colcon.colcon_core.shell:Creating prefix util module '/home/arnavb/erc_ws/src/install/_local_setup_util_ps1.py'
[2.106s] INFO:colcon.colcon_core.shell:Creating prefix chain script '/home/arnavb/erc_ws/src/install/setup.ps1'
[2.107s] INFO:colcon.colcon_core.shell:Creating prefix script '/home/arnavb/erc_ws/src/install/local_setup.sh'
[2.107s] INFO:colcon.colcon_core.shell:Creating prefix util module '/home/arnavb/erc_ws/src/install/_local_setup_util_sh.py'
[2.107s] INFO:colcon.colcon_core.shell:Creating prefix chain script '/home/arnavb/erc_ws/src/install/setup.sh'
[2.108s] INFO:colcon.colcon_core.shell:Creating prefix script '/home/arnavb/erc_ws/src/install/local_setup.bash'
[2.108s] INFO:colcon.colcon_core.shell:Creating prefix chain script '/home/arnavb/erc_ws/src/install/setup.bash'
[2.109s] INFO:colcon.colcon_core.shell:Creating prefix script '/home/arnavb/erc_ws/src/install/local_setup.zsh'
[2.109s] INFO:colcon.colcon_core.shell:Creating prefix chain script '/home/arnavb/erc_ws/src/install/setup.zsh'
